AC_AIR_CONDITION_WORK_MODE	1077936141
AC_AIR_QUAL_CTRL_MENU_STATE	84724
AC_AUTOMATIC_BUTTON_TURNED_OFF	1127219240
AC_AUTO_CLEAN_AIR	1301291046
AC_AUTO_CLEAN_AIR_SET	1337982992
AC_CMD_AC_DEFROST_5S_ONLINE	1128267776
AC_CMD_OTA_SUB_BATTERY_TEMPRATURE	1150287912
AC_COMM_INFO_OF_WORK_MODE	1178603572
AC_COMPRESSOR_MANUAL_SIGN	1077936138
AC_COMPRESSOR_MODE	1077936137
AC_COMPRESSOR_MODE_SET	501219344
AC_COOL_HOT_SIGNAL_SET	1337983008
AC_CTRL_MODE	1077936146
AC_CTRL_MODE_SET	501219352
AC_CTRL_SOURCE_REAR_SET	1337983012
AC_CTRL_SOURCE_SET	501219349
AC_CURRENT_PERFUME_TYPE	1242562571
AC_CURRENT_PERFUME_TYPE_SET	1324556331
AC_CYCLE_MODE	1077936148
AC_CYCLE_MODE_SET	501219355
AC_DEFROST_FRONT_STATE	1077936150
AC_DEFROST_FRONT_STATE_SET	501219362
AC_DEFROST_REAR_CONFIG	1128267832
AC_DEFROST_REAR_STATE	1128267825
AC_DEFROST_REAR_STATE_SET	501219357
AC_DMS_MODE_FEEDBAEK	229638190
AC_FAULT_NUM_SHOWN_STATE	1077936192
AC_FIRST_PERFUME_INSTALLATION_STATUS	1242562612
AC_HAS_AC_AUTO_MODE	-846192616
AC_HAS_AC_DEFROST	57425
AC_HAS_AC_REMOTE_CTRL	-1019215822
AC_HAS_PERFUME_CONFIGURATION	1242562611
AC_HIGH_TEMP_ANTIVIRUS_COUNT_DOWN	1033895992
AC_HIGH_TEMP_ANTIVIRUS_STATE	1033895988
AC_KEY_ACTION_STATE	1077936162
AC_MAX_COOLING_STATE	1314914324
AC_MAX_COOLING_STATE_SET	1337983004
AC_ONLINE_STATE	1077936128
AC_PERFUME_CONCENTRATION_FEEDBACK	1242562568
AC_PERFUME_WORKING_STATE_SET	1324556328
AC_POP_REQUEST_ENGINE_DIALOG	1314914320
AC_POWER_STATE	1077936144
AC_POWER_STATE_SET	501219364
AC_PROMPT_BOX_SHOWN_STATE	1077936160
AC_PTC_PREHEAT_SIGNAL	1314914342
AC_PTC_STATE	766509068
AC_PURIFICATION_FUNCTION_PEOMPT_SET	1311768591
AC_QUICK_CLEAN_AIR	1033895944
AC_QUICK_CLEAN_AIR_3DA_ONLINE	1033895936
AC_QUICK_CLEAN_AIR_443_ONLINE	1003520
AC_QUICK_CLEAN_AIR_SET	1330642960
AC_QUICK_CLEAN_AIR_TIP	1033895946
AC_QUICK_CLEAN_AIR_TIP_hal_only	1258291258
AC_QUIT_DMS_MODE	229638192
AC_QUR_ALL_STATUS	-1728053173
AC_REAR_CONTROL_PANEL_FLAG	1058013192
AC_REAR_COOL_HOT_SIGNAL_SET	1337983010
AC_REAR_CTRL_MODE	1218445326
AC_REAR_CTRL_MODE_SET	1337982990
AC_REAR_KEY_LOCK_FUNCTION	1127219218
AC_REAR_LOCK_STATE	1314914326
AC_REAR_LOCK_STATE_SET	1337983006
AC_REAR_MAX_WIND_LEVEL	1127219220
AC_REAR_NOT_AVAILABLE_MENU	1058013195
AC_REAR_PANEL_3F1_ONLINE	1058013184
AC_REAR_PANEL_408_ONLINE	1082130440
AC_REAR_PANEL_LOCK	1058013193
AC_REAR_PANEL_LOCK_HINT	1058013200
AC_REAR_PANEL_LOCK_SET	1337983020
AC_REAR_POWER_STATE	1218445324
AC_REAR_POWER_STATE_SET	1337982988
AC_REAR_WIND_LEVEL	1218445320
AC_REAR_WIND_LEVEL_SET	1337982984
AC_REAR_WIND_MODE	1218445336
AC_REAR_WIND_MODE_SET	1337983000
AC_REMOTE_CTRL_TIME	1128267826
AC_REMOTE_CTRL_TIME_SET	1307574336
AC_RESET_SET	1043333168
AC_SECOND_PERFUME_INSTALLATION_STATUS	1242562614
AC_SMART_PARTITION_CONFIGURATION_STATUS	1301291026
AC_START_ENGINE_ITEM_SET	1337983016
AC_TEMPCTRL_SEPARATE_STATE	1077936164
AC_TEMPCTRL_SEPARATE_STATE_SET	501219346
AC_TEMPERATURE_UNIT	1077936167
AC_TEMPERATURE_UNIT_SET	501219392
AC_TEMP_DEPUTY	1077936176
AC_TEMP_DEPUTY_SET	501219376
AC_TEMP_MAIN	1077936168
AC_TEMP_MAIN_SET	501219368
AC_TEMP_OUT	1077936184
AC_TEMP_REAR	1218445328
AC_TEMP_REAR_SET	501219384
AC_THE_FIRST_PERFUME	875606
AC_THE_FIRST_PERFUME_NAME	1242562632
AC_THE_FIRST_PERFUME_SURPLUS	1242562584
AC_THE_FIRST_PERFUME_SURPLUS_ALERT	1242562591
AC_THE_SECOND_PERFUME	796741
AC_THE_SECOND_PERFUME_NAME	1242562696
AC_THE_SECOND_PERFUME_SURPLUS	1242562592
AC_THE_SECOND_PERFUME_SURPLUS_ALERT	1242562599
AC_THE_THIRD_PERFUME	1242562620
AC_THE_THIRD_PERFUME_NAME	1242562760
AC_THE_THIRD_PERFUME_SURPLUS	1242562600
AC_THE_THIRD_PERFUME_SURPLUS_ALERT	1242562607
AC_THIRD_PERFUME_INSTALLATION_STATUS	1242562616
AC_TUNNEL_ACCESS_MARK_SET	501219398
AC_TUNNEL_LENGTH_FORWARD_SET	1324437544
AC_TYPE	1127219228
AC_VENTILATION_STATE	1314914314
AC_VENTILATION_STATE_SET	501219394
AC_VOICE_CMD_RESULT	766509084
AC_WARM_STATE	1314914364
AC_WARM_STATE_SET	1337983018
AC_WARM_TYPE_FLAG	1127219232
AC_WHETHER_DMS_MODE	229638178
AC_WINDLEVEL_MANUAL_SIGN	1077936140
AC_WINDMODE_MANUAL_SIGN	1077936139
AC_WINDMODE_SHOWN_STATE	620815
AC_WIND_LEVEL	1077936156
AC_WIND_LEVEL_SET	501219340
AC_WIND_MODE	1077936152
AC_WIND_MODE_NUM	1127219230
AC_WIND_MODE_SET	501219336
ADAS_ABS_ACTIVE	304087077
ADAS_ACUTE_WARNING_STATE	852492331
ADAS_AEB_ACTIVE	303038502
ADAS_AEB_ERROR	852492322
ADAS_AEB_STATE	852492332
ADAS_AEB_STATE_SET	944767020
ADAS_APA_MODULE_FACTOR	832577552
ADAS_AVH_STATE	304087110
ADAS_AVH_STATE_SET	944766986
ADAS_AVM_APA_ABORT_REASON	487587859
ADAS_AVM_APA_ACTIVE	487587872
ADAS_AVM_APA_AUTOSEARCH_STATE	487587856
ADAS_AVM_APA_INTERACTIVE_HINT	487587852
ADAS_AVM_APA_INTERACTIVE_HINT_BS	832573488
ADAS_AVM_APA_KEY	1250951188
ADAS_AVM_APA_SUPPORTED	487587894
ADAS_AVM_APA_SUSPEND	487587848
ADAS_AVM_APA_SWITCH	487587878
ADAS_AVM_APA_SWITCH_SET	944767002
ADAS_BROADCAST_AFTER_GET_ACCSIGNAL	852492323
ADAS_BROADCAST_AFTER_GET_ICCSIGNAL	700448784
ADAS_BSD_CONFIG	1160773644
ADAS_BSD_STATE	1098907656
ADAS_BSD_STATE_HAL	1098907672
ADAS_BSD_STATE_SET	944767024
ADAS_BSD_STATIC_CALIBRATION_SET	944767026
ADAS_CMD_ADAS_ESP_KEY	1250951194
ADAS_CMD_ADAS_ESP_ONLINE	305135616
ADAS_CMD_ADAS_HDC_KEY	1250951222
ADAS_CMD_BRAKE_FOOT_SENSE	305135629
ADAS_CMD_BRAKE_FOOT_SENSE_SET	944766988
ADAS_CMD_CST_ONLINE	223346718
ADAS_CMD_CST_SWITCH	223346712
ADAS_CMD_CST_SWITCH_SET	944767000
ADAS_CMD_HDC_ONLINE	223346707
ADAS_CMD_HDC_STATE	305135665
ADAS_CMD_HDC_SWITCH_SET	944766998
ADAS_DOW_CONFIG	1160773643
ADAS_DOW_STATE_SET	944766994
ADAS_DOW_SWITCH_STATE	1098907678
ADAS_DOW_WARN_LEFT	1098907680
ADAS_DOW_WARN_RIGHT	1098907682
ADAS_DRIVE_RESET_SET	1043333184
ADAS_DS_CONFIG	1126170646
ADAS_EBD_ACTIVE	304087076
ADAS_EBD_FAILURE	304087078
ADAS_ECTB_STATE_SET	944767006
ADAS_ELKA_CONFIG	1126170647
ADAS_ELKA_SWITCH_SET	944767046
ADAS_ELKA_SWITCH_STATE	854589482
ADAS_ESP_ACTIVE_STATE	305135677
ADAS_ESP_STATE	305135676
ADAS_ESP_STATE_SET	944766984
ADAS_FATIGUE_MONITOR_STATUS_SET	503316504
ADAS_FCTA_CONFIG	1126170648
ADAS_FCTA_SWITCH_SET	1324560400
ADAS_FCTA_SWITCH_STATUS	748683276
ADAS_FCTB_CONFIG	1126170649
ADAS_FCTB_SWITCH_SET	1324560402
ADAS_FCTB_SWITCH_STATUS	748683278
ADAS_FCW_BRAK_ERROR	852492329
ADAS_FCW_CONFIG	1126170656
ADAS_FCW_ERROR	852492328
ADAS_FCW_LEVEL_SET	1324560420
ADAS_FCW_LEVEL_STATUS	327155720
ADAS_FCW_LEVEL_STATUS_HAL	852492333
ADAS_HAS2_ACC	1126170632
ADAS_HAS2_AEB	1126170633
ADAS_HAS2_FCW	1126170634
ADAS_HAS2_HMA	1126170635
ADAS_HAS2_LDW	1126170636
ADAS_HAS2_LKS	1126170637
ADAS_HAS2_SLA	1126170638
ADAS_HAS2_TJA	1126170639
ADAS_HAS_AEB	854373
ADAS_HAS_AVH	839909432
ADAS_HAS_BSD	1098907648
ADAS_HAS_ESP	839909434
ADAS_HAS_HMA	395092
ADAS_HAS_LDSW	1126170644
ADAS_HAS_LKS_MODE	735173
ADAS_HAS_LKS_SENSITIVITY	110857
ADAS_HAS_PCW	867871
ADAS_HAS_SLA	768645
ADAS_HAS_TJA_ICA_BUTTON	1126170645
ADAS_HMA_STATE	828375048
ADAS_HMA_STATE_HAL	725614600
ADAS_HMA_STATE_SET	944767008
ADAS_HNP_CONFIG	1126170651
ADAS_HNP_SWITCH_SET	1324560406
ADAS_HNP_SWITCH_STATE	700448824
ADAS_IBOOSTER_STATE	854616
ADAS_IBOOSTER_STATE_SET	944766988
ADAS_ILCA_CONFIG	1126170652
ADAS_ILCA_SWITCH_SET	1324560404
ADAS_ILCA_SWITCH_STATE	700448776
ADAS_ISLA_CONFIG	1126170654
ADAS_ISLA_SWITCH_SET	944767044
ADAS_ISLA_SWITCH_STATUS_5R13V	760217615
ADAS_ISLA_SWITCH_STATUS_5R1V_HAL	725614616
ADAS_ISLC_SWITCH_SET	1324560408
ADAS_ISLC_SWITCH_STATUS_5R13V	760217611
ADAS_ISLC_SWITCH_STATUS_5R1V_HAL	854589481
ADAS_IVI_STATE_SET	503316547
ADAS_LANE_OFFSET_KEY	1250951184
ADAS_LDSW_TYPE	828375096
ADAS_LDSW_TYPE_SET	944767022
ADAS_LDW_STATIC_CALIBRATION_SET	944767027
ADAS_LEFT_LINE_TRACKING_STATUS	828375052
ADAS_LKS_LDWS_RESET_SET	1043333185
ADAS_LKS_MODE	828375054
ADAS_LKS_MODE_SET	944767016
ADAS_LKS_SENSITIVITY	828375056
ADAS_LKS_SENSITIVITY_SET	944767012
ADAS_PARKING_TYPE_SELECTION	832573484
ADAS_PCW_LATENT_WARNING	852492313
ADAS_PCW_PRE_WARNING	852492312
ADAS_PCW_STATE	852492314
ADAS_PCW_STATE_SET	944767014
ADAS_PEB_STATUS_SIGNAL	832573486
ADAS_PEB_SUPPORTED	487587898
ADAS_RCTA_STATE_SET	944766990
ADAS_RCW_CONFIG	1160773642
ADAS_RCW_STATE_SET	944766992
ADAS_RCW_SWITCH_STATE	1098907676
ADAS_REVERSING_RADAR_SYS_STATE	832573460
ADAS_RIGHT_LINE_TRACKING_STATUS	828375082
ADAS_RTCA_CONFIG	1160773640
ADAS_RTCA_SWITCH_STATE	1098907674
ADAS_RTCB_CONFIG	1160773641
ADAS_RTCB_SWITCH_STATE	1098907688
ADAS_SAFETY_RESET_SET	1043333183
ADAS_SDW_STATE	832573458
ADAS_SDW_STATUS_FEEDBACK	832573498
ADAS_SLA_STATE	828375077
ADAS_SLA_STATE_1	725614605
ADAS_SLA_STATE_2	760217608
ADAS_SLA_STATE_SET	944767010
ADAS_SLR_ISLA_CONFIG	1126170650
ADAS_SLR_STATUS_5R13V	760217624
ADAS_SLR_STATUS_5R1V_HAL	725614620
ADAS_SLR_STATUS_SET	944767040
ADAS_TCS_ACTIVE	304087094
ADAS_TJA_ICA_STATE	828375084
ADAS_TJA_ICA_SWITCH_SET	944766996
ADAS_TLA_CONFIG	1126170653
ADAS_TLA_SWITCH_SET	1324560410
ADAS_TLA_SWITCH_STATUS_5R13V	760217640
ADAS_TLA_SWITCH_STATUS_5R1V_HAL	725614632
ADAS_UNP_CONFIG	1126170658
ADAS_UNP_SWITCH_SET	1324560412
ADAS_UNP_SWITCH_STATE	700448826
ADAS_VDC_ACTIVE	304087108
ADAS_VOICE_WARN_STATE	962592810
AUDIO_ADJ_VOLUME_WITH_SPEED	-808452080
AUDIO_ADJ_VOLUME_WITH_SPEED_SET	-1676673008
AUDIO_AMPLIFIER_CONFIG	1339031600
AUDIO_ANC_CONFIG	-1728052842
AUDIO_ANC_SOUND_SOURCE_SET_SET	454033461
AUDIO_ANC_SOUND_SOURCE_STATE	1281359909
AUDIO_ARAOKE_MODE_SET	1309224976
AUDIO_ARMREST_SCREEN_SINGER_NAME_SET	1140396040
AUDIO_AUX_STATE	58916
AUDIO_AVAS_SOUND_SOURCE_SET_SET	454033469
AUDIO_AVAS_SOUND_SOURCE_STATE	1281359917
AUDIO_AVAS_SOURCE_TYPE	-1728052894
AUDIO_BALANCE_RESET_SET	1043333187
AUDIO_BASS_SET_SET	454033448
AUDIO_BASS_SET_STATE	1281359896
AUDIO_BD_SOUND_SOURCE_SET_SET	470810662
AUDIO_BD_SOUND_SOURCE_STATE	1339031582
AUDIO_CHANNEL	1108344872
AUDIO_CHANNEL_SET	1309216784
AUDIO_CHANNLE_WITH_MUTE_STATE_SET	-1442840290
AUDIO_CMD_ARKAMYS_SOUNDSTAGE_MODE	1118830613
AUDIO_CMD_ARKAMYS_SOUNDSTAGE_MODE_SET	1309061136
AUDIO_CMD_ARKAMYS_SOUNDSTAGE_WOOFER	1118830606
AUDIO_CMD_ARKAMYS_SOUNDSTAGE_WOOFER_SET	1309061152
AUDIO_CMD_BEAM_FORM	1118830621
AUDIO_CMD_BEAM_FORM_SET	1309073424
AUDIO_CONTROL_IFLYTEK_SET	1309147152
AUDIO_DIRAC_LIVE	1108344862
AUDIO_DIRAC_LIVE_SET	1309057040
AUDIO_DIRAC_LIVE_STAGE	1108344860
AUDIO_DIRAC_LIVE_STAGE_SET	1309343760
AUDIO_DMS_ALERT_SET	-1442840232
AUDIO_DYNAUDIO_SOUNDFIELD_FOCUS_RESET_SET	470810637
AUDIO_DYNAUDIO_SOUND_FEATURES	-866123768
AUDIO_DYNAUDIO_SOUND_FEATURES_SET	-1693450216
AUDIO_DYNAUDIO_SOUND_RESET_IVI_SET	454033476
AUDIO_DYNAUDIO_SOUND_RESET_SET	-1693450172
AUDIO_DYNA_VERSION	-1728052893
AUDIO_EQUALIZER_FREQUENCY_1	1108344874
AUDIO_EQUALIZER_FREQUENCY_1_SET	1309040656
AUDIO_EQUALIZER_FREQUENCY_2	1108344879
AUDIO_EQUALIZER_FREQUENCY_2_SET	1309040664
AUDIO_EQUALIZER_FREQUENCY_3	1108344884
AUDIO_EQUALIZER_FREQUENCY_3_SET	1309040672
AUDIO_EQUALIZER_FREQUENCY_4	1108344889
AUDIO_EQUALIZER_FREQUENCY_4_SET	1309040680
AUDIO_EQUALIZER_FREQUENCY_5	1108344894
AUDIO_EQUALIZER_FREQUENCY_5_SET	1309040688
AUDIO_EQ_RESET_SET	1043333186
AUDIO_EXTERIOR_SPEAKER_SWITCH_SET	470810638
AUDIO_FM_REINIT_STATE	250058
AUDIO_FM_SOURCE_JUDGMENT_SET	1138753588
AUDIO_FRONT_BACK_FIELD_SET_SET	470810632
AUDIO_FRONT_BACK_FIELD_STATE	1281359920
AUDIO_HAS_ARKAMYS_SOUNDSTAGE_MODE	-1028653035
AUDIO_HAS_DIRAC_LIVE_STAGE	-1039138788
AUDIO_HAS_EXTERNAL_FM_CHIP	-1728052895
AUDIO_IFLYTEK_FUNCTION_MODE	1111490568
AUDIO_IFLYTEK_FUNCTION_MODE_SET	1309151248
AUDIO_IFLYTEK_WORK_MODE	1111490571
AUDIO_IFLYTEK_WORK_MODE_SET	1309155344
AUDIO_INITIALIZATION_STATUS	1281359934
AUDIO_INS_SOUND_SOURCE_SET_SET	454033477
AUDIO_INS_SOUND_SOURCE_STATE	1281359925
AUDIO_KARA_OK_EQ1	1118830608
AUDIO_KARA_OK_EQ1_SET	1309052944
AUDIO_KARA_OK_EQ2	1118830616
AUDIO_KARA_OK_EQ2_SET	1309052952
AUDIO_KARA_OK_EQ3	1118830624
AUDIO_KARA_OK_EQ3_SET	1309052960
AUDIO_KSONG_RECEIVER_POWER_ON_OFF	-1728052843
AUDIO_KSONG_RECEIVER_POWER_ON_OFF_SET	-1442840171
AUDIO_LEFT_RIGHT_FIELD_SET_SET	470810653
AUDIO_LEFT_RIGHT_FIELD_SET_STATE	1281359936
AUDIO_LOUDNESS	1108344864
AUDIO_LOUDNESS_SET	1309065232
AUDIO_LOUDSPEAKER_NUM	1108344900
AUDIO_MASTER_VOLUME_SET_SET	470810656
AUDIO_MASTER_VOLUME_STATE	1339031576
AUDIO_MEDIA_AUDIO_WORKING_MODE_SET	1138753600
AUDIO_MEDIA_AUDIO_WORKING_STATE_SET	1138753604
AUDIO_MEDIA_DISPLAY_CONTROL	786432032
AUDIO_MEDIA_INITIALIZATION_STATUS_SET	1138753544
AUDIO_MEDIA_SOUND_MUTE_SET_SET	470810680
AUDIO_MEDIA_SOUND_MUTE_STATE	1339031597
AUDIO_MEDIA_SOUND_SOURCE_SET_SET	454033436
AUDIO_MEDIA_SOUND_SOURCE_STATE	1281359884
AUDIO_MEDIA_SOUND_VOLUME_SUPPRESS_SET	470810672
AUDIO_MEDIA_SOUND_VOLUME_SUPP_STATE	1339031592
AUDIO_MEDIA_SOURCE_ARMREST_SCREEN	589307928
AUDIO_MEDIA_SOURCE_CHANGE	786432028
AUDIO_MIC_AMP_GAIN	1118830600
AUDIO_MIC_AMP_GAIN_SET	1309048848
AUDIO_MIDRANGE_SET_SET	454033456
AUDIO_MIDRANGE_SET_STATE	1281359904
AUDIO_MUSIC_CHANGE_SOURCE	-1728053172
AUDIO_MUSIC_CHANGE_SOURCE_SET	-1442840509
AUDIO_MUTE_STATUS	1108344846
AUDIO_MUTE_STATUS_SET	1309024272
AUDIO_NAVIGATION_VOLUME_SET_SET	470810644
AUDIO_NAVIGATION_VOLUME_STATE	1339031572
AUDIO_NAVIGA_SOUND_SOURCE_SET_SET	454033453
AUDIO_NAVIGA_SOUND_SOURCE_STATE	1281359901
AUDIO_NAVI_MUTE_STATUS	1108344867
AUDIO_NAVI_MUTE_STATUS_SET	1309069328
AUDIO_NAVI_VOLUME	1108344868
AUDIO_NAVI_VOLUME_SET	1309081616
AUDIO_PHONE_VOLUME_SET_SET	470810664
AUDIO_PHONE_VOLUME_STATE	1339031584
AUDIO_PLAY_PROGRESS_SETTING	589307920
AUDIO_PLAY_TIME_HOUR_SET	1309671432
AUDIO_PLAY_TIME_MINUTE_SET	1309671440
AUDIO_PLAY_TIME_SECOND_SET	1309671448
AUDIO_RADAR_SOUND_LF_SET_SET	1138753545
AUDIO_RADAR_SOUND_LF_STATE	1281359935
AUDIO_RADAR_SOUND_LR_SET_SET	1138753598
AUDIO_RADAR_SOUND_LR_STATE	1281359942
AUDIO_RADAR_SOUND_RF_SET_SET	1138753597
AUDIO_RADAR_SOUND_RF_STATE	1281359941
AUDIO_RADAR_SOUND_RR_SET_SET	1138753599
AUDIO_RADAR_SOUND_RR_STATE	1281359943
AUDIO_RADAR_SOUND_SOURCE_SET_SET	454033445
AUDIO_RADAR_SOUND_SOURCE_STATE	1281359893
AUDIO_RADAR_SOUND_VOLUME_SET_SET	454033426
AUDIO_RADAR_SOUND_VOLUME_STATE	1281359928
AUDIO_SOC_NOTIFY_MCU_CONTROL_DSP	939127
AUDIO_SOC_NOTIFY_MCU_CONTROL_DSP_SET	-1442840251
AUDIO_SONG_SWITCH	786432051
AUDIO_SOUND_EFFECT	1108344856
AUDIO_SOUND_EFFECT_SET	1309044752
AUDIO_SOUND_FIELD_CHANGE	-1728053206
AUDIO_SOUND_FIELD_FOCUS_SET_SET	470810648
AUDIO_SOUND_FIELD_FOCUS_STATE	1339031565
AUDIO_SPEAKERS_NUMBER	1339031560
AUDIO_SPECTRUM_FREQ10_SET	774897708
AUDIO_SPECTRUM_FREQ11_SET	774897712
AUDIO_SPECTRUM_FREQ12_SET	774897716
AUDIO_SPECTRUM_FREQ13_SET	774897720
AUDIO_SPECTRUM_FREQ14_SET	774897724
AUDIO_SPECTRUM_FREQ15_SET	774897728
AUDIO_SPECTRUM_FREQ16_SET	774897732
AUDIO_SPECTRUM_FREQ1_SET	774897672
AUDIO_SPECTRUM_FREQ2_SET	774897676
AUDIO_SPECTRUM_FREQ3_SET	774897680
AUDIO_SPECTRUM_FREQ4_SET	774897684
AUDIO_SPECTRUM_FREQ5_SET	774897688
AUDIO_SPECTRUM_FREQ6_SET	774897692
AUDIO_SPECTRUM_FREQ7_SET	774897696
AUDIO_SPECTRUM_FREQ8_SET	774897700
AUDIO_SPECTRUM_FREQ9_SET	774897704
AUDIO_SUBWOOFER_SET_SET	454033440
AUDIO_SUBWOOFER_SET_STATE	1281359888
AUDIO_SUB_FM_VOLUME_SET	-1442840234
AUDIO_TOTAL_TIME_HOUR_SET	1309671456
AUDIO_TOTAL_TIME_MINUTE_SET	1309671464
AUDIO_TOTAL_TIME_SECOND_SET	1309671472
AUDIO_TREBLE_SET_SET	454033464
AUDIO_TREBLE_STATE	1281359912
AUDIO_VOLUME	1108344840
AUDIO_VOLUME_CTRL_MODE	-1728053170
AUDIO_VOLUME_OF_SOUND	786432034
AUDIO_VOLUME_REDUCE_CAR_SET	1309069344
AUDIO_VOLUME_SET	1309020176
AUDIO_VOLUME_SOURCE	681636
AUDIO_X_SOUND_FIELD	1108344848
AUDIO_X_SOUND_FIELD_SET	1309036560
AUDIO_Y_SOUND_FIELD	1108344852
AUDIO_Y_SOUND_FIELD_SET	1309036576
AUTOSERVICE_RECOVRY_NOTICE_BIGDATA	-1442840284
AUTOSERVICE_RECOVRY_NOTICE_GB	-1442840285
AUTOSERVICE_RECOVRY_NOTICE_OTA	-1442840287
AUTOSERVICE_RECOVRY_NOTICE_VHDS	-1442840218
AUTOSERVICE_RECOVRY_NOTICE_YUNCTRL	-1442840286
AUX_CONNECT_STATE	372700
AUX_SIGNAL_STATE	303650
BIGDATA_DYNAMIC_DATA_CALLBACK	-1728053216
BIGDATA_SENT_MONITOR_TABLE_SET	-1442840542
BODYWORK_ALARM_STATE	1150287934
BODYWORK_ALLOWED_STATUS	879755276
BODYWORK_AUTO_ENERGY_TYPE	-1728052985
BODYWORK_AUTO_SYSTEM_STATE	315621421
BODYWORK_AUTO_TYPE	1087373328
BODYWORK_AUTO_VIN	-1728053195
BODYWORK_AUTO_VIN_SET	-1442840538
BODYWORK_BACKDOOR_CURRENT_POSITION	1074790416
BODYWORK_BACKDOOR_INIT_STATUS	1074790428
BODYWORK_BACKDOOR_POSITION_FEEDBACK	1074790456
BODYWORK_BACKDOOR_POSITION_OPEN_HEIGHT_SET	1276211248
BODYWORK_BATTERY_CAPACITY	1146093584
BODYWORK_BATTERY_POWER	1146093576
BODYWORK_BATTERY_SINGLE_NUM	1134559240
BODYWORK_BATTERY_VOLTAGE_LEVEL	1077936194
BODYWORK_BRAKE_PEDAL_STATE	204008
BODYWORK_BT_KEY_CODE	1049600016
BODYWORK_BT_UNLOCK	1048596480
BODYWORK_CAIL_PARAMETER_STATUS	879755274
BODYWORK_CARD_NFC_KEY_STATE	1077100563
BODYWORK_CAR_COLOR	1207971880
BODYWORK_CLOSE_WINDOW_FOR_RAIN	1222639659
BODYWORK_CLOSE_WINDOW_FOR_RAIN_ONLINE	-924843989
BODYWORK_CLOSE_WINDOW_FOR_RAIN_SET	1125122102
BODYWORK_CMD_55_ONLINE	89128960
BODYWORK_DMS_LIFTING_MACHANISM_UP_DOWN_SET	784334870
BODYWORK_DYNA_REWORKABLE_SET	-1442840205
BODYWORK_DYNA_REWORK_STATE	-1728052880
BODYWORK_ELEC_BACKDOOR_MULT_SOFT_KEY_CONTRAL_SET	503316520
BODYWORK_ELEC_SLIDE_ONLINE	-887095278
BODYWORK_ELEC_SLIDE_STATE	1260388370
BODYWORK_ELEC_SLIDE_STATE_SET	1312817213
BODYWORK_EMERGENCY_ALARM_STATE	692060190
BODYWORK_EMERGENCY_ALARM_STATE_SIGN	692060183
BODYWORK_FOUR_DOOR_SET	1276141590
BODYWORK_FUEL_ELEC_LOW_POWER	89128990
BODYWORK_FUEL_TANK_CAP	1336934422
BODYWORK_HOOD	692060188
BODYWORK_LEFT_FRONT_WINDOW	947912760
BODYWORK_LEFT_FRONT_WINDOW_PERMIT	1222639670
BODYWORK_LEFT_HAND_FRONT_DOOR	692060168
BODYWORK_LEFT_HAND_REAR_DOOR	692060172
BODYWORK_LEFT_REAR_WINDOW	947912762
BODYWORK_LEFT_STRUT_MOTOR_RUNNING_STATUS	1074790418
BODYWORK_LF_WINDOW_CTRL_SET	1125122104
BODYWORK_LF_WINDOW_INIT	1222639632
BODYWORK_LF_WINDOW_TARGET_POSITION_SET	1276219408
BODYWORK_LR_DOOR_LOCK_STATUS	1081081868
BODYWORK_LR_WINDOW_CTRL_SET	1125122112
BODYWORK_LR_WINDOW_INIT	1222639634
BODYWORK_LR_WINDOW_TARGET_POSITION_SET	1276219416
BODYWORK_LUGGAGE_DOOR	692060186
BODYWORK_MOON_ROOF	1101004828
BODYWORK_MOON_ROOF_CONFIG	1101004844
BODYWORK_MOON_ROOF_CTL_SET	1125122056
BODYWORK_MOON_ROOF_ONLINE	1101004844
BODYWORK_MOON_ROOF_OPEN_PERCENT	1101004808
BODYWORK_MOON_ROOF_OPEN_PERCENT_SET	1330642976
BODYWORK_NFC_KEY_UNLOCK_CAR_INFORMATION	1077096464
BODYWORK_NFC_KEY_UNLOCK_SRC	1077325856
BODYWORK_ONLINE_359_SUBID_55	975702
BODYWORK_ONLINE_3D9_SUBID_55	1033195520
BODYWORK_ONLINE_480_SUBID_04	1207975936
BODYWORK_ONLINE_4D0_SUBID_04	687963
BODYWORK_ONLINE_HAS_0X043600	1130364928
BODYWORK_ONLINE_HAS_0x00FB00	1021622
BODYWORK_ONLINE_HAS_0x012D00	315621376
BODYWORK_ONLINE_HAS_0x012F00	317718528
BODYWORK_ONLINE_HAS_0x013300	321912832
BODYWORK_ONLINE_HAS_0x013800	327155712
BODYWORK_ONLINE_HAS_0x013F00	334495744
BODYWORK_ONLINE_HAS_0x014400	339738624
BODYWORK_ONLINE_HAS_0x015100	353370112
BODYWORK_ONLINE_HAS_0x015C00	364904448
BODYWORK_ONLINE_HAS_0x01C000	469762048
BODYWORK_ONLINE_HAS_0x01CD00	922914
BODYWORK_ONLINE_HAS_0x01D100	487587840
BODYWORK_ONLINE_HAS_0x022A00	580911104
BODYWORK_ONLINE_HAS_0x023300	590348288
BODYWORK_ONLINE_HAS_0x023500	592445440
BODYWORK_ONLINE_HAS_0x023A00	597688320
BODYWORK_ONLINE_HAS_0x024500	609222656
BODYWORK_ONLINE_HAS_0x024800	612368384
BODYWORK_ONLINE_HAS_0x024A00	614465536
BODYWORK_ONLINE_HAS_0x024C00	616562688
BODYWORK_ONLINE_HAS_0x025D00	634388480
BODYWORK_ONLINE_HAS_0x026100	638582784
BODYWORK_ONLINE_HAS_0x026F00	653262848
BODYWORK_ONLINE_HAS_0x027500	659554304
BODYWORK_ONLINE_HAS_0x028700	678428672
BODYWORK_ONLINE_HAS_0x028800	679477248
BODYWORK_ONLINE_HAS_0x028F00	686817280
BODYWORK_ONLINE_HAS_0x029400	692060160
BODYWORK_ONLINE_HAS_0x029600	694157312
BODYWORK_ONLINE_HAS_0x02A600	710934528
BODYWORK_ONLINE_HAS_0x02B000	721420288
BODYWORK_ONLINE_HAS_0x02B400	725614592
BODYWORK_ONLINE_HAS_0x02C000	738197504
BODYWORK_ONLINE_HAS_0x02C500	743440384
BODYWORK_ONLINE_HAS_0x02D000	754974720
BODYWORK_ONLINE_HAS_0x02D500	760217600
BODYWORK_ONLINE_HAS_0x02FF00	177064
BODYWORK_ONLINE_HAS_0x030D00	818937856
BODYWORK_ONLINE_HAS_0x031000	45700
BODYWORK_ONLINE_HAS_0x031E00	836763648
BODYWORK_ONLINE_HAS_0x032100	839909376
BODYWORK_ONLINE_HAS_0x032300	842006528
BODYWORK_ONLINE_HAS_0x033100	806386
BODYWORK_ONLINE_HAS_0x033400	859832320
BODYWORK_ONLINE_HAS_0x034200	874512384
BODYWORK_ONLINE_HAS_0x034700	879755264
BODYWORK_ONLINE_HAS_0x034800	880803840
BODYWORK_ONLINE_HAS_0x034F00	888143872
BODYWORK_ONLINE_HAS_0x035200	504892
BODYWORK_ONLINE_HAS_0x035901	66585
BODYWORK_ONLINE_HAS_0x035902	208544
BODYWORK_ONLINE_HAS_0x035903	262644
BODYWORK_ONLINE_HAS_0x035904	567612
BODYWORK_ONLINE_HAS_0x035905	299596
BODYWORK_ONLINE_HAS_0x035906	139589
BODYWORK_ONLINE_HAS_0x035911	695052
BODYWORK_ONLINE_HAS_0x035956	430130
BODYWORK_ONLINE_HAS_0x035958	25058
BODYWORK_ONLINE_HAS_0x035959	263059
BODYWORK_ONLINE_HAS_0x03595A	239522
BODYWORK_ONLINE_HAS_0x03595B	146293
BODYWORK_ONLINE_HAS_0x03595C	193148
BODYWORK_ONLINE_HAS_0x03595D	115654
BODYWORK_ONLINE_HAS_0x0359AA	650591
BODYWORK_ONLINE_HAS_0x036E00	920649728
BODYWORK_ONLINE_HAS_0x037F00	938475520
BODYWORK_ONLINE_HAS_0x038A00	950009856
BODYWORK_ONLINE_HAS_0x038B00	951058432
BODYWORK_ONLINE_HAS_0x039400	960495616
BODYWORK_ONLINE_HAS_0x039600	962592768
BODYWORK_ONLINE_HAS_0x039CFF	480756
BODYWORK_ONLINE_HAS_0x03A700	980418560
BODYWORK_ONLINE_HAS_0x03AC00	985661440
BODYWORK_ONLINE_HAS_0x03AD00	986710016
BODYWORK_ONLINE_HAS_0x03B300	993001472
BODYWORK_ONLINE_HAS_0x03B400	994050048
BODYWORK_ONLINE_HAS_0x03BB00	1001390080
BODYWORK_ONLINE_HAS_0x03C100	1007681536
BODYWORK_ONLINE_HAS_0x03C800	1015021568
BODYWORK_ONLINE_HAS_0x03D901	1032851456
BODYWORK_ONLINE_HAS_0x03D902	1032855552
BODYWORK_ONLINE_HAS_0x03D903	1032859648
BODYWORK_ONLINE_HAS_0x03D904	1032863744
BODYWORK_ONLINE_HAS_0x03D905	1032867840
BODYWORK_ONLINE_HAS_0x03D906	1032871936
BODYWORK_ONLINE_HAS_0x03D911	1032916992
BODYWORK_ONLINE_HAS_0x03D956	1033199616
BODYWORK_ONLINE_HAS_0x03D958	1033207808
BODYWORK_ONLINE_HAS_0x03D959	1033211904
BODYWORK_ONLINE_HAS_0x03D95A	1033216000
BODYWORK_ONLINE_HAS_0x03D95B	1033220096
BODYWORK_ONLINE_HAS_0x03D95C	1033224192
BODYWORK_ONLINE_HAS_0x03D95D	1033228288
BODYWORK_ONLINE_HAS_0x03D9AA	1033543680
BODYWORK_ONLINE_HAS_0x040100	1074790400
BODYWORK_ONLINE_HAS_0x040500	1078984704
BODYWORK_ONLINE_HAS_0x040600	854935
BODYWORK_ONLINE_HAS_0x040700	1081081856
BODYWORK_ONLINE_HAS_0x040800	1082130432
BODYWORK_ONLINE_HAS_0x040D00	1087373312
BODYWORK_ONLINE_HAS_0x041200	500223
BODYWORK_ONLINE_HAS_0x041300	324983
BODYWORK_ONLINE_HAS_0x041700	1097859072
BODYWORK_ONLINE_HAS_0x041A00	1101004800
BODYWORK_ONLINE_HAS_0x041C00	1103101952
BODYWORK_ONLINE_HAS_0x041F00	1106247680
BODYWORK_ONLINE_HAS_0x042900	1116733440
BODYWORK_ONLINE_HAS_0x042E00	1121976320
BODYWORK_ONLINE_HAS_0x043200	1126170624
BODYWORK_ONLINE_HAS_0x043300	1127219200
BODYWORK_ONLINE_HAS_0x043400	1128267776
BODYWORK_ONLINE_HAS_0x043800	1132462080
BODYWORK_ONLINE_HAS_0x044700	1148190720
BODYWORK_ONLINE_HAS_0x044F00	1156579328
BODYWORK_ONLINE_HAS_0x045300	1160773632
BODYWORK_ONLINE_HAS_0x046100	1175453696
BODYWORK_ONLINE_HAS_0x046C00	1186988032
BODYWORK_ONLINE_HAS_0x047000	1191190528
BODYWORK_ONLINE_HAS_0x047002	1191190528
BODYWORK_ONLINE_HAS_0x047500	1196425216
BODYWORK_ONLINE_HAS_0x048600	1214251008
BODYWORK_ONLINE_HAS_0x048D00	307243
BODYWORK_ONLINE_HAS_0x048E00	1222639616
BODYWORK_ONLINE_HAS_0x049000	1224736768
BODYWORK_ONLINE_HAS_0x049400	1228931072
BODYWORK_ONLINE_HAS_0x049501	367282
BODYWORK_ONLINE_HAS_0x049502	375810
BODYWORK_ONLINE_HAS_0x049503	553858
BODYWORK_ONLINE_HAS_0x049504	418300
BODYWORK_ONLINE_HAS_0x049505	761517
BODYWORK_ONLINE_HAS_0x049506	866195
BODYWORK_ONLINE_HAS_0x049507	918816
BODYWORK_ONLINE_HAS_0x049508	500150
BODYWORK_ONLINE_HAS_0x049509	704602
BODYWORK_ONLINE_HAS_0x04950A	65646
BODYWORK_ONLINE_HAS_0x04950B	1017960
BODYWORK_ONLINE_HAS_0x049C00	1237319680
BODYWORK_ONLINE_HAS_0x04A100	1242562560
BODYWORK_ONLINE_HAS_0x04A401	1245712384
BODYWORK_ONLINE_HAS_0x04A402	1245716480
BODYWORK_ONLINE_HAS_0x04A501	1246760960
BODYWORK_ONLINE_HAS_0x04A502	1246765056
BODYWORK_ONLINE_HAS_0x04A503	1246769152
BODYWORK_ONLINE_HAS_0x04A504	1246773248
BODYWORK_ONLINE_HAS_0x04A505	1246777344
BODYWORK_ONLINE_HAS_0x04A506	1246781440
BODYWORK_ONLINE_HAS_0x04A507	1246785536
BODYWORK_ONLINE_HAS_0x04A508	1246789632
BODYWORK_ONLINE_HAS_0x04A509	1246793728
BODYWORK_ONLINE_HAS_0x04A50A	1246797824
BODYWORK_ONLINE_HAS_0x04A50B	1246801920
BODYWORK_ONLINE_HAS_0x04B200	1260388352
BODYWORK_ONLINE_HAS_0x04B800	1266679808
BODYWORK_ONLINE_HAS_0x04BB00	1269825536
BODYWORK_ONLINE_HAS_0x04BF00	1274019840
BODYWORK_ONLINE_HAS_0x04C201	1277169664
BODYWORK_ONLINE_HAS_0x04C202	1277173760
BODYWORK_ONLINE_HAS_0x04C203	1277177856
BODYWORK_ONLINE_HAS_0x04C800	1283457024
BODYWORK_ONLINE_HAS_0x04E501	1313869824
BODYWORK_ONLINE_HAS_0x04EDFF	1323298816
BODYWORK_ONLINE_HAS_0x04FA00	1335885824
BODYWORK_ONLINE_HAS_0x04FB00	1336934400
BODYWORK_ONLINE_HAS_0x04FD00	1339031552
BODYWORK_ONLINE_HAS_0x234A00	882903040
BODYWORK_ONLINE_HAS_0x24F200	1327499264
BODYWORK_ONLINE_HAS_0x24F701	1332746240
BODYWORK_PANORAMA_SUNROOF_ONLINE	627542
BODYWORK_POWER_DAY_MODE	299748
BODYWORK_POWER_LEVEL	315621418
BODYWORK_REAR_POSITION_LIGHT_STATUS	950009896
BODYWORK_REMOTE_CONTROL_UNLOCK	402653192
BODYWORK_RF_DOOR_LOCK_STATUS	1081081866
BODYWORK_RF_WINDOW_CTRL_SET	1125122107
BODYWORK_RF_WINDOW_INIT	1267728392
BODYWORK_RF_WINDOW_TARGET_POSITION_SET	1276219424
BODYWORK_RIGHT_FRONT_WINDOW	1267728396
BODYWORK_RIGHT_HAND_FRONT_DOOR	692060170
BODYWORK_RIGHT_HAND_REAR_DOOR	692060174
BODYWORK_RIGHT_REAR_WINDOW	1267728398
BODYWORK_RIGHT_SLIDE_ACTION	1260388374
BODYWORK_RIGHT_SLIDE_ACTION_ONLINE	-887095274
BODYWORK_RIGHT_SLIDE_PERCENT	1260388376
BODYWORK_RIGHT_SLIDE_STATE	1260388368
BODYWORK_RIGHT_STRUT_MOTOR_RUNNING_STATUS	1074790454
BODYWORK_RR_DOOR_LOCK_STATUS	1081081870
BODYWORK_RR_WINDOW_CTRL_SET	1125122115
BODYWORK_RR_WINDOW_INIT	1222639638
BODYWORK_RR_WINDOW_TARGET_POSITION_SET	1276219432
BODYWORK_R_ELEC_SLIDE_STATE_SET	1312817202
BODYWORK_SLIDE_STATE	1260388384
BODYWORK_SMART_VOICE_LIMIT	1222639671
BODYWORK_STEERING_WHEEL_ANGEL	300941320
BODYWORK_STEERING_WHEEL_SENSOR_CAL_FLAG	300941345
BODYWORK_STEERING_WHEEL_SENSOR_FLAG	300941344
BODYWORK_STEERING_WHEEL_SPEED	300941336
BODYWORK_SUNROOF_CLOSE_NOTICE	1101004847
BODYWORK_SUNROOF_INIT_STATE	1101004824
BODYWORK_SUNROOF_POSITION	1101004848
BODYWORK_SUNROOF_STATE	1101004832
BODYWORK_SUNROOF_WINDOBLIND_INIT_STATE	1101004826
BODYWORK_SUNROOF_WINDOBLIND_POSITION	1101004852
BODYWORK_SUNSHADE_PANEL	1101004835
BODYWORK_SUNSHADE_PANEL_CTL_SET	1125122060
BODYWORK_SUNSHADE_PANEL_PERCENT	1101004816
BODYWORK_SUNSHADE_PANEL_PERCENT_SET	1330642984
BODYWORK_WINDOW_ANTIPINCH_CONFIG	1222639667
BODYWORK_WINDOW_LEFT_FRONT_PERCENT	947912728
BODYWORK_WINDOW_LEFT_REAR_PERCENT	947912736
BODYWORK_WINDOW_RIGHT_FRONT_PERCENT	1267728400
BODYWORK_WINDOW_RIGHT_REAR_PERCENT	947912752
BODY_BLADE_BATTERY_COOLANT_LIFE	1269825768
BODY_BLADE_BATTERY_COOLANT_LIFE_RESET_FEEDBACK	1269825788
BODY_BRAKE_FLUID_LIFE	1269825760
BODY_BRAKE_FLUID_LIFE_RESET_FEEDBACK	1269825792
BODY_CAR_ST_HORIZONTAL_POSITION	1261437336
BODY_CAR_ST_HORIZONTAL_POSITION_SET	1276207152
BODY_CAR_ST_VERTICAL_POSITION	1261437344
BODY_CAR_ST_VERTICAL_POSITION_SET	1276207160
BODY_CHANGE_ENGINE_OIL	1269825794
BODY_CHANGE_TRANSMISSION_OIL	1269825796
BODY_DRIVER_SEAT_BACKREST_POSITION	988807184
BODY_DRIVER_SEAT_BACKREST_POSITION_SET	1276203032
BODY_DRIVER_SEAT_HEADREST_HORIZONTAL_POSITION	988807216
BODY_DRIVER_SEAT_HEADREST_HORIZONTAL_POSITION_SET	1276203064
BODY_DRIVER_SEAT_HEADREST_VERTICAL_POSITION	988807224
BODY_DRIVER_SEAT_HEADREST_VERTICAL_POSITION_SET	1276203072
BODY_DRIVER_SEAT_HEIGHT_POSITION	988807192
BODY_DRIVER_SEAT_HEIGHT_POSITION_SET	1276203040
BODY_DRIVER_SEAT_HORIZONTAL_POSITION	988807176
BODY_DRIVER_SEAT_HORIZONTAL_POSITION_SET	1276203024
BODY_DRIVER_SEAT_LEGHOLDER_POSITION	988807208
BODY_DRIVER_SEAT_LEGHOLDER_POSITION_SET	1276203056
BODY_DRIVER_SEAT_SITPOINT_POSITION	988807200
BODY_DRIVER_SEAT_SITPOINT_POSITION_SET	1276203048
BODY_ENGINE_OIL_LIFE_RESET_FEEDBACK	1269825784
BODY_LEFT_REARVIEW_MIRROR_HORIZONTAL_POSITION	1261437320
BODY_LEFT_REARVIEW_MIRROR_HORIZONTAL_POSITION_SET	1276207120
BODY_LEFT_REARVIEW_MIRROR_VERTICAL_POSITION	1261437328
BODY_LEFT_REARVIEW_MIRROR_VERTICAL_POSITION_SET	1276207128
BODY_LONG_TERM_COOLANT_LIFE	1269825776
BODY_LONG_TERM_COOLANT_LIFE_RESET_FEEDBACK	1269825790
BODY_OIL_LIFE	1269825744
BODY_REPLACE_BRAKE_FLUID	1269825798
BODY_REPLACE_LONG_TERM_COOLANT	1269825800
BODY_REPLACE_THE_BLADE_BATTERY_COOLANT	1269825802
BODY_RIGHT_REARVIEW_MIRROR_HORIZONTAL_POSITION	1269825808
BODY_RIGHT_REARVIEW_MIRROR_HORIZONTAL_POSITION_SET	1276207136
BODY_RIGHT_REARVIEW_MIRROR_VERTICAL_POSITION	1269825816
BODY_RIGHT_REARVIEW_MIRROR_VERTICAL_POSITION_SET	1276207144
BODY_SEAT_POSITION_SET_INFO	1228931128
BODY_TRANSMISSION_OIL_LIFE	1269825752
BODY_TRANSMISSION_OIL_LIFE_RESET_FEEDBACK	1269825786
CHARGING_AC_CHARGING_CURRENT	190863
CHARGING_AC_CHARGING_CURRENT_SET	614879
CHARGING_AC_CHARGING_CURRENT_TYPE	547725
CHARGING_APPOINTMENT_CAR_DAY	1191186472
CHARGING_APPOINTMENT_CAR_HOUR	1191186480
CHARGING_APPOINTMENT_CAR_MINUTE	1191186488
CHARGING_APPOINTMENT_CAR_MONTH	1191186464
CHARGING_APPOINTMENT_CAR_POWER_BATTERY_SWITCH_SETTINGS_SET	805306430
CHARGING_APPOINTMENT_CAR_YEAR	1191186456
CHARGING_APPOINTMENT_END_SOC	1191198776
CHARGING_APPOINTMENT_END_TIME_DATE_FLAG	1191194682
CHARGING_APPOINTMENT_END_TIME_DAY	1191198752
CHARGING_APPOINTMENT_END_TIME_DAY_SET	1277235232
CHARGING_APPOINTMENT_END_TIME_HOUR	1191198760
CHARGING_APPOINTMENT_END_TIME_HOUR_SET	1277235240
CHARGING_APPOINTMENT_END_TIME_MINUTE	1191198768
CHARGING_APPOINTMENT_END_TIME_MINUTE_SET	1277235248
CHARGING_APPOINTMENT_END_TIME_MONTH	1191198744
CHARGING_APPOINTMENT_END_TIME_MONTH_SET	1277235224
CHARGING_APPOINTMENT_END_TIME_YEAR	1191198736
CHARGING_APPOINTMENT_END_TIME_YEAR_SET	1277235216
CHARGING_APPOINTMENT_INSTRUCTIONS_ISSUED_REASON_SET	805306413
CHARGING_APPOINTMENT_START_TIME_DATE_FLAG	1191194680
CHARGING_APPOINTMENT_START_TIME_DAY	1191194656
CHARGING_APPOINTMENT_START_TIME_DAY_SET	1277231136
CHARGING_APPOINTMENT_START_TIME_HOUR	1191194664
CHARGING_APPOINTMENT_START_TIME_HOUR_SET	1277231144
CHARGING_APPOINTMENT_START_TIME_MINUTE	1191194672
CHARGING_APPOINTMENT_START_TIME_MINUTE_SET	1277231152
CHARGING_APPOINTMENT_START_TIME_MONTH	1191194648
CHARGING_APPOINTMENT_START_TIME_MONTH_SET	1277231128
CHARGING_APPOINTMENT_START_TIME_YEAR	1191194640
CHARGING_APPOINTMENT_START_TIME_YEAR_SET	1277231120
CHARGING_BATTERRY_DEVICE_STATE	876609560
CHARGING_BATTERRY_HEATING_SWITCH_SET	753967158
CHARGING_BATTERY_TYPE	-1728053169
CHARGING_BMS_CHARGING_INTERFACE	-1728052861
CHARGING_BMS_PILE_OPERATOR	-1728052862
CHARGING_CAPACITY	666894360
CHARGING_CAP_STATE	603979834
CHARGING_CAP_STATE_AC	1336934432
CHARGING_CAP_STATE_DC	1336934424
CHARGING_CAP_STATE_SET	734003264
CHARGING_CAR_APPOINTMENT_AC_CTRL_SWITCH_SET	782237714
CHARGING_CAR_APPOINTMENT_AC_STATR_FAIL_REASON	1033896004
CHARGING_CAR_APPOINTMENT_AC_STATR_TIME_SET	924850210
CHARGING_CAR_APPOINTMENT_DAY_SET	805306408
CHARGING_CAR_APPOINTMENT_HOUR_SET	805306416
CHARGING_CAR_APPOINTMENT_MINUTE_SET	805306424
CHARGING_CAR_APPOINTMENT_MONTH_SET	805306400
CHARGING_CAR_APPOINTMENT_VALID_FLAG_SET	805306404
CHARGING_CAR_APPOINTMENT_YEAR_SET	805306392
CHARGING_CHARGER_CONNECT_STATE	89128973
CHARGING_CHARGER_FAULT_STATE	666894344
CHARGING_CHARGER_WORK_STATE	666894346
CHARGING_CHARGE_APPOINTMET_TIME_OPTION	842006539
CHARGING_CHARGE_BATTERY_VOLT	1145045000
CHARGING_CHARGE_CURRENT	1145045016
CHARGING_CHARGE_DISCHARGE_WARNING	609222714
CHARGING_CHARGE_DISPLAY_DD	842006536
CHARGING_CHARGE_MODE_SET	805306406
CHARGING_CHARGE_NOTICE_DD	842006564
CHARGING_CHARGE_PERCENT_DD	842006544
CHARGING_CHARGE_PORT_LOCK_REBACK	1228931082
CHARGING_CHARGE_POWER_DD	842006552
CHARGING_CHARGE_RESET_SET	1043333169
CHARGING_CHARGE_REST_HOUR_DD	842006568
CHARGING_CHARGE_REST_MINUTE_DD	842006576
CHARGING_CHARGE_REST_TIME_DD	842006584
CHARGING_CHARGE_SCHEDULE_DISPLAY_DD	842006586
CHARGING_CHARGE_TEMPERATURE_CTL_ONLINE	1132462114
CHARGING_CHARGE_TEMPERATURE_CTL_STATE	1132462112
CHARGING_CHARGE_TEMPERATURE_CTL_STATE_SET	1311768644
CHARGING_CHARGE_VEHICLE_BATTERY_TYPE	1249050668
CHARGING_CHARGE_VEHICLE_NEEDED_CURRENT	1249050652
CHARGING_CHARGE_VEHICLE_NEEDED_VOLTAGE	1249050640
CHARGING_CHARGE_WIRELESS_CHARGING_L_POWER	1105199124
CHARGING_CHARGE_WIRELESS_CHARGING_R_POWER	1105199136
CHARGING_CHARGE_WIRELESS_CHARGING_R_STATE	1105199122
CHARGING_CHARGE_WIRELESS_CHARGING_R_SWITCH	1105199132
CHARGING_CHARGE_WIRELESS_CHARGING_R_SWITCH_ONLINE	-1042284516
CHARGING_CHARGE_WIRELESS_CHARGING_R_SWITCH_SET	1276182566
CHARGING_CHARGE_WIRELESS_CHARGING_STATE	1105199113
CHARGING_CHARGE_WIRELESS_CHARGING_SWITCH	1105199120
CHARGING_CHARGE_WIRELESS_CHARGING_SWITCH_SET	1312817218
CHARGING_CWC_FEEDBACK_SIGNAL	1105199115
CHARGING_DISCHARGE_REMAINING_TIME	1248919584
CHARGING_DISCHARGE_REQUEST_STATE	89128970
CHARGING_DISCHARGE_STATE_INNER_SOCKET	1151336470
CHARGING_DISCHARGE_STATE_VTOL	1151336459
CHARGING_DISCHARGE_STATE_VTOL_2nd	614465546
CHARGING_DISCHARGE_TO_CAR_ONLINE	859832366
CHARGING_DISCHARGE_TO_CAR_STATE	859832367
CHARGING_DISCHARGE_TO_CAR_STATE_SET	734003214
CHARGING_DISCHARGE_TO_OUTSIDE_LOW_WARN	1132462123
CHARGING_DISCHARGE_VEHICLE_OUTPUT_CURRENT	1248985116
CHARGING_DISCHARGE_VEHICLE_OUTPUT_VOLTAGE	1248985104
CHARGING_DRIVER_MOTOR_CURRENT	1186988040
CHARGING_ELECTRICITY_PRICE_LEVEL_SET	753950728
CHARGING_FULL_REST_HOUR	1146095640
CHARGING_FULL_REST_MINUTE	1146095648
CHARGING_FULL_REST_TIME_CHANGE	-1728053168
CHARGING_FULL_UNLOCK_FLAG	614465591
CHARGING_GUN_CONNECT_STATE	876609586
CHARGING_GUN_NOTINSERT_WARN_STATE	1277169683
CHARGING_HAS_CHARGE_BY_APPOINTMENT	1277169672
CHARGING_HAS_CHARGE_WIRELESS_CHARGING	1105199104
CHARGING_IRON_BATTERY_POWER_MODE	1150287938
CHARGING_LOW_POWER_STATR_ENGINE	1175453720
CHARGING_LOW_POWER_STATR_ENGINE_SET	782237709
CHARGING_LOW_POWER_STATR_ENGINE_SWITCH_SET	753971254
CHARGING_MAX_CHARGE_VOLTAGE_ALLOWED	1248919592
CHARGING_MODE	1231032338
CHARGING_MODE_SET	668530
CHARGING_OBC_CHARGING_INTERFACE	-1728052859
CHARGING_OBC_PILE_OPERATOR	-1728052860
CHARGING_OBC_TYPE_CONFIG	614465562
CHARGING_OIL_ELECTRICITY_PRIORITY_MODE	1175453734
CHARGING_OIL_ELECTRICITY_PRIORITY_MODE_ONLINE	-972029914
CHARGING_OIL_ELECTRICITY_PRIORITY_MODE_SET	782237730
CHARGING_ONE_KEY_HEAT_CONFIG	1191190552
CHARGING_ONE_KEY_HEAT_REST_TIME_HOUR	1191211032
CHARGING_ONE_KEY_HEAT_REST_TIME_MINUTE	1191211040
CHARGING_ONE_KEY_HEAT_STATE	1191211024
CHARGING_ONE_KEY_HEAT_STATR_RESULT	1191211030
CHARGING_PHONE_ONE_KEY_HEAT_SWITCH_SET	782237757
CHARGING_PLUG_AND_CHARGE_OPEN_STATE	879757348
CHARGING_PLUG_AND_CHARGE_SWITCH_SET	782237764
CHARGING_POWER	740506
CHARGING_POWER_BATTERY_NEED_HEAT_FLAG	1191211027
CHARGING_REAR_DRIVER_MOTOR_CURRENT	1186988056
CHARGING_SAFE_BATTERY_SET	805306432
CHARGING_SCHEDULE_ENABLE_STATE	89128974
CHARGING_SCHEDULE_END_TIME_DAY_SET	753971232
CHARGING_SCHEDULE_END_TIME_HOUR_SET	753971240
CHARGING_SCHEDULE_END_TIME_MINUTE_SET	753971248
CHARGING_SCHEDULE_END_TIME_MONTH_SET	753971224
CHARGING_SCHEDULE_END_TIME_YEAR_SET	753971216
CHARGING_SCHEDULE_START_TIME_DAY_SET	753967136
CHARGING_SCHEDULE_START_TIME_HOUR_SET	753967144
CHARGING_SCHEDULE_START_TIME_MINUTE_SET	753967152
CHARGING_SCHEDULE_START_TIME_MONTH_SET	753967128
CHARGING_SCHEDULE_START_TIME_YEAR_SET	753967120
CHARGING_SCHEDULE_STATE	1277169680
CHARGING_SCHEDULE_TIME_CHANGE	-1728053167
CHARGING_SCHEDULE_TIME_HOUR	1277169688
CHARGING_SCHEDULE_TIME_MINUTE	1277169696
CHARGING_SINGLE_BATTERY_MAX_VOLTAGE	1248919604
CHARGING_SMART_CHARGING_CANNOT_ENTER	1150287943
CHARGING_SMART_CHARGING_STATE	1150287936
CHARGING_SMART_CHARGING_STATE_2nd	315621404
CHARGING_SMART_TRAVEL_CONFIG	1191190545
CHARGING_SMART_TRAVEL_CONFIG_SECOND	1191190546
CHARGING_SOC_SAVE_SWITCH	1186988086
CHARGING_SOC_SAVE_SWITCH_CONFIG	-960495562
CHARGING_SOC_SAVE_SWITCH_SET	782237704
CHARGING_STATE	1231032336
CHARGING_STOP_QUANTITY_SETTING	1132462120
CHARGING_STOP_QUANTITY_SETTING_SET	734003226
CHARGING_STOP_QUANTITY_SUPPORT	1132462116
CHARGING_STOP_QUANTITY_SWITCH	1132462118
CHARGING_STOP_QUANTITY_SWITCH_SET	734003224
CHARGING_SUPPORT_PLUG_AND_CHARGE	879757347
CHARGING_TEMPERATURE_HIGN_FORECAST_SET	782237720
CHARGING_TEMPERATURE_LOW_FORECAST_SET	782237736
CHARGING_TIMER_CYCLE_FRI_1_GET	1277173796
CHARGING_TIMER_CYCLE_FRI_1_SET	1276129316
CHARGING_TIMER_CYCLE_FRI_2_GET	1277177892
CHARGING_TIMER_CYCLE_FRI_2_SET	1276133412
CHARGING_TIMER_CYCLE_MON_1_GET	1277173792
CHARGING_TIMER_CYCLE_MON_1_SET	1276129312
CHARGING_TIMER_CYCLE_MON_2_GET	1277177888
CHARGING_TIMER_CYCLE_MON_2_SET	1276133408
CHARGING_TIMER_CYCLE_SAT_1_GET	1277173797
CHARGING_TIMER_CYCLE_SAT_1_SET	1276129317
CHARGING_TIMER_CYCLE_SAT_2_GET	1277177893
CHARGING_TIMER_CYCLE_SAT_2_SET	1276133413
CHARGING_TIMER_CYCLE_SUN_1_GET	1277173798
CHARGING_TIMER_CYCLE_SUN_1_SET	1276129318
CHARGING_TIMER_CYCLE_SUN_2_GET	1277177894
CHARGING_TIMER_CYCLE_SUN_2_SET	1276133414
CHARGING_TIMER_CYCLE_THU_1_GET	1277173795
CHARGING_TIMER_CYCLE_THU_1_SET	1276129315
CHARGING_TIMER_CYCLE_THU_2_GET	1277177891
CHARGING_TIMER_CYCLE_THU_2_SET	1276133411
CHARGING_TIMER_CYCLE_TUR_1_GET	1277173793
CHARGING_TIMER_CYCLE_TUR_1_SET	1276129313
CHARGING_TIMER_CYCLE_TUR_2_GET	1277177889
CHARGING_TIMER_CYCLE_TUR_2_SET	1276133409
CHARGING_TIMER_CYCLE_WED_1_GET	1277173794
CHARGING_TIMER_CYCLE_WED_1_SET	1276129314
CHARGING_TIMER_CYCLE_WED_2_GET	1277177890
CHARGING_TIMER_CYCLE_WED_2_SET	1276133410
CHARGING_TIMER_INFO_CHANGED	-1728053166
CHARGING_TIMER_SWITCH_1_GET	1277173800
CHARGING_TIMER_SWITCH_1_SET	1276129320
CHARGING_TIMER_SWITCH_2_GET	1277177896
CHARGING_TIMER_SWITCH_2_SET	1276133416
CHARGING_TIMER_TYPE_1_GET	1277173768
CHARGING_TIMER_TYPE_1_SET	1276129288
CHARGING_TIMER_TYPE_2_GET	1277177864
CHARGING_TIMER_TYPE_2_SET	1276133384
CHARGING_TIMER_UNIT_HOUR_1_GET	1277173776
CHARGING_TIMER_UNIT_HOUR_1_SET	1276129296
CHARGING_TIMER_UNIT_HOUR_2_GET	1277177872
CHARGING_TIMER_UNIT_HOUR_2_SET	1276133392
CHARGING_TIMER_UNIT_MIMITE_1_GET	1277173784
CHARGING_TIMER_UNIT_MIMITE_1_SET	1276129304
CHARGING_TIMER_UNIT_MIMITE_2_GET	1277177880
CHARGING_TIMER_UNIT_MIMITE_2_SET	1276133400
CHARGING_TIMING_STATE_SET	503316508
CHARGING_TYPE	876609592
CHARGING_UI_PROMPT_0	1186988080
CHARGING_UI_PROMPT_1	1186988081
CHARGING_UI_PROMPT_2	1186988082
CHARGING_UI_PROMPT_3	1186988083
CHARGING_UI_PROMPT_4	1186988084
CHARGING_UI_PROMPT_5	1186988085
CHARGING_VEHICLE_MAX_SOC	1248919576
CHARGING_VEHICLE_SOC	1248919568
CHARGING_VT0V_DISCHARGE_CONNECT_COUNTDOWN	1248985132
CHARGING_VTOL_REMAINING_HOUR	1175453715
CHARGING_VTOL_REMAINING_HOUR_SET	805306376
CHARGING_VTOL_REMAINING_MINUTE	1175453722
CHARGING_VTOL_REMAINING_MINUTE_SET	805306384
CHARGING_VTOL_SET	782237707
CHARGING_VTOL_STATE	1186988088
CHARGING_VTOV_CHARGE_START_SOC	1249050672
CHARGING_VTOV_DISCHARGE_CONNECT_STATE	859832352
CHARGING_VTOV_DISCHARGE_DURATION	1248985136
CHARGING_VTOV_DISCHARGE_ELECTRICITY	859832368
CHARGING_VTOV_DISCHARGE_ENDING_REASON	1248985144
CHARGING_VTOV_DISCHARGE_LIMIT_VAL	934894
CHARGING_VTOV_DISCHARGE_LIMIT_VAL_SET	734003232
CHARGING_VTOV_DISCHARGE_LOWEST_VAL	570269
CHARGING_VTOV_DISCHARGE_QUANTITY	876609568
CHARGING_VTOV_LOWEST_DISCHARGE_SETTING_VALUE	1249116184
CHARGING_VTOV_LOWEST_DISCHARGE_VALUE	1249116176
CHARGING_VTOV_MAX_POWER_BATTERY_TEMP	1249050688
CHARGING_VTOV_MAX_TEMP_ALLOWED	1249050680
CHARGING_WEATHER_TIME_REQUIREMENT	590348330
CHARGING_WIRELESS_CHARGING_ONLINE5S	1105199104
CHARGING_WIRELESS_CHARGING_SWITCH_ONLINE	-1042284528
COLLISION_STATE_S	144824
CPU_TEMPRATURE	75503
CPU_TEMPRATURE_PMIC_TEMPRATURE_SET	-1442840508
CPU_TEMPRATURE_SET	-1442840507
CPU_TEMPRATURE_TEC_CTL_SET	806875
DOOR_LOCK_COMMAND_AREA_BACK	1081081872
DOOR_LOCK_COMMAND_AREA_CHILDLOCK_LEFT	1196425240
DOOR_LOCK_COMMAND_AREA_CHILDLOCK_LEFT_SET	1276141584
DOOR_LOCK_COMMAND_AREA_CHILDLOCK_RIGHT	1228931108
DOOR_LOCK_COMMAND_AREA_CHILDLOCK_RIGHT_SET	1276141586
DOOR_LOCK_COMMAND_AREA_LEFT_FRONT	-1066401784
DOOR_LOCK_COMMAND_AREA_LEFT_REAR	-1066401780
DOOR_LOCK_COMMAND_AREA_RIGHT_FRONT	-1066401782
DOOR_LOCK_COMMAND_AREA_RIGHT_REAR	-1066401778
DOOR_LOCK_REAR_WINDOW_LOCK_CONFIG	128902
DOOR_LOCK_REAR_WINDOW_LOCK_STATE	317718580
DOOR_LOCK_REAR_WINDOW_LOCK_STATE_SET	1276141588
DTC_REMOTE_DIAG_SET	1235223599
DTC_SET_FAULT_CODE_SET	-1442840506
DYNAMIC_CAN_DATA	-1728053219
DYNAMIC_CAN_DATA_SET	-1442840546
DYNAMIC_REQUEST_MONITOR_TABLE	-1728053214
ENERGY_BCM_STATE	315621394
ENERGY_BCM_STATE_2nd	315621390
ENERGY_DC_BUS_VOLTAGE	882326
ENERGY_DC_CHARGING_PORT_TEMP	893083
ENERGY_DC_WORK_MODE	919601200
ENERGY_HIGH_SIDE_CURRENT	403078
ENERGY_HIGH_SIDE_VOLTAGE	871231
ENERGY_LOW_SIDE_VOLTAGE	996276
ENERGY_LOW_VOLTAGE_POWER_LIMIT	873463870
ENERGY_MODE_INSTRUMENT	874512420
ENERGY_MODE_INSTRUMENT_44	874512420
ENERGY_MODE_INSTRUMENT_50	874512424
ENERGY_MODE_SET	734003254
ENERGY_OPERATION_MODE	555745294
ENERGY_OPERATION_MODE2_SET	461930
ENERGY_OPERATION_MODE_2nd	874512412
ENERGY_OPERATION_MODE_SET	734003229
ENERGY_OPERATION_MODE_ev	874512414
ENERGY_POWER_GENERATION_STATE	888143882
ENERGY_POWER_GENERATION_VALUE	638582815
ENERGY_ROAD_SURFACE_KIND	1186988094
ENERGY_ROAD_SURFACE_MODE	603979827
ENERGY_ROAD_SURFACE_MODE_2nd	874512429
ENERGY_ROAD_SURFACE_MODE_SET	977545
ENERGY_STATE	873463832
ENERGY_THERMAL_MANAGER_SYS_CMD	407149
ENGINE_CODE	1087373352
ENGINE_COOLANT_LEVEL	89129009
ENGINE_DISPLACEMENT	1087373320
ENGINE_FRONT_MOTOR_SPEED	1141899272
ENGINE_FRONT_MOTOR_TORQUE	1141899288
ENGINE_HAS_ENGINE_VOICE_SIMULATOR	1223688192
ENGINE_HAS_ENGINE_VOICE_SOURCE	1223688211
ENGINE_HAS_ENGINE_VOICE_SOURCE_2nd	-1728052969
ENGINE_MOTOR_INPUT_VOLTAGE	1141899304
ENGINE_OIL_LEVEL	89129016
ENGINE_POWER	339738656
ENGINE_POWER_YUN	1032863805
ENGINE_REAR_MOTOR_SPEED	621805576
ENGINE_REAR_MOTOR_TORQUE	621805592
ENGINE_REAR_MOTOR_TORQUE_F	1169162280
ENGINE_REAR_MOTOR_TORQUE_F_DM40	1302331896
ENGINE_REAR_MOTOR_TORQUE_F_DM40_464	1178624048
ENGINE_SIMULATOR_SOURCE_TYPE	1223688208
ENGINE_SIMULATOR_SOURCE_TYPE_2nd	-1728052970
ENGINE_SIMULATOR_SOURCE_TYPE_SET	1043333176
ENGINE_SPEED	339738642
ENGINE_SPEED_GB	282066952
ENGINE_SPEED_WARNING	339738655
ENGINE_STATE	282067000
ENGINE_STATE_S	780095
ENGINE_VOICE_SIMULATOR_STATE	1223688202
ENGINE_VOICE_SIMULATOR_STATE_2nd	-1728052971
ENGINE_VOICE_SIMULATOR_STATE_SET	1043333152
FS_COND_NEW	973337
FS_COND_NEW_SET	1038041
FS_COND_RCV_KEY	707278
FS_COND_RCV_KEY_SET	745279
FS_COND_UPGRADE	435684
FS_COND_UPGRADE_SET	799693
FS_CONFIRM_SET	661504
FS_KEY_ID	1238
FS_KEY_ID_SET	575829
FS_KEY_SET	916751
FS_STATUS_ALL_SET	721641
FS_STATUS_OTA	797023
FS_STATUS_OTA_SET	667511
FS_STATUS_QC	844334
FS_STATUS_QC_SET	1002174
FS_STATUS_SECURE_IC_SET	591359
FS_VER	443300
FS_VER_DID_SET	34808
FS_VER_SET	598082
FUNC_SCREEN_NOTICE	574015
FUNC_SCREEN_NOTICE_SET	363875
GB_2IN1_TOTAL_MILEAGE	1032867856
GB_BATTERY_HIGH_TEMP_ALARM	608174092
GB_BATTERY_LEVEL_ALARM	608174096
GB_BATTERY_NOT_MATCH_ALARM	1132462092
GB_BATTERY_OVERCHARGE	1132462098
GB_BATTERY_POOR_CONSISTENCY_ALARM	1132462090
GB_BATTERY_PROBE_NUM	1134559248
GB_BATTERY_VOLTAGE_HIGH_ALARM	1132462094
GB_BATTERY_VOLTATE_LOW_ALARM	1132462096
GB_BMC_INSULATION_VALUE	1134559256
GB_CHARGING_SYSTEM_FAILURE_10	614465544
GB_CHARGING_SYSTEM_FAILURE_20	614465552
GB_DC_CHARGING_FAULT	615514120
GB_DC_SYSTEM_FAILURE	650117154
GB_DM_PLATFORM	785383432
GB_DYNAMIC_DATA_CALLBACK	-1728053217
GB_EV_FUNCTION_LIMITED_240	603979784
GB_EV_FUNCTION_LIMITED_244	608174120
GB_FRONT_MOTOR_BUS_VOLTAGE	1169162248
GB_FRONT_MOTOR_BUS_VOLTAGE_DM40	1302331400
GB_FRONT_MOTOR_BUS_VOLTAGE_DM40_464	1178628128
GB_FRONT_MOTOR_IPM_TEMP	1154482184
GB_FRONT_MOTOR_IPM_TEMP_DM40	1302331648
GB_FRONT_MOTOR_IPM_TEMP_DM40_464	1178624016
GB_FRONT_MOTOR_TEMP	1154482192
GB_FRONT_MOTOR_TEMP_DM40	1302331672
GB_FRONT_MOTOR_TEMP_DM40_464	1178624024
GB_HIGH_TEMP_ALARM	650117136
GB_INSULATION_VALUE	639631376
GB_IPM_TEMP_STATE	603979788
GB_IPM_TEMP_STATE_EV	603979790
GB_LEAKAGE_ALARM	639631368
GB_MIL_LIGHT	818937898
GB_NOTIFY_MCU_REPORT_EDR_SET	-1442840223
GB_OK_LIGHT_DISPLAY_STATE	873463824
GB_POWER_MOTOR_TEMP_STATE	603979786
GB_REAR_MOTOR_BUS_VOLTAGE	1169162264
GB_REAR_MOTOR_BUS_VOLTAGE_DM40	1302331794
GB_REAR_MOTOR_BUS_VOLTAGE_DM40_464	1178628112
GB_REAR_MOTOR_IPM_TEMP	1155530760
GB_REAR_MOTOR_IPM_TEMP_DM40	1302331748
GB_REAR_MOTOR_IPM_TEMP_DM40_464	1178624032
GB_REAR_MOTOR_TARGET_TORQUE	622854184
GB_SENT_MONITOR_TABLE_SET	-1442840543
GB_SIMULATE_ALARM	1841299490
GB_SINGLE_VOLTAGE_HIGH_ALARM	608174104
GB_SOC_HIGH_ALARM	1132462100
GB_SOC_TRIP_ALARM	1132462102
GB_TEMP_DIFF_ALARM	1132462088
GB_THERMAL_RUNAWAY	1132462104
GB_TIME_STAME	-1728052863
GB_TREAR_MOTOR_TEMP	1155530768
GB_TREAR_MOTOR_TEMP_DM40	1302331756
GB_TREAR_MOTOR_TEMP_DM40_464	1178624040
GB_VACUUM_PUMP_SYSTEM_FAILURE	818937908
GB_VOLTAGE_HIGH_INTERLOCK_ALARM	608174142
GB_VOLTAGE_LEAKAGE_ALARM	608174094
GB_VOLTAGE_LOW_ALARM	608174102
GB_WATE_TEMP_ALARM	1246793764
GEARBOX_ACTUAL_GERA_STATE	606076980
GEARBOX_AUTOMATIC_GEAR	874512416
GEARBOX_AUTOMATIC_GEAR_3rd	606076976
GEARBOX_AUTO_MODE_TYPE	555745336
GEARBOX_BRAKE_FLUID_LEVEL	89128988
GEARBOX_BRAKE_PEDAL	692060194
GEARBOX_CODE	1087373336
GEARBOX_EPB_STATE	562036753
GEARBOX_MANUAL_MODE_LEVEL	692060192
GEARBOX_PARK_BRAKE_SWITCH	89129008
GEARBOX_STATE	280543
GEARBOX_TYPE	1087373344
INSTRUEMNT_2IN1_FIRST_MENU	634388488
INSTRUEMNT_2IN1_SECOND_MENU	634388491
INSTRUMENT_10MIN_NONKEY_START	1011875860
INSTRUMENT_2IN1_ACC_DISTANCE	592445453
INSTRUMENT_2IN1_ACC_TEXT_PROMPT	592445456
INSTRUMENT_2IN1_ACC_TIME_DISTANCE	592445450
INSTRUMENT_2IN1_ACC_WORK_INTERFACE	592445448
INSTRUMENT_2IN1_BODY_POSITION	592445460
INSTRUMENT_2IN1_CURRENT_JOURNEY_DRIVE_MILEAGE	1246801948
INSTRUMENT_2IN1_CURRENT_JOURNEY_DRIVE_TIME	1246801938
INSTRUMENT_2IN1_CURRENT_JOURNEY_INTERFACE	1246801936
INSTRUMENT_2IN1_DIRECTION_INFO	1246769208
INSTRUMENT_2IN1_DISCHARGE_ELEC_ENERGY	597688360
INSTRUMENT_2IN1_DISCHARGE_MODE	597688358
INSTRUMENT_2IN1_DISCHARGE_UI	597688352
INSTRUMENT_2IN1_FAULT_ABS_FAILURE_WARN_LIGHT	659554324
INSTRUMENT_2IN1_FAULT_ABS_FAILURE_WARN_LIGHT_COLOR	659554327
INSTRUMENT_2IN1_FAULT_BRAKE_SYS_FAILURE_WARN_LIGHT	659554336
INSTRUMENT_2IN1_FAULT_BRAKE_SYS_FAILURE_WARN_LIGHT_COLOR	659554339
INSTRUMENT_2IN1_FAULT_COOLANT_TEMP_HIGH_WARN_LIGHT	678428716
INSTRUMENT_2IN1_FAULT_COOLANT_TEMP_HIGH_WARN_LIGHT_COLOR	678428719
INSTRUMENT_2IN1_FAULT_CRUISE_CTRL_INDICATOR	721420302
INSTRUMENT_2IN1_FAULT_CRUISE_CTRL_INDICATOR_COLOR	721420305
INSTRUMENT_2IN1_FAULT_CRUISE_MAIN_INDICATOR	721420308
INSTRUMENT_2IN1_FAULT_CRUISE_MAIN_INDICATOR_COLOR	721420311
INSTRUMENT_2IN1_FAULT_DASHBOARD_ALARM	1246777399
INSTRUMENT_2IN1_FAULT_DISCHARGE_INDICATOR	721420320
INSTRUMENT_2IN1_FAULT_DISCHARGE_INDICATOR_COLOR	721420323
INSTRUMENT_2IN1_FAULT_DRIVE_POWER_LIMIT_INDICATOR	721420314
INSTRUMENT_2IN1_FAULT_DRIVE_POWER_LIMIT_INDICATOR_COLOR	721420317
INSTRUMENT_2IN1_FAULT_ECO_INDICATOR	721420326
INSTRUMENT_2IN1_FAULT_ECO_INDICATOR_COLOR	721420329
INSTRUMENT_2IN1_FAULT_ELEC_PARKING_STATE_INDICATOR	659554330
INSTRUMENT_2IN1_FAULT_ELEC_PARKING_STATE_INDICATOR_COLOR	659554333
INSTRUMENT_2IN1_FAULT_ENGINE_FAILURE_WARN_LIGHT	678428710
INSTRUMENT_2IN1_FAULT_ENGINE_FAILURE_WARN_LIGHT_COLOR	678428713
INSTRUMENT_2IN1_FAULT_ENGINE_SPPED_HIGH	1032855581
INSTRUMENT_2IN1_FAULT_ESP_FAILURE_WARN_LIGHT	659554348
INSTRUMENT_2IN1_FAULT_ESP_FAILURE_WARN_LIGHT_COLOR	659554351
INSTRUMENT_2IN1_FAULT_EV_INDICATOR	738197548
INSTRUMENT_2IN1_FAULT_EV_INDICATOR_COLOR	738197551
INSTRUMENT_2IN1_FAULT_FRONT_FOG_LIGHT_INDICATOR	686817300
INSTRUMENT_2IN1_FAULT_FRONT_FOG_LIGHT_INDICATOR_COLOR	686817303
INSTRUMENT_2IN1_FAULT_GPF_INDICATOR	678428698
INSTRUMENT_2IN1_FAULT_GPF_INDICATOR_COLOR	678428701
INSTRUMENT_2IN1_FAULT_GRASS_INDICATOR	738197530
INSTRUMENT_2IN1_FAULT_GRASS_INDICATOR_COLOR	738197533
INSTRUMENT_2IN1_FAULT_HEV_INDICATOR	738197554
INSTRUMENT_2IN1_FAULT_HEV_INDICATOR_COLOR	738197557
INSTRUMENT_2IN1_FAULT_LOW_FUEL_WARN_LIGHT	678428722
INSTRUMENT_2IN1_FAULT_LOW_FUEL_WARN_LIGHT_COLOR	678428725
INSTRUMENT_2IN1_FAULT_LOW_OIL_PRESSURE_WARN_LIGHT	694157320
INSTRUMENT_2IN1_FAULT_LOW_OIL_PRESSURE_WARN_LIGHT_COLOR	694157323
INSTRUMENT_2IN1_FAULT_LOW_POWER_BATTERY_WARN_LIGHT	710934566
INSTRUMENT_2IN1_FAULT_LOW_POWER_BATTERY_WARN_LIGHT_COLOR	710934569
INSTRUMENT_2IN1_FAULT_MAIN_ALARM_INDICATOR	694157326
INSTRUMENT_2IN1_FAULT_MAIN_ALARM_INDICATOR_COLOR	694157329
INSTRUMENT_2IN1_FAULT_MUDDY_INDICATOR	738197536
INSTRUMENT_2IN1_FAULT_MUDDY_INDICATOR_COLOR	738197539
INSTRUMENT_2IN1_FAULT_NORMAL_INDICATOR	721420338
INSTRUMENT_2IN1_FAULT_NORMAL_INDICATOR_COLOR	721420341
INSTRUMENT_2IN1_FAULT_OIL_LIFE_DETECT_INDICATOR	612368404
INSTRUMENT_2IN1_FAULT_OIL_LIFE_DETECT_INDICATOR_COLOR	612368407
INSTRUMENT_2IN1_FAULT_OK_INDICATOR	738197524
INSTRUMENT_2IN1_FAULT_OK_INDICATOR_COLOR	738197527
INSTRUMENT_2IN1_FAULT_POWER_BATTERY_CHARGE_CONNECT_INDICATOR	710934572
INSTRUMENT_2IN1_FAULT_POWER_BATTERY_CHARGE_CONNECT_INDICATOR_COLOR	710934575
INSTRUMENT_2IN1_FAULT_POWER_BATTERY_HEAT_WARN_LIGHT	710934578
INSTRUMENT_2IN1_FAULT_POWER_BATTERY_HEAT_WARN_LIGHT_COLOR	710934581
INSTRUMENT_2IN1_FAULT_POWER_BAT_FAILURE_WARN_LIGHT	721420296
INSTRUMENT_2IN1_FAULT_POWER_BAT_FAILURE_WARN_LIGHT_COLOR	721420299
INSTRUMENT_2IN1_FAULT_POWER_SYS_FAILURE_WARN_LIGHT	710934554
INSTRUMENT_2IN1_FAULT_POWER_SYS_FAILURE_WARN_LIGHT_COLOR	710934557
INSTRUMENT_2IN1_FAULT_PRESSURE_SUPPLY_SYS_FAILURE_WARN_LIGHT	678428704
INSTRUMENT_2IN1_FAULT_PRESSURE_SUPPLY_SYS_FAILURE_WARN_LIGHT_COLOR	678428707
INSTRUMENT_2IN1_FAULT_SAND_INDICATOR	738197542
INSTRUMENT_2IN1_FAULT_SAND_INDICATOR_COLOR	738197545
INSTRUMENT_2IN1_FAULT_SMALL_LIGHT_INDICATOR	686817294
INSTRUMENT_2IN1_FAULT_SMALL_LIGHT_INDICATOR_COLOR	686817297
INSTRUMENT_2IN1_FAULT_SMART_KEY_SYS_COLOR	694157353
INSTRUMENT_2IN1_FAULT_SMART_KEY_SYS_WARN_LIGHT	694157350
INSTRUMENT_2IN1_FAULT_SPORT_INDICATOR	721420332
INSTRUMENT_2IN1_FAULT_SPORT_INDICATOR_COLOR	721420335
INSTRUMENT_2IN1_FAULT_SRS_FAILURE_WARN_LIGHT	659554312
INSTRUMENT_2IN1_FAULT_SRS_FAILURE_WARN_LIGHT_COLOR	659554315
INSTRUMENT_2IN1_FAULT_STEERING_SYS_FAILURE_WARN_LIGHT	678428686
INSTRUMENT_2IN1_FAULT_STEERINT_SYS_FAILURE_WARN_LIGHT_COLOR	678428689
INSTRUMENT_2IN1_FAULT_TYRE_PRESSURE_SYS_FAILURE_WARN_LIGHT	678428692
INSTRUMENT_2IN1_FAULT_TYRE_PRESSURE_SYS_FAILURE_WARN_LIGHT_COLOR	678428695
INSTRUMENT_2IN1_FAULT_YUN_ABS_SYS	1032859669
INSTRUMENT_2IN1_FAULT_YUN_ACC	1032859689
INSTRUMENT_2IN1_FAULT_YUN_ANTI_THEFT	1032859677
INSTRUMENT_2IN1_FAULT_YUN_AUTO_EBRAKING	1032859685
INSTRUMENT_2IN1_FAULT_YUN_BRAKING_SYS_FAILUE	1032859666
INSTRUMENT_2IN1_FAULT_YUN_COOLANT_TEMP_HIGH	1032859690
INSTRUMENT_2IN1_FAULT_YUN_DRIVER_BELT	1032859683
INSTRUMENT_2IN1_FAULT_YUN_DRIVE_POWER_LIMIT	1032859687
INSTRUMENT_2IN1_FAULT_YUN_ELEC_PARKING	1032859673
INSTRUMENT_2IN1_FAULT_YUN_ENGINE	1032859668
INSTRUMENT_2IN1_FAULT_YUN_ESP	1032859670
INSTRUMENT_2IN1_FAULT_YUN_FAST_AIR_LEAK	1032859671
INSTRUMENT_2IN1_FAULT_YUN_GPF	1032859672
INSTRUMENT_2IN1_FAULT_YUN_HEADLIGHT	1032859664
INSTRUMENT_2IN1_FAULT_YUN_LOW_OIL	1032859691
INSTRUMENT_2IN1_FAULT_YUN_LOW_OIL_PRESS	1032859665
INSTRUMENT_2IN1_FAULT_YUN_LOW_POWER_BATTERY	1032859686
INSTRUMENT_2IN1_FAULT_YUN_LOW_VOLT_POWER_SUPPLY_SYS	1032859667
INSTRUMENT_2IN1_FAULT_YUN_MOTOR_TEMP_HIGN	1032859678
INSTRUMENT_2IN1_FAULT_YUN_OK	1032859682
INSTRUMENT_2IN1_FAULT_YUN_POWER_BATTARY	1032859679
INSTRUMENT_2IN1_FAULT_YUN_POWER_BATTERY_TEMP_HIHG	1032859680
INSTRUMENT_2IN1_FAULT_YUN_POWER_SYS	1032859681
INSTRUMENT_2IN1_FAULT_YUN_SMART_KEY_SYS	1032859688
INSTRUMENT_2IN1_FAULT_YUN_SRS	1032859674
INSTRUMENT_2IN1_FAULT_YUN_STEERING_SYS	1032859675
INSTRUMENT_2IN1_FAULT_YUN_TYRE_PRESS	1032859676
INSTRUMENT_2IN1_HEADLAMP_FAILURE_WARN_LIGHT	686817318
INSTRUMENT_2IN1_HEADLAMP_FAILURE_WARN_LIGHT_COLOR	686817321
INSTRUMENT_2IN1_LAST_50KM_POWER_CONSUME_YUN	1032863794
INSTRUMENT_2IN1_LB_TYRE_COLOR	1246797844
INSTRUMENT_2IN1_LB_TYRE_PRESSURE	1246781480
INSTRUMENT_2IN1_LB_TYRE_TEMPERATURE	1246797872
INSTRUMENT_2IN1_LB_TYRE_TEMPERATURE_COLOR	1246797881
INSTRUMENT_2IN1_LEFT_LINE	592445464
INSTRUMENT_2IN1_LF_TYRE_COLOR	1246797840
INSTRUMENT_2IN1_LF_TYRE_PRESSURE	1246781456
INSTRUMENT_2IN1_LF_TYRE_TEMPERATURE	1246797848
INSTRUMENT_2IN1_LF_TYRE_TEMPERATURE_COLOR	1246797857
INSTRUMENT_2IN1_MENU_STATE	89128968
INSTRUMENT_2IN1_MENU_STATE_2nd	948347
INSTRUMENT_2IN1_ODOMETER_DISPLAY	653262880
INSTRUMENT_2IN1_RB_TYRE_COLOR	1246797846
INSTRUMENT_2IN1_RB_TYRE_PRESSURE	1246781492
INSTRUMENT_2IN1_RB_TYRE_TEMPERATURE	1246797884
INSTRUMENT_2IN1_RB_TYRE_TEMPERATURE_COLOR	1246797893
INSTRUMENT_2IN1_RF_TYRE_COLOR	1246797842
INSTRUMENT_2IN1_RF_TYRE_PRESSURE	1246781468
INSTRUMENT_2IN1_RF_TYRE_TEMPERATURE	1246797860
INSTRUMENT_2IN1_RF_TYRE_TEMPERATURE_COLOR	1246797869
INSTRUMENT_2IN1_RIGHT_LINE	592445468
INSTRUMENT_2IN1_TYRE_PRESSURE_CAR_TYPE	1246777374
INSTRUMENT_50KM_ENERY_CONSUMPTION_DISPLAY_STATE	980418582
INSTRUMENT_50KM_FUEL_CONSUMPTION_DISPLAY_STATE	980418584
INSTRUMENT_ABS_SYSTEM_BREAKDOWN	1032917013
INSTRUMENT_AC_CHARGING_EQUIPMENT	1032917030
INSTRUMENT_AC_HEAT_MANAGEMENT	764901
INSTRUMENT_ADAPTIVE_CRUISE_CONTROL_SYSTEM	191709
INSTRUMENT_AIR_HEATING_DISPLAY_STATE	980418600
INSTRUMENT_ALARM_BUZZLE_STATE	315621436
INSTRUMENT_APPOINTMENT_COUNTDOWN_FLAG	1245716498
INSTRUMENT_APPOINTMENT_COUNTDOWN_HOUR	653262867
INSTRUMENT_APPOINTMENT_COUNTDOWN_MINUTE	653262872
INSTRUMENT_APPOINTMENT_HOUR	653262856
INSTRUMENT_APPOINTMENT_MINUTE	653262861
INSTRUMENT_AVERAGE_ENERY_CONSUMPTION_DISPLAY_STATE	980418576
INSTRUMENT_AVERAGE_FUEL_CONSUMPTION_DISPLAY_STATE	980418578
INSTRUMENT_AVERAGE_SPEED	1246777388
INSTRUMENT_BACKLIGHT_AUTO_MODE_STATE	1283457058
INSTRUMENT_BACKLIGHT_AUTO_MODE_STATE_SET	1043333138
INSTRUMENT_BACKLIGHT_BRIGHTNESS	1274019896
INSTRUMENT_BACKLIGHT_BRIGHTNESS_SET	1043333144
INSTRUMENT_BACKLIGHT_LINK_MODE_STATE	1283457094
INSTRUMENT_BACKLIGHT_LINK_MODE_STATE_SET	1043333174
INSTRUMENT_BATTERY_BREAKDOWN	1032917023
INSTRUMENT_BATTERY_TOO_HIGH	1032917024
INSTRUMENT_BLIND_AREA_DETECTION_SYSTEM	107920
INSTRUMENT_BRAKE_PADS	12222
INSTRUMENT_B_M_ABS	1033228317
INSTRUMENT_B_M_ACC_SYSTEM	1033228339
INSTRUMENT_B_M_AC_HEAT_MANAGEMENT	1033228310
INSTRUMENT_B_M_AEB_SYSTEM	1033228346
INSTRUMENT_B_M_AUTO_NETWORK	1033228327
INSTRUMENT_B_M_BRAKE_FLUID_LEVEL_LOW	1033228306
INSTRUMENT_B_M_BRAKE_PAD	1033228335
INSTRUMENT_B_M_BRAKE_SYSTEM	1033228307
INSTRUMENT_B_M_BRAKE_SYSTEM_1	1033228314
INSTRUMENT_B_M_BSD_SYSTEM	1033228343
INSTRUMENT_B_M_CHARGING_EQUIPMENT	1033228305
INSTRUMENT_B_M_CHARGING_SYSTEM	1033228323
INSTRUMENT_B_M_COOLANT_LEVEL_LOW	1033228309
INSTRUMENT_B_M_ELECTRONIC_PARKING_SYSTEM	1033228315
INSTRUMENT_B_M_ENGINE_ACCESSORY_FUNCTION_LIMIT	1033228329
INSTRUMENT_B_M_ENGINE_OIL_DETECTING_SYSTEM	1033228312
INSTRUMENT_B_M_ENGINE_OIL_PRESSURE_LACK	1033228311
INSTRUMENT_B_M_ENGINE_SYSTEM	1033228328
INSTRUMENT_B_M_ESP	1033228333
INSTRUMENT_B_M_EV_FUNCTION_LIMIT	1033228321
INSTRUMENT_B_M_FCW_SYSTEM	1033228344
INSTRUMENT_B_M_GEAR_SYSTEM	1033228322
INSTRUMENT_B_M_HDC	1033228334
INSTRUMENT_B_M_HMA_SYSTEM	1033228342
INSTRUMENT_B_M_IRON_BATTERY	1033228325
INSTRUMENT_B_M_IRON_BATTERY_POWER_LOW	1033228326
INSTRUMENT_B_M_LDW	1033228350
INSTRUMENT_B_M_LEFT_HEADLAMP_SYSTEM	1033228336
INSTRUMENT_B_M_LKS	1033228349
INSTRUMENT_B_M_LOW_VOLTAGE_POWER_SUPPLY_SYSTEM	1033228318
INSTRUMENT_B_M_MEMORY_SYSTEM	1033228338
INSTRUMENT_B_M_MULTIFUNCTION_VIDEO_CONTROLLER	1033228347
INSTRUMENT_B_M_MULTI_VIDEO_CON_FUNCTION_LIMIT	1033228348
INSTRUMENT_B_M_PARKING_POWER_LACK	1033228316
INSTRUMENT_B_M_PEDESTRIAN_DETECTION_SYSTEM	1033228340
INSTRUMENT_B_M_POWER_GENERATION_SYSTEM	1033228319
INSTRUMENT_B_M_POWER_SYSTEM	1033228320
INSTRUMENT_B_M_PRE_MILLIMETER_WAVE_RADAR	1033228345
INSTRUMENT_B_M_RIGHT_HEADLAMP_SYSTEM	1033228337
INSTRUMENT_B_M_SRS	1033228332
INSTRUMENT_B_M_START_TYPE_IRON_BATTERY_SYSTEM	1033228324
INSTRUMENT_B_M_STEERING_SYSTEM	1033228308
INSTRUMENT_B_M_TIRE_PRESSURE_DETECTING_SYSTEM	1033228313
INSTRUMENT_B_M_TRAFFIC_SIGN_RECOGNITION_SYSTEM	1033228341
INSTRUMENT_B_M_TRANSMISSION_FUNCTION_LIMIT	1033228330
INSTRUMENT_B_M_TRANSMISSION_SYSTEM	1033228331
INSTRUMENT_B_M_VEHICLE_CHARGING_SYSTEM	1033228304
INSTRUMENT_CALL_INFO_RESULT	1108086800
INSTRUMENT_CALL_INFO_SET	1140592648
INSTRUMENT_CALL_STATE_SET	1138753548
INSTRUMENT_CALL_TIME_HOUR_SET	1138753560
INSTRUMENT_CALL_TIME_MINUTE_SET	1138753568
INSTRUMENT_CALL_TIME_SECOND_SET	1138753576
INSTRUMENT_CAMERA_DISPLAY_STATE_SET	1139814424
INSTRUMENT_CAR_CHARGER	1032917029
INSTRUMENT_CHARGING_CABINET	1032917028
INSTRUMENT_CHARGING_GUN_CONNECTION	1032917031
INSTRUMENT_CHARGING_GUN_NOT_DISCONNECT	1032917037
INSTRUMENT_CHARGING_SOCKET	463842
INSTRUMENT_CHARGING_SYSTEM_BREAKDOWN	1032917011
INSTRUMENT_CHECK_APPLE_KEY_RESULT	432341008
INSTRUMENT_CLEAR_INFO_AVERAGE_ENERGY_CONSUMPTION_LATEST_50KM	1033224260
INSTRUMENT_CLEAR_INFO_AVERAGE_ENERGY_CONSUMPTION_LATEST_50KM_SET	503316502
INSTRUMENT_CLEAR_INFO_AVERAGE_SPEED_SET	503316500
INSTRUMENT_CLEAR_INFO_EXTERNAL_CHARGE_POWER_SET	503316499
INSTRUMENT_CLEAR_INFO_FUEL_CONSUMPTION_SET	503316498
INSTRUMENT_CLEAR_INFO_TRAVEL_TIME_SET	503316501
INSTRUMENT_CLEAR_MILEAGE1_SET	503316506
INSTRUMENT_CLEAR_MILEAGE2_SET	503316507
INSTRUMENT_DC_SYSTEM	995280
INSTRUMENT_DD_ACC_CRUISING_SPEED	710934536
INSTRUMENT_DD_ACC_CRUISING_SPEED_COLOR	710934539
INSTRUMENT_DD_ACC_INDICAT_LIGHT_COLOR	694157365
INSTRUMENT_DD_ACC_INDICAT_LIGHT_STATE	694157362
INSTRUMENT_DD_ACC_SPEED	597688328
INSTRUMENT_DD_AIR_HEATING_OIL_DISPLAY	1246789690
INSTRUMENT_DD_AIR_HEATING_OIL_WARN	1246789702
INSTRUMENT_DD_DEPUTY_SAFETYBELT_STATE	638582811
INSTRUMENT_DD_DEVIATION_STATE	638582802
INSTRUMENT_DD_ENERGY_INTENSITY_FEEDBACK	638582822
INSTRUMENT_DD_EXTERNAL_CHARGE_POWER	1246789648
INSTRUMENT_DD_FAULT_ACCELERATION_BREAK_PEDAL	1032855599
INSTRUMENT_DD_FAULT_AC_WARM_DIESEL	1032855568
INSTRUMENT_DD_FAULT_ADAPTIVE_CRUISE_LIMITED	1032851524
INSTRUMENT_DD_FAULT_ADAPT_GEARBOX	1032855583
INSTRUMENT_DD_FAULT_AIR_HOT_MANAGEMENT_FAILURE	1032851505
INSTRUMENT_DD_FAULT_AP_LIMITED	1032855592
INSTRUMENT_DD_FAULT_AUTO_EMERGENCY_BRAKING_LIMITED	1032851520
INSTRUMENT_DD_FAULT_BATTERY_LOW	1032855575
INSTRUMENT_DD_FAULT_BLIND_SPOT_MONITORING_LIMITED	1032851526
INSTRUMENT_DD_FAULT_CAR_CHARGE_SYSTEM	1032855571
INSTRUMENT_DD_FAULT_CELL_LOE_POWER	1032855585
INSTRUMENT_DD_FAULT_CELL_LOW_POWER_AC_LIMITED	1032855597
INSTRUMENT_DD_FAULT_CELL_LOW_POWER_DRIVE_LIMITED	1032855598
INSTRUMENT_DD_FAULT_CELL_TEMP_AC_LIMITED	1032855596
INSTRUMENT_DD_FAULT_CHARGE_POT_NOT_CLOSE	1032855586
INSTRUMENT_DD_FAULT_CHECK_BRAKE_PAD	1032851517
INSTRUMENT_DD_FAULT_CHECK_BRAKING_SYSTEM	1032851474
INSTRUMENT_DD_FAULT_CHECK_CAR_NETWORK	1032851483
INSTRUMENT_DD_FAULT_CHECK_ENGINE_SYSTEM	1032851494
INSTRUMENT_DD_FAULT_CHECK_FRONT_WAVE_RADAR	1032851519
INSTRUMENT_DD_FAULT_CHECK_GEAR_SYSTEM	1032851514
INSTRUMENT_DD_FAULT_CHECK_HDC_SYSTEM	1032851516
INSTRUMENT_DD_FAULT_CHECK_IRON_BATTERY_SYSTEM	1032851492
INSTRUMENT_DD_FAULT_CHECK_MEMORY_SYATEM	1032855594
INSTRUMENT_DD_FAULT_CHECK_MOONROOF	1032855595
INSTRUMENT_DD_FAULT_CHECK_MUL_VIDEO_CONTROLLER	1032851518
INSTRUMENT_DD_FAULT_CHECK_OIL_MONITORING_SYSTEM	1032851508
INSTRUMENT_DD_FAULT_CHECK_PERSON_DETECTION_SYSTEM	1032851522
INSTRUMENT_DD_FAULT_CHECK_POWERTRAIN	1032851480
INSTRUMENT_DD_FAULT_CHECK_POWER_GENERATION_SYSTEM	1032851513
INSTRUMENT_DD_FAULT_CHECK_PREDICTIVE_COLLISION_WARNING_SYSTEM	1032851521
INSTRUMENT_DD_FAULT_CHECK_SAFETYBELT_SYSTEM	1032855593
INSTRUMENT_DD_FAULT_CHECK_SRS_SYSTEM	1032851499
INSTRUMENT_DD_FAULT_CHECK_TRANSMISSION_SYSTEM	1032851484
INSTRUMENT_DD_FAULT_CHECK_TRANSMISSION_SYSTEM_SEC	1032851485
INSTRUMENT_DD_FAULT_DISCHARGE_DEVICE	1032855569
INSTRUMENT_DD_FAULT_DISCHARGE_STOP	1032855584
INSTRUMENT_DD_FAULT_ENGINE_ASSESSORY_FUNC_LIMITED	1032851495
INSTRUMENT_DD_FAULT_ENGINE_COOLANT_TEMP_HIGH	1032851478
INSTRUMENT_DD_FAULT_ENGINE_COOLANT_TEMP_HIGH_SAFE_PARK	1032851477
INSTRUMENT_DD_FAULT_ENGINE_START_FAILED	1032851503
INSTRUMENT_DD_FAULT_ENTER_FORCED_EV	1032855573
INSTRUMENT_DD_FAULT_EV_FUNC_LIMITED	1032851487
INSTRUMENT_DD_FAULT_EXIT_SMART_DRIVING_MODE_MANUAL_TAKEOVER	1032851488
INSTRUMENT_DD_FAULT_HIGH_CLUTCH_TEMPERATURE	1032851497
INSTRUMENT_DD_FAULT_HIGH_OIL_LEVEL	1032851507
INSTRUMENT_DD_FAULT_HIGH_TRANSMISSION_OIL_TEMPERATURE	1032851498
INSTRUMENT_DD_FAULT_INSUFFICIENT_OIL_PRESSURE	1032851479
INSTRUMENT_DD_FAULT_IRON_BATTERY_FAILURE	1032851482
INSTRUMENT_DD_FAULT_KEY_FUNC_COUNTDOWN_DAY	1032855600
INSTRUMENT_DD_FAULT_KEY_FUNC_COUNTDOWN_HOUR	1032855604
INSTRUMENT_DD_FAULT_KEY_LOW_POWER	1032855578
INSTRUMENT_DD_FAULT_KEY_NOT_DETECTED	1032855577
INSTRUMENT_DD_FAULT_KEY_NOT_DETECTED_IN_CAR	1032855580
INSTRUMENT_DD_FAULT_KEY_NOT_DETECTED_READER	1032855579
INSTRUMENT_DD_FAULT_LANE_DEPARTURE_FUNC_LIMITED	1032851525
INSTRUMENT_DD_FAULT_LANE_KEEPING_LIMITED	1032851523
INSTRUMENT_DD_FAULT_LINK_ERROR_KEY_DAY	1018881
INSTRUMENT_DD_FAULT_LINK_ERROR_KEY_HOUR	1032855576
INSTRUMENT_DD_FAULT_LOW_BATTERY_LIMITED_POWER	1032851486
INSTRUMENT_DD_FAULT_LOW_BRAKE_FLUID_LEVEL	1032851475
INSTRUMENT_DD_FAULT_LOW_COOLANT_LEVEL	1032851504
INSTRUMENT_DD_FAULT_LOW_OIL_LEVEL	1032851506
INSTRUMENT_DD_FAULT_LOW_POWER_LIMIT	1032855572
INSTRUMENT_DD_FAULT_LOW_TYRE_PRESSURE	1032851510
INSTRUMENT_DD_FAULT_LOW_VOLTAGE_POWER_SUPPLY_SYSTEM_FAILURE	1032851481
INSTRUMENT_DD_FAULT_NEED_CHARGE	1032855588
INSTRUMENT_DD_FAULT_NEED_MAINTAIN	1032855574
INSTRUMENT_DD_FAULT_NOTICE_261	638582792
INSTRUMENT_DD_FAULT_NOTICE_ABS_SYSTEM	1032851512
INSTRUMENT_DD_FAULT_NOTICE_ADD_FUEL	1032855591
INSTRUMENT_DD_FAULT_NOTICE_EPB	1032851490
INSTRUMENT_DD_FAULT_NOTICE_EPB_NOT_RELEASED	1032855590
INSTRUMENT_DD_FAULT_NOTICE_ESP_SYSTEM	1032851515
INSTRUMENT_DD_FAULT_NOTICE_FRONT_LIGHT_STSTEM	1032851502
INSTRUMENT_DD_FAULT_NOTICE_LEAVE_CAR	1032851472
INSTRUMENT_DD_FAULT_NOTICE_LF_LIGHT_STSTEM	1032851500
INSTRUMENT_DD_FAULT_NOTICE_LV_SUPPLY	1032851493
INSTRUMENT_DD_FAULT_NOTICE_PARK_SYSTEM	1032851511
INSTRUMENT_DD_FAULT_NOTICE_PARK_WEAK	1032851491
INSTRUMENT_DD_FAULT_NOTICE_POWER_SYSTEM	1032851501
INSTRUMENT_DD_FAULT_NOTICE_RF_LIGHT_STSTEM	251659
INSTRUMENT_DD_FAULT_NOTICE_STEERING_SYSTEM	1032851476
INSTRUMENT_DD_FAULT_NOTICE_TRYE_PRES_DET	1032851509
INSTRUMENT_DD_FAULT_OUT_CHARGE_DEVICE	1032855570
INSTRUMENT_DD_FAULT_PARK_BRAKE_UNRELEASED	1032855589
INSTRUMENT_DD_FAULT_REMOTE_DRIVING_SUSPENDED	1032851473
INSTRUMENT_DD_FAULT_SMART_CAMERA_USELESS	1032851527
INSTRUMENT_DD_FAULT_SMART_DRIVING_FAILURE_MANUAL_TAKEOVER	1032851489
INSTRUMENT_DD_FAULT_SWITCH_TO_P_GEAR	1032855587
INSTRUMENT_DD_FAULT_TRANSMISSION_FUNC_LIMITED	1032851496
INSTRUMENT_DD_FAULT_WASH_ELEC_GATE	1032855582
INSTRUMENT_DD_GAP_DETECTION	145326
INSTRUMENT_DD_HOOD_STATE	638582809
INSTRUMENT_DD_INDIRECT_TYPE_PRES_LF	1246781507
INSTRUMENT_DD_INDIRECT_TYPE_PRES_LR	1246781509
INSTRUMENT_DD_INDIRECT_TYPE_PRES_RF	1246781508
INSTRUMENT_DD_INDIRECT_TYPE_PRES_RR	1246781510
INSTRUMENT_DD_LANE_LINE_COLOR	738197560
INSTRUMENT_DD_LANE_LINE_STATE	52489
INSTRUMENT_DD_LAST_50KM_POWER_CONSUME	1246777376
INSTRUMENT_DD_LEFT_FRONT_DOOR_STATE	638582804
INSTRUMENT_DD_LEFT_REAR_DOOR_STATE	638582806
INSTRUMENT_DD_LUGGAGE_DOOR_STATE	638582808
INSTRUMENT_DD_MAIN_SAFETYBELT_STATE	692060184
INSTRUMENT_DD_MILEAGE_UNIT	1246765099
INSTRUMENT_DD_MILEAGE_UNIT_03	1246769212
INSTRUMENT_DD_MILEAGE_UNIT_04	1246773315
INSTRUMENT_DD_MILEAGE_UNIT_0B	1246801972
INSTRUMENT_DD_MILEAGE_VALID_FLAG	56088
INSTRUMENT_DD_OIL_LEVEL_LIGHT	1246789696
INSTRUMENT_DD_OIL_LEVEL_LIGHT_COLOR	1246789699
INSTRUMENT_DD_OUT_TEMP	1246769216
INSTRUMENT_DD_PCW_SAFE_DIST_ALARM_INSTRUCTION	710934548
INSTRUMENT_DD_POWER_UNIT	1246789688
INSTRUMENT_DD_REAR_LEFT_SAFETYBELT_STATE	638582812
INSTRUMENT_DD_REAR_MID_SAFETYBELT_STATE	638582813
INSTRUMENT_DD_REAR_RIGHT_SAFETYBELT_STATE	638582814
INSTRUMENT_DD_RIGHT_FRONT_DOOR_STATE	638582805
INSTRUMENT_DD_RIGHT_REAR_DOOR_STATE	638582807
INSTRUMENT_DD_SOUND_FREQ	638582837
INSTRUMENT_DD_SOUND_TYPE	638582840
INSTRUMENT_DD_SPACING_STATE	638582834
INSTRUMENT_DD_SPEED_UNIT	339738640
INSTRUMENT_DD_TEXT_COLOR	638582824
INSTRUMENT_DD_TIME_INTERVAL_STATE	452011
INSTRUMENT_DIRECT_TYRE_PRES_DISPLAY_STATE	980418568
INSTRUMENT_DISCHARGE_POWER	353370130
INSTRUMENT_DISCHARGE_PROMPT	597688355
INSTRUMENT_DISPLAY_BREAKDOWN	1032917008
INSTRUMENT_DISTANCE_OF_TARGET_AHEAD_ADVANCED_SET	1139834904
INSTRUMENT_DRIVING_INFO_SWITCH_SET	975175690
INSTRUMENT_ELECTIC_PARKING_FAIL	847789
INSTRUMENT_ELECTRONIC_PARKING	1032917017
INSTRUMENT_END_CHARGE_HOUR	1245716536
INSTRUMENT_END_CHARGE_MINUTE	1245716544
INSTRUMENT_ENERGY_DISPLAY	653262885
INSTRUMENT_ENERGY_DISPLAY_SET	1276149780
INSTRUMENT_ENERGY_SYSTEM_INDICATOR	1032917025
INSTRUMENT_ENGINE_BREAKDOWN	1032917012
INSTRUMENT_ENGINE_COOLANT_LOW	1032917032
INSTRUMENT_ENGINE_OIL_DETECTION_SYSTEM	1032917033
INSTRUMENT_ENGINE_PART_FUNCTION	535863
INSTRUMENT_ENGINE_SYSTEM	94139
INSTRUMENT_EPS_INDICATOR	1032917019
INSTRUMENT_ESC_INDICATOR	1032917014
INSTRUMENT_EV_FUNCTION	739593
INSTRUMENT_EV_MODE_INDICATORE	1032917038
INSTRUMENT_EXPECTED_ARRIVE_DAY_SET	1139838992
INSTRUMENT_EXPECTED_ARRIVE_HOUR_SET	1139839000
INSTRUMENT_EXPECTED_ARRIVE_MINUTE_SET	1139839008
INSTRUMENT_EXPECTED_ARRIVE_SECOND_SET	1139839016
INSTRUMENT_EXTERNAL_CHARGING_POWER	1246789648
INSTRUMENT_FIND_KEY_RESULT	432341010
INSTRUMENT_FRONT_CROSSING_DISTANCE_SET	1139806232
INSTRUMENT_FRONT_LIGHT_SYSTEM	890207
INSTRUMENT_FRONT_SAFEBELT_WARN_SWITCH	89128983
INSTRUMENT_FUEL_CONSUMPTION_DISPLAY_STATE	980418574
INSTRUMENT_FUEL_LOW_ALARM	1246785575
INSTRUMENT_GEAR_SYSTEM	310846
INSTRUMENT_GET_NAVI_DESTINATION	1086328891
INSTRUMENT_GET_ROAD_NAME_CHECK_STATE	1107955728
INSTRUMENT_GUIDE_INFO_CAMERA_SET	1139814416
INSTRUMENT_GUIDE_INFO_SAFETY_SET	1139818512
INSTRUMENT_GUIDE_INFO_SIMPLE_SET	1139806224
INSTRUMENT_HEV_MODE_INDICATORE	1032917039
INSTRUMENT_HIGH_VOLTAGE_SYSTEM_LEAKAGE	1032917027
INSTRUMENT_HIGH_WATER_TEMPERATURE	1032917016
INSTRUMENT_INSTANT_FUEL_CONSUMPTION_DISPLAY_STATE	980418588
INSTRUMENT_INTELLIGENT_FAR_LIGHT_LAMP_SYSTEM	502069
INSTRUMENT_IRON_BATTERY	233339
INSTRUMENT_KEY_DETECTION_REMINDER	1128267795
INSTRUMENT_KEY_PAIR_PROCESS	1077215253
INSTRUMENT_KEY_PAIR_RESULT	1077215261
INSTRUMENT_KEY_PEIDUI_PROCESS	432341013
INSTRUMENT_KEY_PEIDUI_RESULT	432341021
INSTRUMENT_LANE_ASSISTANCE_SYSTEM	939974
INSTRUMENT_LEFT_FRONT_LIGHT_SYSTEM	15634
INSTRUMENT_LOW_OIL_PRESSURE	1032917009
INSTRUMENT_LOW_VOLTAGE_BATTERY_SYSTEM	1032917035
INSTRUMENT_MAINTAIN_RESET_SET	1043333179
INSTRUMENT_MAINTENANCE_MILEAGE	1283457064
INSTRUMENT_MAINTENANCE_MILEAGE_SET	997195800
INSTRUMENT_MAINTENANCE_TIME	469762080
INSTRUMENT_MAINTENANCE_TIME_SET	997195816
INSTRUMENT_MAXEV_MEMORY_GUIDE_USER_ACT_SET	782237744
INSTRUMENT_MEMORY_SYSTEM	298886
INSTRUMENT_MOTOR_COOLANT_TEMP_OVER_HIGH	1032917034
INSTRUMENT_MOTOR_TOO_HIGH	1032917022
INSTRUMENT_MUSIC_INFO_RESULT	1108021264
INSTRUMENT_MUSIC_INFO_SET	1140527112
INSTRUMENT_MUSIC_PLAYBACK_PROGRESS_SET	1138753552
INSTRUMENT_MUSIC_SOURCE	970981412
INSTRUMENT_MUSIC_SOURCE_SET	871366704
INSTRUMENT_MUSIC_SOURCE_SET_OLD	1138753584
INSTRUMENT_MUSIC_STATE_SET	1138753546
INSTRUMENT_NAVI_CAM_REMAINING_MILEAGE_SET	1139814428
INSTRUMENT_NAVI_LEAD_MSG_ADVANCED_SET	1139834896
INSTRUMENT_NAVI_SAFETY_REMAINING_MILEAGE_SET	1139818524
INSTRUMENT_NAVI_TRIP_INFO_HOUR_SET	1139810320
INSTRUMENT_NAVI_TRIP_INFO_MILEAGE_SET	1139810344
INSTRUMENT_NAVI_TRIP_INFO_MINUTE_SET	1139810328
INSTRUMENT_NAVI_TRIP_REMAINING_SECOND_SET	1139810334
INSTRUMENT_NAVI_TYPE	1086337074
INSTRUMENT_NAVI_TYPE_SET	1276157976
INSTRUMENT_NETWORK_SYSTEM	1032917036
INSTRUMENT_NFC_KEY_INFORMATION	1077329936
INSTRUMENT_OK_INDICATOR	1032917026
INSTRUMENT_PARKING_BRAKING	1032859666
INSTRUMENT_PLANNED_CAR_DAY	1245712416
INSTRUMENT_PLANNED_CAR_HOUR	1245712424
INSTRUMENT_PLANNED_CAR_MINUTE	1245712432
INSTRUMENT_PLANNED_CAR_MONTH	1245712408
INSTRUMENT_PLANNED_CAR_TODAY_TOMORROW	1245712400
INSTRUMENT_PLANNED_CHARGE_DAY	1245716512
INSTRUMENT_PLANNED_CHARGE_HOUR	1245716520
INSTRUMENT_PLANNED_CHARGE_MINUTE	1245716528
INSTRUMENT_PLANNED_CHARGE_MONTH	1245716504
INSTRUMENT_PLANNED_CHARGE_TODAY_TOMORROW	1245716496
INSTRUMENT_POWER_OFF_ERROR_INFO	1128267808
INSTRUMENT_POWER_OFF_UI_PROMPT	1245712402
INSTRUMENT_POWER_ON_ERROR_INFO	1128267804
INSTRUMENT_PREDICTIVE_BRAKE_SYSTEM	594026
INSTRUMENT_QUICK_AIR_LEAK	1032917015
INSTRUMENT_RADIO_INFO_RESULT	1108152336
INSTRUMENT_RADIO_INFO_SET	1140658184
INSTRUMENT_RADIO_STATE_SET	1138753550
INSTRUMENT_REGISTER_APPLE_KEY_SET	1084842002
INSTRUMENT_REMAINING_DISCHARGE_TIME	597688350
INSTRUMENT_REMAIN_DRIVING_TIME_DAY_SET	1139810340
INSTRUMENT_REMOTE_DRIVING_REMINDER	1128267812
INSTRUMENT_RIGHT_FRONT_LIGHT_SYSTEM	941138
INSTRUMENT_SAFETY_DISPLAY_STATE_SET	1139818520
INSTRUMENT_SAVE_MEMORY_GUIDE_USER_ACT_SET	782237746
INSTRUMENT_SCREEN_TYPE	592445474
INSTRUMENT_SEARCH_APPLE_KEY_RESULT	1077215248
INSTRUMENT_SEARCH_APPLE_KEY_SET	1084842000
INSTRUMENT_SECURITY_ELECTRICITY	1245712440
INSTRUMENT_SEEK_PHISICAL_KEY_RESULT	1077215250
INSTRUMENT_SEND_DESTINATION_STATUS_SET	1138753592
INSTRUMENT_SEND_NAVI_STATUS_SET	1138753594
INSTRUMENT_SMART_KEY_SYS_WARN_LIGHT	315621416
INSTRUMENT_SOC_BALANCE_LOWER_LIMIT	1178607632
INSTRUMENT_SPORT_MEMORY_GUIDE_USER_ACT_SET	782237734
INSTRUMENT_SRS_BREAKDOWN	1032917018
INSTRUMENT_STEERING_SYSTEM	40684
INSTRUMENT_SUNROOF_SYSTEM	364223
INSTRUMENT_SVS_INDICATOR	1032917021
INSTRUMENT_TARGET_COMPANY_ADDRESS_INFO_SET	1140789256
INSTRUMENT_TARGET_HOME_ADDRESS_INFO_SET	1140723720
INSTRUMENT_TARGET_NEXT_PATHNAME_INFO_SET	1140461576
INSTRUMENT_TIRE_PRESSURE_BREAKDOWN	1032917020
INSTRUMENT_TRAFFIC_SIGN_RECOGNITION_SYSTEM	117335
INSTRUMENT_TRANSMISSION_FUNCTION	785631
INSTRUMENT_TRANSMISSION_SYSTEM	867467
INSTRUMENT_TURN_SIGNAL_LEFT_COLOR	644263
INSTRUMENT_TURN_SIGNAL_LEFT_STATE	669117
INSTRUMENT_TURN_SIGNAL_RIGHTT_STATE	154973
INSTRUMENT_TURN_SIGNAL_RIGHT_COLOR	338934
INSTRUMENT_TURN_SIGNAL_SOUND	339738670
INSTRUMENT_UNIT_FUELCON	1246785572
INSTRUMENT_UNIT_FUELCON_DISTANCE	1237319717
INSTRUMENT_UNIT_FUELCON_DISTANCE_ONLINE	-910163931
INSTRUMENT_UNIT_FUELCON_DISTANCE_SET	1312817189
INSTRUMENT_UNIT_FUELCON_ONLINE	-900698076
INSTRUMENT_UNIT_INSTANT_FUELCON	1246761027
INSTRUMENT_UNIT_POWER	339738668
INSTRUMENT_UNIT_POWER_ONLINE	-1807744980
INSTRUMENT_UNIT_POWER_SET	1312817216
INSTRUMENT_UNIT_PRESSURE	1246781504
INSTRUMENT_UNIT_PRESSURE_ONLINE	-900702144
INSTRUMENT_UNIT_PRESSURE_SET	1312817186
INSTRUMENT_UNIT_RESET_SET	1043333190
INSTRUMENT_UNIT_TEMPERATURE	1246769215
INSTRUMENT_UNIT_TEMPERATURE_0A	1246797859
INSTRUMENT_UNIT_TEMPERATURE_ONLINE	-910163936
INSTRUMENT_UNIT_TEMPERATURE_SET	1312817184
INSTRUMENT_WATER_TEMP_METER_PERCENT	1246793752
INSTRUMET_2IN1_CLEAR_FAULT_SET	1276149776
INSTRUMET_2IN1_VIEW_STATUS	653262878
INSTRUMET_2IN1_VIEW_SWITCH_SET	1276149778
INSTRUMET_VIEW_INTERFACE	653262888
LIGHT_ADB_STATE_SET	1125122110
LIGHT_AFS_SWITCH	1237319724
LIGHT_AUTO_SWITCH	859016
LIGHT_CMD_DAY_RUNNING_LIGHT_STATE	1231040528
LIGHT_CMD_DOUBLE_FLASH_STATE	960495667
LIGHT_CMD_REVERSING_LIGHT_STATE	950009876
LIGHT_CMD_SEQUENTIAL_STATE	702193
LIGHT_CMD_STOP_LIGHT_STATE	950009874
LIGHT_DAY_RUNNING_LIGHT_AUTO_STATE	985661476
LIGHT_DAY_RUNNING_LIGHT_AUTO_STATE_3rd	950009894
LIGHT_DAY_RUNNING_LIGHT_AUTO_STATE_SET	1125122118
LIGHT_DAY_RUNNING_LIGHT_CONFIG	950009907
LIGHT_DYNAMIC_COLORFUL_FLAG	679477576
LIGHT_DYNAMIC_COLORFUL_MODE	679477580
LIGHT_DYNAMIC_COLORFUL_MODE_SET	1276153888
LIGHT_DYNAMIC_COLORFUL_SWITHCH_STATE	679477578
LIGHT_DYNAMIC_COLORFUL_SWITHCH_STATE_ONLINE	-1468006070
LIGHT_DYNAMIC_COLORFUL_SWITHCH_STATE_SET	1276153886
LIGHT_EMERGENCY_WARNING_LIGHT_STATE	999175
LIGHT_FOOT_LIGHT	315621432
LIGHT_FRONT_FOG_LIGHT	321912846
LIGHT_GROUP_LEFT_LIGHT	985661451
LIGHT_GROUP_RIGHT_LIGHT	986710027
LIGHT_HAS_DAY_RUNNING_LIGHT_AUTO_3AC	-1161822172
LIGHT_HAS_DAY_RUNNING_LIGHT_AUTO_475	964729
LIGHT_HIGHLIGHT_POSITION_LIGHT_SET	1276219443
LIGHT_HIGH_BEAM_LIGHT	950009868
LIGHT_ILLUMINATION_LEVEL	789116
LIGHT_LEFT_TURN_SIGNAL_LIGHT	321912844
LIGHT_LEFT_TURN_SIGNAL_LIGHT_SWITCH_STATE	314653
LIGHT_LF_ADB_CONFIG	985661474
LIGHT_LF_ADB_STATE	985661468
LIGHT_LOW_BEAM_LIGHT	950009866
LIGHT_LOW_BEAM_LIGHTS_STATE	774992
LIGHT_MUSIC_RHYTHM_MODE	679477584
LIGHT_MUSIC_RHYTHM_MODE_SET	1276153892
LIGHT_REAR_FOG_LAMPS	950009872
LIGHT_REAR_FOG_LIGHT	321912847
LIGHT_RF_ADB_CONFIG	986710050
LIGHT_RF_ADB_STATE	986710044
LIGHT_RIGHT_TURN_SIGNAL_LIGHT	321912845
LIGHT_RIGHT_TURN_SIGNAL_LIGHT_SWITCH_STATE	930167
LIGHT_SIDE_LIGHT	950009864
LIGHT_SMALL_LIGHT_STATE	308866
LIGHT_TURN_SIGNAL_LIGHT	950009900
LIGHT_TURN_SIGNAL_LIGHTS_STATE	305144
LIGHT_TURN_SIGNAL_LIGHT_SWITCH_STATE	321912876
LOCATION_ALTITUDE	689157
LOCATION_ALTITUDE_DECIMAL_SET	759169076
LOCATION_ALTITUDE_DIRECTION_SET	759169094
LOCATION_ALTITUDE_INT_SET	759169080
LOCATION_CHANGE	1008774
LOCATION_FIXPOSITION	233088
LOCATION_FIXPOSITION_SET	759169095
LOCATION_GPS_SPPED_SET	997195784
LOCATION_LATITUDE_DECIMAL_SET	759169032
LOCATION_LATITUDE_INT_SET	759169040
LOCATION_LATITUDE_TYPE	847404
LOCATION_LATITUDE_TYPE_SET	759169039
LOCATION_LATITUDE_VALUE	311087
LOCATION_LATITUDE_VALUE_SET	1028653064
LOCATION_LONGITUDE_DECIMAL_SET	759169048
LOCATION_LONGITUDE_INT_SET	759169056
LOCATION_LONGITUDE_TYPE	805436
LOCATION_LONGITUDE_TYPE_SET	759169055
LOCATION_LONGITUDE_VALUE	965600
LOCATION_LONGITUDE_VALUE_SET	1028653096
LOCATION_ORIENTATION	639440
LOCATION_ORIENTATION_SET	759169064
LOCATION_SET_LOCATION_INFO_SET	-1442840524
LOCATION_VISIBLE_SATELLITE_NUMBER_SET	997195792
MONITOR_AUTOSERVICE	-1728053207
MONITOR_AUTOSERVICE_SET	-1442840540
MOTOR_ANGLE	679900
MOTOR_LOCK	229332
MOTOR_LOCK_SET	691196
MOTOR_POS	567311
MOTOR_POWER_STATE	343410
MOTOR_POWER_STATE_SET	281427
MOTOR_SPEED	904136
MOTOR_STATE	738959
MOTOR_STATE_SET	474547
MQTT_DIAGNOSE_GUID_UUID	-1728052981
MQTT_DIAGNOSE_RESULT	-1728052982
MQTT_DIAGNOSE_RESULT_SET	-1442840310
MQTT_DYNAMIC_DATA_CALLBACK	-1728052891
MQTT_RESET_MODEM_STATUS	374251
MQTT_RESET_MODEM_STATUS_SET	619298
MQTT_SENT_MONITOR_TABLE_SET	-1442840219
MQTT_VHDS_TWOC_SERVICE_CALLBACK	-1728052889
MQTT_VHDS_TWOC_SETVICE_INFO_SET	-1442840217
ONLINE_HAS_0x005500	89128960
ONLINE_HAS_0x00A500	384176
ONLINE_HAS_0x00D500	223346688
ONLINE_HAS_0x010D00	282066944
ONLINE_HAS_0x012300	305135616
ONLINE_HAS_0x013B00	330301440
ONLINE_HAS_0x01DA00	567461
ONLINE_HAS_0x020800	924118
ONLINE_HAS_0x021800	562036736
ONLINE_HAS_0x022300	573571072
ONLINE_HAS_0x02FC00	522188
ONLINE_HAS_0x033700	862978048
ONLINE_HAS_0x034100	873463808
ONLINE_HAS_0x037300	356968
ONLINE_HAS_0x03BA00	1000341504
ONLINE_HAS_0x03CD00	1020264448
ONLINE_HAS_0x03F100	1058013184
ONLINE_HAS_0x03FF00	1072693248
ONLINE_HAS_0x040400	1077936128
ONLINE_HAS_0x041800	1098907648
ONLINE_HAS_0x041E00	1105199104
ONLINE_HAS_0x044900	1150287872
ONLINE_HAS_0x046B00	972880
ONLINE_HAS_0x048100	1209008128
ONLINE_HAS_0x048F00	1223688192
ONLINE_HAS_0x04B600	1264582656
ONLINE_HAS_0x04C702	840807
ONLINE_HAS_0x04D902	1301291008
ONLINE_HAS_0x04F401	1329598464
ONLINE_HAS_0x04F600	1331691520
OTA_BACKUP_DOWNLOAD_COMMAND	903872534
OTA_BATTERY_POWER_VOLTAGE	1128267816
OTA_BATTERY_VOLTAGE	1150289944
OTA_CAN_INFO_SWITCH_STATE_SET	271006
OTA_CMD_ACK	163603
OTA_CMD_CAN_INFO	505539
OTA_CMD_DATA_SET	979098
OTA_CMD_ECL_POWER_ON_SET	1235223560
OTA_CMD_ECU_GET_FAULTCODE	831291
OTA_CMD_ECU_GET_FAULTCODE_SET	809554
OTA_CMD_ECU_GET_SOFTCODE2_SET	614323
OTA_CMD_ECU_GET_SOFTCODE_SET	714594
OTA_CMD_ECU_GET_VER2_SET	350250
OTA_CMD_ECU_GET_VER_SET	552969
OTA_CMD_ECU_SOFTCODE	256763
OTA_CMD_ECU_VER	157571
OTA_CMD_ECU_VER_SOFTCODE	-1728053165
OTA_CMD_ECU_VER_SOFTCODE_SET	-1442840526
OTA_CMD_ENTER_OTA_MODE_SET	1235223564
OTA_CMD_EXIT_CHARGING_DIS_SET	1235223563
OTA_CMD_EXIT_SMART_CHARGING_SET	1235223562
OTA_CMD_FINISH_SET	-1442840306
OTA_CMD_MCU_DATA	-1728053187
OTA_CMD_MCU_DATA_SET	-1442840511
OTA_CMD_OTA_HIGH_VOLTAGE_MODULE_SET	1235223580
OTA_CMD_OTA_POWER_CMD_SET	1235223565
OTA_CMD_SERVICE_DATA_SET	873073
OTA_CMD_TARGET_CAN_ID_SET	21803
OTA_DATA_WITH_CHANNEL_SET	848922
OTA_DISCHARGE_MAIN_CONTACTOR_STATE	876609552
OTA_DOUBLE_DIFF_DOWNLOAD_FLAG_SET	1235223568
OTA_DYNAMIC_DATA_CALLBACK	-1728053218
OTA_LF_DOOR_LOCK	1081081864
OTA_LOCAL_DIAG_STATUS	1327499272
OTA_MULTI_FRAME_ACK	-1728052927
OTA_MULTI_FRAME_CANDATA	-1728052928
OTA_MULTI_FRAME_SET	-1442840256
OTA_PLATFORM_CONFIG	-1728052892
OTA_POWEROFF_INFORM	315621414
OTA_POWERON_FORBID	315621407
OTA_REBOOT_RECOVERY_SUCCESS_SET	-1442840304
OTA_RECOVERY_STATE	-1728052975
OTA_RECOVERY_STATE_QUERY	-1442840303
OTA_RECOVERY_STATE_RESET	-1442840302
OTA_SCREEN_CTL_SET	44626
OTA_SENT_MONITOR_TABLE_SET	-1442840544
OTA_SET_MCU_MESSAGE_SET	-1442840305
OTA_SMART_POWER_CONFIG	1178628152
OTA_SMART_POWER_ERROR_REASON	292328
OTA_SMART_POWER_PROCESS	785383470
OTA_SMART_POWER_SET	1235223570
OTA_START_SET	-1442840307
OTA_STATE	1128267824
OTA_SYNC_MCU_STATE	-1728053163
OTA_SYNC_MCU_STATE_SET	-1442840505
OTA_TARGET_CAN_ID_WITH_CHANNEL_SET	337076
OTA_TIMECOUNT_CTL_HOUR_SET	1234173968
OTA_TIMECOUNT_CTL_INSTALL_SET	1234173960
OTA_TIMECOUNT_CTL_MINUTE_SET	1234173976
OTA_TIMECOUNT_CTL_USER_SET	1234173962
OTA_TIMECOUNT_STATE	89128968
OTA_UPGRADE_INFO_SET	1235223576
PANORAMA_ACU_STATE	864026632
PANORAMA_APA_AVM_MODE	1306529862
PANORAMA_APA_OUTPUT_STATUS	1306529828
PANORAMA_APA_OUTPUT_STATUS2	1306529832
PANORAMA_APA_STATE	322961416
PANORAMA_APA_TRANSPARENT_SWITCH	1329598494
PANORAMA_APA_TRANSPARENT_SWITCH_SET	1306529856
PANORAMA_BACK_LINE_CONFIG	1329598496
PANORAMA_CAMERA_LIFT_CTRL	-1728052925
PANORAMA_CAMERA_LIFT_CTRL_SET	-1442840253
PANORAMA_CAR_BODY_STATE	1329598504
PANORAMA_EMERGENCY_BUTTON_STATE	862978056
PANORAMA_FOCUS_SET	769940
PANORAMA_HAS_ACU	862978048
PANORAMA_LVDS_STATE	1329598498
PANORAMA_LVDS_STATE_SET	1330643008
PANORAMA_OFFLINE_STATE	1329598464
PANORAMA_ONLINE_STATE	1329598501
PANORAMA_OPERATION_SET	180979
PANORAMA_OUTPUT_SIGNAL	1329598490
PANORAMA_OUTPUT_STATE	1329598480
PANORAMA_OUTPUT_STATE_SET	1306529808
PANORAMA_REMOTE_CALL	1306529858
PANORAMA_REMOTE_CALL_SUPPORT	1329598508
PANORAMA_RINGHT_CAMERA_SWITCH	1086328862
PANORAMA_RINGHT_CAMERA_SWITCH_SET	503316503
PANORAMA_ROTATION	1329598492
PANORAMA_ROTATION_SET	1306529826
PANORAMA_SET_PRESS_ACTION_SET	1052770326
PANORAMA_SET_RESOLUTION_HIGH_SET	1052770360
PANORAMA_SET_RESOLUTION_WIDE_SET	1052770344
PANORAMA_SET_TOUCH_X_SET	1052770312
PANORAMA_SET_TOUCH_Y_SET	1052770328
PANORAMA_TRANSPARENCE_SWITCH_SET	-1442840504
PANORAMA_WORK_MODE	1329598484
PANORAMA_WORK_MODE_SET	1306529812
PANORAMA_WORK_STATE	1329598488
PHONE_EVENT	878058
PHONE_INFO_ST_SET	427689
PHONE_MUTE	281749
PHONE_MUTE_SET	760778
PHONE_NAME_SET	497951
PHONE_NUMBER_SET	681600
PM25_ANION_CONFIG	1127219237
PM25_ANION_STATE	1033895958
PM25_ANION_STATE_SET	1337982994
PM25_DUAL_CHANNEL_DETECT_CONFIG	1331691574
PM25_DUAL_CHANNEL_DETECT_STATE	1331691577
PM25_DUAL_CHANNEL_DETECT_STATE_SET	1330642970
PM25_GREEN_NET_SYSTEM_STATE	1033895956
PM2P5_ALL_STATUS_SET	1005214
PM2P5_LEVEL_CHANGED	-1728053202
PM2P5_LEVEL_IN	1331691568
PM2P5_LEVEL_OUT	1331691571
PM2P5_ONLINE_STATE	1331691520
PM2P5_PROMPT_INFO	1331691564
PM2P5_STATE_CHANGED	-1728053203
PM2P5_STATE_IN	1331691560
PM2P5_STATE_OUT	1331691562
PM2P5_VALUE_CHANGED	-1728053204
PM2P5_VALUE_IN	1331691536
PM2P5_VALUE_OUT	1331691548
PM2P5_WARNING_INFO	1331691564
POWER_ACC_STATUS	-1728053193
POWER_BATTERY_BIGDATA_MONITOR_EV	882903098
POWER_BATTERY_BIGDATA_MONITOR_EV_CAN0	882901050
POWER_BATTERY_BIGDATA_MONITOR_HEV	1332746262
POWER_BATTERY_BIGDATA_MONITOR_HEV_CAN0	1332744214
POWER_BATTERY_MANAGER_TYPE	903872520
POWER_BATTERY_REMAIN_ELECTRICITY	882901008
POWER_BCM_POWER_ON_LEVEL_SET	187391
POWER_DISPLAY_OWNER	147863
POWER_DISPLAY_OWNER_SET	226271
POWER_DSP_RESET_SET	-1442840503
POWER_FREESCALE_POWER	558140
POWER_FREESCALE_RESET	775583
POWER_IVI_BOOT_ANIMATION_STATUS_SET	503316542
POWER_LOW_VOLTAGE	315621437
POWER_MCU_STATUS	-1728053245
POWER_MCU_STATUS_SET	-1442840502
POWER_MOTOR_POWER	521526
POWER_OUTPUT_12V	698411
POWER_OUTPUT_12V_SET	514794
POWER_OUTPUT_5V	284722
POWER_OUTPUT_5V_SET	270022
POWER_PAD_BOOT	244981
POWER_PAD_RESET_SET	431878
POWER_QCOM_REBOOT_STATE_SET	-1442840501
POWER_QCOM_WAKEUP_SET	-1442840500
POWER_SELF_AWAKE_STATE	903872573
POWER_SHUTDOWN_INFO_PAD	65011720
POWER_SYSTEM_SUSPEND	516164
POWER_TFT_BACKLIGHT	153356
POWER_TFT_BACKLIGHT_SET	759065
POWER_TFT_TP_POWER	544665
POWER_TFT_TP_POWER_SET	923377
POWER_TP_OWNER	383775
POWER_TP_OWNER_SET	175532
POWER_VOLTAGE_UNBALANCED_ALARM	882903102
POWER_VOLTAGE_UNBALANCED_ALARM_CAN0	882901054
RADAR_MANUFACTURE	539453
RADAR_MR_OBSTACLE_DIS	-1728053143
RADAR_MR_SONDE_STATUS	-1728053127
RADAR_OBSTACLE_DISTANCE_FRONT_LEFT_MID	-1728053150
RADAR_OBSTACLE_DISTANCE_FRONT_RIGHT_MID	-1728053149
RADAR_OBSTACLE_DISTANCE_LEFT	-1728053147
RADAR_OBSTACLE_DISTANCE_LEFT_FRONT	-1728053151
RADAR_OBSTACLE_DISTANCE_LEFT_REAR	-1728053146
RADAR_OBSTACLE_DISTANCE_RIGHT	-1728053144
RADAR_OBSTACLE_DISTANCE_RIGHT_FRONT	-1728053148
RADAR_OBSTACLE_DISTANCE_RIGHT_REAR	-1728053145
RADAR_PROBE_STATE_FRONT_LEFT_MID	-1728053134
RADAR_PROBE_STATE_FRONT_RIGHT_MID	-1728053133
RADAR_PROBE_STATE_LEFT	-1728053131
RADAR_PROBE_STATE_LEFT_FRONT	-1728053135
RADAR_PROBE_STATE_LEFT_REAR	-1728053130
RADAR_PROBE_STATE_RIGHT	-1728053128
RADAR_PROBE_STATE_RIGHT_FRONT	-1728053132
RADAR_PROBE_STATE_RIGHT_REAR	-1728053129
RADAR_REVERSE_RADAR_SWITCH_STATE	644874296
RADAR_REVERSE_RADAR_SWITCH_STATE_SET	728693
RADAR_REVERSE_RADAR_SWITCH_STATE_SET1	1330642952
RADAR_REVERSE_RADAR_SWITCH_STATE_SET2	1330643015
RADAR_SOUND_STATE_SET	1330643003
RADIO_AM_INIT_ENDFREQ	856297504
RADIO_AM_INIT_ENDFREQ_SET	1309282336
RADIO_AM_INIT_STARTFREQ	856297488
RADIO_AM_INIT_STARTFREQ_SET	1309282320
RADIO_AM_INIT_STEP	856297520
RADIO_AM_INIT_STEP_SET	1309282352
RADIO_CURRENT_FREQ	856301600
RADIO_CURRENT_STATUS	856301584
RADIO_ENABLE_AF_SET	-1442840202
RADIO_ENABLE_TA_TP_SET	-1442840203
RADIO_FM_INIT_ENDFREQ	856293408
RADIO_FM_INIT_ENDFREQ_SET	1309278240
RADIO_FM_INIT_STARTFREQ	856293392
RADIO_FM_INIT_STARTFREQ_SET	1309278224
RADIO_FM_INIT_STEP	856293424
RADIO_FM_INIT_STEP_SET	1309278256
RADIO_MCU_NEED_FM_INFO	-1728052908
RADIO_NEXT_STATUS	856309776
RADIO_PAUSE_TA_SET	-1442840201
RADIO_PLAY_BAND	856301584
RADIO_PLAY_BAND_SET	1309286416
RADIO_PLAY_FREQ	856301600
RADIO_PLAY_FREQ_SET	1309286432
RADIO_POWER	856322064
RADIO_POWER_SET	1309306896
RADIO_PREV_STATUS	856313872
RADIO_SEARCH_BAND	856334368
RADIO_SEARCH_FREQ	856334384
RADIO_SEARCH_NEXT	966699
RADIO_SEARCH_NEXT_SET	1309294608
RADIO_SEARCH_PREV	656101
RADIO_SEARCH_PREV_SET	1309298704
RADIO_SEARCH_RESULT	-1728053185
RADIO_SEARCH_START_SET	1309290512
RADIO_SEARCH_STATUS	856334352
RADIO_SEARCH_STOP	856317968
RADIO_SEARCH_STOP_SET	1309302800
RADIO_TA_PLAYING	-1728052877
REAR_VIEW_MIRROR_ANTIGLARE_STATE	999292984
REAR_VIEW_MIRROR_STATE	1011875887
REMINDER	90593
REMINDER_VOICE_WARN	785383464
RESCUE_CALL_AIRBAG_STATE	146800648
RESCUE_ECALL_HANGUP	1152385036
RESCUE_INFO_FROM_MCU	1070596116
RESCUE_INFO_FROM_MCU_2nd	-1728053221
RESCUE_INFO_TO_MCU_SET	-1442840536
RESCUE_ONE_TOUCH_ALARM_STATE_DEPUTY	1008730122
RESCUE_ONE_TOUCH_ALARM_STATE_MAIN	1008730120
RESCUE_ONE_TOUCH_ALARM_STATE_REAR	1008730124
RESCUE_ONE_TOUCH_ALARM_STATE_SET	1069547571
RESCUE_PAB_SW_SWITCH_STATUS	146800679
RSE_IVI_ALLOW_FOLLOW_LINK_TO_RSE_SET	439346
RSE_IVI_ALLOW_USE_AUDIO_PAD_TO_RSE_SET	503316527
RSE_IVI_AUDIO_CTL_TO_L_RSE_SET	457179146
RSE_IVI_AUDIO_CTL_TO_R_RSE_SET	457179147
RSE_IVI_FOLLOW_LINK_ENCRYPTION_TO_RSE_SET	358889
RSE_IVI_FOLLOW_LINK_PASSWORD_TO_RSE_SET	631449
RSE_IVI_FOLLOW_LINK_USERNAME_TO_RSE_SET	474692
RSE_IVI_HOTSPOT_ENCRYPTION_TO_RSE_SET	406445
RSE_IVI_HOTSPOT_NUM_LIMIT_TO_RSE_SET	34551
RSE_IVI_HOTSPOT_PASSWORD_TO_RSE_SET	708303
RSE_IVI_HOTSPOT_RESET_TO_RSE_SET	442255
RSE_IVI_HOTSPOT_STATE_TO_RSE_SET	857920
RSE_IVI_HOTSPOT_USERNAME_TO_RSE_SET	201973
RSE_IVI_KARO_STATE_TO_RSE_SET	457179154
RSE_IVI_KID_MODE_TO_L_RSE_SET	457179144
RSE_IVI_KID_MODE_TO_R_RSE_SET	457179145
RSE_IVI_LEFT_CAST_TO_RSE_SET	693646
RSE_IVI_LINK_CTL_TO_L_RSE_SET	457179150
RSE_IVI_LINK_CTL_TO_R_RSE_SET	457179152
RSE_IVI_MAC_TO_RSE_SET	438603
RSE_IVI_MONITOR_TO_L_RSE_SET	457179148
RSE_IVI_MONITOR_TO_R_RSE_SET	457179149
RSE_IVI_NOTICE_AUDIO_CURRENT_STATE_TO_RSE	457179160
RSE_IVI_PAD_TO_LRSE_CAST_SCREEN_DIST_SET	1276227632
RSE_IVI_PAD_TO_LRSE_CHILD_MODE_OPEN_TIME_SET	1139822608
RSE_IVI_PAD_TO_LRSE_CHILD_MODE_PASSWORD_SET	1139826704
RSE_IVI_PAD_TO_LRSE_CHILD_MODE_SWITCH_STATUS_SET	1276227620
RSE_IVI_PAD_TO_LRSE_SWITCH_MACHINE_INST_SET	457179164
RSE_IVI_PAD_TO_LRSE_SWITCH_MACHINE_STATUS_SET	503316544
RSE_IVI_PAD_TO_RRSE_CAST_SCREEN_DIST_SET	1276227634
RSE_IVI_PAD_TO_RRSE_CHILD_MODE_OPEN_TIME_SET	1139822616
RSE_IVI_PAD_TO_RRSE_CHILD_MODE_PASSWORD_SET	1139830800
RSE_IVI_PAD_TO_RRSE_CHILD_MODE_SWITCH_STATUS_SET	1276227622
RSE_IVI_PAD_TO_RRSE_SWITCH_MACHINE_INST_SET	457179166
RSE_IVI_PAD_TO_RRSE_SWITCH_MACHINE_STATUS_SET	503316545
RSE_IVI_PAD_TO_RSE_CAST_SCREEN_STATUS_SET	1309671484
RSE_IVI_PAD_TO_RSE_DEFAULT_SOUND_MODE_STATUS_SET	1083183141
RSE_IVI_PAD_TO_RSE_HOTSPOT_ENCRYPTION_METHOD_SET	1139847184
RSE_IVI_PAD_TO_RSE_KSONG_AMBIENT_LIGHT_STATUS_SET	1083191322
RSE_IVI_PAD_TO_RSE_KSONG_METHOD_SET	1276227636
RSE_IVI_PAD_TO_RSE_KSONG_STATUS_SET	503316528
RSE_IVI_PAD_TO_RSE_MICRO_VOLUME_STATUS_SET	1083183152
RSE_IVI_PAD_TO_RSE_MICR_CONTROL_KEY10_SET	1276227624
RSE_IVI_PAD_TO_RSE_MICR_CONTROL_KEY1_SET	1276227600
RSE_IVI_PAD_TO_RSE_MICR_CONTROL_KEY2_SET	1276227602
RSE_IVI_PAD_TO_RSE_MICR_CONTROL_KEY3_SET	1276227604
RSE_IVI_PAD_TO_RSE_MICR_CONTROL_KEY4_SET	1276227606
RSE_IVI_PAD_TO_RSE_MICR_CONTROL_KEY5_SET	1276227612
RSE_IVI_PAD_TO_RSE_MICR_CONTROL_KEY6_SET	1083191312
RSE_IVI_PAD_TO_RSE_MICR_CONTROL_KEY7_SET	1276227614
RSE_IVI_PAD_TO_RSE_MICR_CONTROL_KEY8_SET	1083191320
RSE_IVI_PAD_TO_RSE_MICR_CONTROL_KEY9_SET	1276227616
RSE_IVI_PAD_TO_RSE_MICR_RECEIVER_CONNECTION_STATUS_SET	1083191316
RSE_IVI_PAD_TO_RSE_MULT_WIFI_STATUS_FEEDBACK	503316532
RSE_IVI_PAD_TO_RSE_MULT_WIFI_STATUS_SET	1309671480
RSE_IVI_PAD_TO_RSE_PAD_MAC_ADDRESS_SET	1139851280
RSE_IVI_PAD_TO_RSE_RECEIVER_DILINK_CONNECTION_STATUS_SET	1083191318
RSE_IVI_PAD_TO_RSE_REVERB_SETTING_STATUS_SET	1083183156
RSE_IVI_PAD_TO_RSE_WIFI_PASSWORD_SET	1140264968
RSE_IVI_PAD_TO_RSE_WIFI_USERNAME_SET	1140330504
RSE_IVI_PHONE_STATUS_PAD_TO_RSE_SET	1111490600
RSE_IVI_RIGHT_CAST_TO_RSE_SET	814265
RSE_IVI_SCREEN_OFF_TO_L_RSE_SET	764981
RSE_IVI_SCREEN_OFF_TO_R_RSE_SET	955316
RSE_IVI_START_KARO_WAY_TO_RSE_SET	138502
RSE_IVI_USE_AUDIO_PAD_TO_RSE_SET	503316548
RSE_IVI_WIFI_STATE_TO_RSE_SET	850870
RSE_LIGHT_INTENSITY	23223
RSE_LR_DEVICE_PROP	-1728052980
RSE_L_ALLOW_FOLLOW_LINK_FB_TO_IVI_SET	412098584
RSE_L_ATL_AREA_SET	948768
RSE_L_ATL_BRIGHTNESS_SET	630092
RSE_L_ATL_COLOR_SET	825023
RSE_L_ATL_RESET_FLAG_SET	2961
RSE_L_ATL_VOICE_CTL_FLAG_SET	238233
RSE_L_AUDIO_SWITCH_FB_TO_IVI_SET	412098594
RSE_L_BLN_COLOR1_SET	412119058
RSE_L_BLN_COLOR2_SET	412119064
RSE_L_BLN_COLOR3_SET	412119072
RSE_L_BLN_MODE_SET	412119056
RSE_L_CAST_STATE_SET	278070
RSE_L_FOLLOW_LINK_PASSWORD_FB_TO_IVI_SET	412098582
RSE_L_FOLLOW_LINK_USERNAME_FB_TO_IVI_SET	412098580
RSE_L_FRONT_CAST_FB_TO_IVI_SET	412098603
RSE_L_HOTSPOT_LINK_STATE_SET	938638
RSE_L_HOTSPOT_PASSWORD_FB_TO_IVI_SET	412098578
RSE_L_HOTSPOT_USERNAME_FB_TO_IVI_SET	412098576
RSE_L_KID_MODE_FB_TO_IVI_SET	412098586
RSE_L_LINK_CTL_FB_TO_IVI_SET	412098590
RSE_L_MAC_TO_IVI_SET	412094480
RSE_L_MASSAGE_LEVEL_LR_SET	781217
RSE_L_MASSAGE_LEVEL_RR_SET	867902
RSE_L_MASSAGE_MODE_LR_SET	626946
RSE_L_MASSAGE_MODE_RR_SET	55241
RSE_L_MONITOR_SWITCH_FB_TO_IVI_SET	412098592
RSE_L_REQUEST_AUDIO_TO_PAD_SET	412098608
RSE_L_REQUEST_AUDIO_TO_R_RSE_SET	412098611
RSE_L_REQUEST_TO_IVI_PAD_RRSE_AUDIO	412098630
RSE_L_REQ_SYNC_LINK_INFO_SET	412098605
RSE_L_REQ_SYNC_MEDIA_INFO_SET	412098606
RSE_L_RHYTHM_COLOR1_SET	412119082
RSE_L_RHYTHM_COLOR2_SET	412119088
RSE_L_RHYTHM_COLOR3_SET	412119096
RSE_L_RHYTHM_MODE_SET	412119080
RSE_L_RIGHT_CAST_TO_IVI_SET	412098598
RSE_L_SCREEN_OFF_FB_TO_IVI_SET	412098596
RSE_L_SCREEN_SWITCH_FB_TO_IVI_SET	34659
RSE_L_SEND_KEYEVENT_SET	478507
RSE_L_START_KARO_WAY_SET	412098600
RSE_L_TO_IVI_PAD_AMBIENT_LIGHT_MUSIC_RHYTHM_SETTING	412155936
RSE_L_TO_IVI_PAD_APPLY_CHILD_MODE_TIME_PASSWORD	412098620
RSE_L_TO_IVI_PAD_CAMERA_STATUS	412160016
RSE_L_TO_IVI_PAD_CAST_STATE	1001390090
RSE_L_TO_IVI_PAD_CHILD_MODE_PASSWORD_FEEDBACK	412098616
RSE_L_TO_IVI_PAD_CHILD_MODE_SWITCH	1001390116
RSE_L_TO_IVI_PAD_CHILD_MODE_TIME_FEEDBACK	412098618
RSE_L_TO_IVI_PAD_HOTSPOT_LINK_STATE	1001390088
RSE_L_TO_IVI_PAD_HOTSPOT_LOCKED_METHOD_FEEDBACK	412114970
RSE_L_TO_IVI_PAD_KSONG_SYSTEM_RESET_SETTING	412155935
RSE_L_TO_IVI_PAD_MEDIA_STATUS_CONTROL	412098626
RSE_L_TO_IVI_PAD_MICRO_VOLUME_SETTING	412155922
RSE_L_TO_IVI_PAD_MUSIC_SOURCE_SWITCH	412098624
RSE_L_TO_IVI_PAD_MUSIC_SWITCH	412098628
RSE_L_TO_IVI_PAD_PRESET_SOUND_MODE_SETTING	412155932
RSE_L_TO_IVI_PAD_REQUEST_TO_TURN_ON_WIFI	412155920
RSE_L_TO_IVI_PAD_REVERB_SETTING	412155928
RSE_L_TO_IVI_PAD_RRSE_KSONG_STATUS	1001390118
RSE_L_TO_IVI_PAD_RRSE_REQUEST_OPEN_AUDIO_SWITCH	356524048
RSE_L_TO_IVI_PAD_SWITCH_MACHINE_STATUS	1001390091
RSE_L_VOLUME_TO_IVI_PAD	1001390096
RSE_L_VOLUME_TO_PAD_SET	355520
RSE_MUSIC_SOURCE	706434
RSE_MUSIC_STATE	821550
RSE_RADIO_STATE	668361
RSE_R_ALLOW_FOLLOW_LINK_FB_TO_IVI_SET	422584344
RSE_R_ATL_AREA_SET	880266
RSE_R_ATL_BRIGHTNESS_SET	1046055
RSE_R_ATL_COLOR_SET	258996
RSE_R_ATL_RESET_FLAG_SET	753876
RSE_R_ATL_VOICE_CTL_FLAG_SET	786813
RSE_R_AUDIO_SWITCH_FB_TO_IVI_SET	422584354
RSE_R_BLN_COLOR1_SET	703673
RSE_R_BLN_COLOR2_SET	767873
RSE_R_BLN_COLOR3_SET	149430
RSE_R_BLN_MODE_SET	318074
RSE_R_CAST_STATE_SET	272150
RSE_R_FOLLOW_LINK_PASSWORD_FB_TO_IVI_SET	422584342
RSE_R_FOLLOW_LINK_USERNAME_FB_TO_IVI_SET	422584340
RSE_R_FRONT_CAST_FB_TO_IVI_SET	422584363
RSE_R_HOTSPOT_LINK_STATE_SET	811969
RSE_R_HOTSPOT_PASSWORD_FB_TO_IVI_SET	422584338
RSE_R_HOTSPOT_USERNAME_FB_TO_IVI_SET	422584336
RSE_R_KID_MODE_FB_TO_IVI_SET	422584346
RSE_R_LINK_CTL_FB_TO_IVI_SET	422584350
RSE_R_MAC_TO_IVI_SET	422580240
RSE_R_MASSAGE_LEVEL_LR_SET	207393
RSE_R_MASSAGE_LEVEL_RR_SET	468698
RSE_R_MASSAGE_MODE_LR_SET	702529
RSE_R_MASSAGE_MODE_RR_SET	278216
RSE_R_MONITOR_SWITCH_FB_TO_IVI_SET	422584352
RSE_R_REQUEST_AUDIO_TO_L_RSE_SET	422584371
RSE_R_REQUEST_AUDIO_TO_PAD_SET	422584368
RSE_R_REQUEST_TO_IVI_PAD_LRSE_AUDIO	422584390
RSE_R_REQ_SYNC_LINK_INFO_SET	422584365
RSE_R_REQ_SYNC_MEDIA_INFO_SET	422584366
RSE_R_RHYTHM_COLOR1_SET	1020917
RSE_R_RHYTHM_COLOR2_SET	402221
RSE_R_RHYTHM_COLOR3_SET	5207
RSE_R_RHYTHM_MODE_SET	345321
RSE_R_RIGHT_CAST_TO_IVI_SET	422584358
RSE_R_SCREEN_OFF_FB_TO_IVI_SET	422584356
RSE_R_SCREEN_SWITCH_FB_TO_IVI_SET	12953
RSE_R_SEND_KEYEVENT_SET	289861
RSE_R_START_KARO_WAY_SET	422584360
RSE_R_TO_IVI_PAD_AMBIENT_LIGHT_MUSIC_RHYTHM_SETTING	422641696
RSE_R_TO_IVI_PAD_APPLY_CHILD_MODE_TIME_PASSWORD	422584380
RSE_R_TO_IVI_PAD_CAMERA_STATUS	422645776
RSE_R_TO_IVI_PAD_CAST_STATE	1015021578
RSE_R_TO_IVI_PAD_CHILD_MODE_PASSWORD_FEEDBACK	422584376
RSE_R_TO_IVI_PAD_CHILD_MODE_SWITCH	1015021604
RSE_R_TO_IVI_PAD_CHILD_MODE_TIME_FEEDBACK	422584378
RSE_R_TO_IVI_PAD_HOTSPOT_LINK_STATE	1015021576
RSE_R_TO_IVI_PAD_HOTSPOT_LOCKED_METHOD_FEEDBACK	422600730
RSE_R_TO_IVI_PAD_KSONG_SYSTEM_RESET_SETTING	422641695
RSE_R_TO_IVI_PAD_LRSE_KSONG_STATUS	1015021606
RSE_R_TO_IVI_PAD_LRSE_REQUEST_OPEN_AUDIO_SWITCH	359669776
RSE_R_TO_IVI_PAD_MEDIA_STATUS_CONTROL	422584386
RSE_R_TO_IVI_PAD_MICRO_VOLUME_SETTING	422641682
RSE_R_TO_IVI_PAD_MUSIC_SOURCE_SWITCH	422584384
RSE_R_TO_IVI_PAD_MUSIC_SWITCH	422584388
RSE_R_TO_IVI_PAD_PRESET_SOUND_MODE_SETTING	422641692
RSE_R_TO_IVI_PAD_REQUEST_TO_TURN_ON_WIFI	422641680
RSE_R_TO_IVI_PAD_REVERB_SETTING	422641688
RSE_R_TO_IVI_PAD_SWITCH_MACHINE_STATE	1015021579
RSE_R_VOLUME_TO_IVI_PAD	1015021584
RSE_R_VOLUME_TO_PAD_SET	430034
SAFETY_BELT_COMMAND_AREA_DEPUTY	315621439
SAFETY_BELT_COMMAND_AREA_MAIN	-1455423464
SAFETY_BELT_COMMAND_AREA_SECOND_ROW_SEAT_LEFT	755989
SAFETY_BELT_COMMAND_AREA_SECOND_ROW_SEAT_MID	484384
SAFETY_BELT_COMMAND_AREA_SECOND_ROW_SEAT_RIGHT	1196425242
SAFETY_BELT_MSR_481_ONLINE	1209008128
SAFETY_BELT_MSR_STATE	1209008168
SAFETY_BELT_MSR_STATE_SET	944767004
SAFETY_BELT_PASSENGER_COMMAND_DEPUTY	315621391
SAFETY_BELT_PASSENGER_COMMAND_SECOND_ROW_SEAT_LEFT	824180760
SAFETY_BELT_PASSENGER_COMMAND_SECOND_ROW_SEAT_MID	824180762
SAFETY_BELT_PASSENGER_COMMAND_SECOND_ROW_SEAT_RIGHT	824180764
SAFETY_BELT_REMINDER	89129027
SECURITY_STATE_S	748507
SENSOR_AUTO_SLOPE	573571116
SENSOR_AUTO_SLOPE_2nd	1090519076
SENSOR_AX_223	573571080
SENSOR_AX_OFFSET_223	573571092
SENSOR_AX_STATUS_223	573571135
SENSOR_AY_223	573571104
SENSOR_AY_STATUS_223	573571134
SENSOR_G_SENSOR_OR_ANGLE_SET	1113587720
SENSOR_HUMIDITY	740567
SENSOR_LIGHT	315621396
SENSOR_TEMPERATURE	796311
SENSOR_YAW_RATE_SIGNAL	572523528
SENSOR_YAW_RATE_STATUS	572523559
SETTING_ATTENTION_MONITOR_SET	784334888
SETTING_AUTO_CRUISE_PROMPT	852492318
SETTING_BLADE_BATTERY_COOLANT_LIFE_RESET_BUTTON_SET	782237752
SETTING_BRAKE_FLUID_LIFE_RESET_BUTTON_SET	782237754
SETTING_CROSSING_LANE_NUMBER_VALID_SET	1285554204
SETTING_DISTRACT_MONITOR_STATE	784334862
SETTING_DMS_SELFCHECK_STATE	784334866
SETTING_DRIVER_INTERSETING_AREA_SET	784334880
SETTING_DRIVER_PRESENCE_MONITOR_SET	784334885
SETTING_DRIVING_LONG_TIME_MONITOR_STATE	784334864
SETTING_FACE_RECOGNITION_REQUEST_UNLOCK_SET	784334872
SETTING_FACE_REGISTER_SCAN	784334856
SETTING_FATIGUE_MONITOR_STATE	784334859
SETTING_FATIGUE_RELIEF_SWITCH_SET	784334892
SETTING_FATIGUE_RELIEF_TEM_SET	784334876
SETTING_FRONT_CROSSING_LANE_NUMBER_SET	1285554200
SETTING_LANE_10_STATES_SET	1285554264
SETTING_LANE_11_STATES_SET	1285554268
SETTING_LANE_12_STATES_SET	1285554272
SETTING_LANE_1_STATES_SET	1285554208
SETTING_LANE_2_STATES_SET	1285554212
SETTING_LANE_3_STATES_SET	1285554216
SETTING_LANE_4_STATES_SET	1285554220
SETTING_LANE_5_STATES_SET	1285554224
SETTING_LANE_6_STATES_SET	1285554228
SETTING_LANE_7_STATES_SET	1285554232
SETTING_LANE_8_STATES_SET	1285554236
SETTING_LANE_9_STATES_SET	1285554260
SETTING_LONG_TERM_COOLANT_LIFE_RESET_BUTTON_SET	782237753
SETTING_MPC_IFC_NAVI_ST_SET	1285554251
SETTING_MPC_ZONE_CODE_SET	1285554253
SETTING_NAVI_CORP_SET	1285554248
SETTING_NFC_UNLOCK_START_TIME_SET	415457296
SETTING_OFF_FRONT_CROSSING_DIS_SET	1285554184
SETTING_OFF_FRONT_TUNNEL_DIS_SET	1285554192
SETTING_PRE_SALE_MODE_CONFIG	879755272
SETTING_PRE_SALE_MODE_SET	782237748
SETTING_PRE_SALE_MODE_STATE	879755273
SETTING_REGISTER_APPLE_KEY_SET	415457301
SETTING_REQUEST_AIR_COND_SELFCHECK_SET	784334874
SETTING_REQUEST_ENTER_FATIGUE_RELIEF_SET	784334875
SETTING_RODE_TYPE_SET	1285554256
SETTING_SPEED_LIMIT_SET	1285554240
SETTING_START_CHECK_APPLE_KEY_SET	415457299
SETTING_STEERING_WHEEL_SHOCK_ALARM	784334869
SETTING_TIGHT_SAFEBELT_REQUEST	784334868
SETTING_TRANSMISSION_OIL_LIFE_RESET_BUTTON_SET	782237751
SETTING_TUNNE_STATES_SET	1285554205
SETTING_UI_PLATFORM_SET	503316488
SETTING_WHETHER_DRIVER_IN_CAR_SET	784334870
SET_ACCELERATION_SET	90177544
SET_AC_AUTO_AIR	1301291032
SET_AC_AUTO_AIR_SET	1311768588
SET_AC_AUTO_WIND_LV	255978
SET_AC_AUTO_WIND_LV_SET	1311768592
SET_AC_BT	1301291030
SET_AC_BT_SET	1311768608
SET_AC_PAUSE_CYCLE	1301291028
SET_AC_PAUSE_CYCLE_SET	1311768594
SET_AC_TUNNEL_CYCLE	1301291024
SET_AC_TUNNEL_CYCLE_SET	1311768586
SET_AFS_STATE	1254096909
SET_AFS_SYS_STATE	193767
SET_ALTITUDE_SET	1841301542
SET_ANGEL_GERA_FEEDBACK	951058456
SET_ANGEL_GERA_SET	1276174380
SET_ANGULAR_VELOCITY_SET	91226120
SET_APPEL_NFC_CONFIGURATION	1130364938
SET_ATMOSPHERE_LAMP_BRIGHTNESS_SET	653629
SET_ATMOSPHERE_LAMP_COLOR_B_VALUE_SET	561293
SET_ATMOSPHERE_LAMP_COLOR_G_VALUE_SET	787480592
SET_ATMOSPHERE_LAMP_COLOR_R_VALUE_SET	787480584
SET_ATMOSPHERE_LAMP_LINKAGE_SETTING_FEEDBACK	1121976383
SET_ATMOSPHERE_LAMP_PANEL_STATE	993001480
SET_ATMOSPHERE_LAMP_PANEL_STATE_SET	1276153872
SET_ATMOSPHERE_LAMP_TEMPRATURE_SET	871366680
SET_ATMOSPHERE_LAMP_TEXT_ANIMATION_TYPE_SET	480251960
SET_ATMOSPHERE_LAMP_TEXT_BACKGROND_SET	480251968
SET_ATMOSPHERE_LAMP_TEXT_COLOR_BLUE_SET	480251952
SET_ATMOSPHERE_LAMP_TEXT_COLOR_GREEN_SET	480251944
SET_ATMOSPHERE_LAMP_TEXT_COLOR_RED_SET	480251936
SET_ATMOSPHERE_LAMP_TEXT_LENGTH_SET	480251928
SET_ATMOSPHERE_LAMP_TEXT_PLAY_SPEED_SET	480251964
SET_ATMOSPHERE_LAMP_TEXT_SET	480907272
SET_ATMOSPHERE_LAMP_TEXT_STATE	993001492
SET_ATMOSPHERE_LAMP_TEXT_STATE_SET	480251920
SET_ATMOSPHERE_LAMP_TEXT_TRIGGER_NUMBER	993001496
SET_ATMOSPHERE_LAMP_TEXT_TRIGGER_NUMBER_SET	480251922
SET_ATMOSPHERE_LAMP_WEATHER_SET	871366672
SET_ATMP_RESET_SET	1043333180
SET_AUTO_LOCK_TIME	960495644
SET_AUTO_LOCK_TIME_SET	878147
SET_AUTO_RAIN_WIPER_ONLINE	1196425248
SET_AUTO_RAIN_WIPER_SWITCH	321912862
SET_AUTO_RAIN_WIPER_SWITCH_SET	503316540
SET_BABY_MODE_SET	1276141604
SET_BACKLIGHT_BY_MCU	-1728052984
SET_BACKLIGHT_BY_MCU_SET	-1442840312
SET_BACKLIGHT_NIGHTMODE_SET	95914
SET_BACK_BUTTON	684720165
SET_BACK_DOOR_OPEN_HEIGHT	1074790408
SET_BACK_DOOR_OPEN_HEIGHT_SET	1069547584
SET_BACK_LIGHT_RESET_SET	1043333182
SET_BLUETOOTH_MAC_VALUE_SET	145688
SET_BLUETOOTH_PREPARE_PAIR_SET	518870
SET_BLUETOOTH_RESET_SET	667266
SET_BRIGHTNESS_GEAR_FEEDBACK	951058448
SET_BRIGHTNESS_GEAR_SET	1276174360
SET_BT_CALL_REDUCTION_WIND_MENU	1314914312
SET_BT_X_CALL_STATE_SET	-1442840237
SET_CALL_ID_STATUS_FEEDBACK	951058466
SET_CALL_ID_STATUS_SET	1276174388
SET_CALL_STATE_SET	501219360
SET_CANCEL_CRUISE_BUTTON	684720152
SET_CAR_ACCOUNT_SET	426774536
SET_CAR_AUTO_LOCK	1081081876
SET_CAR_AUTO_LOCK_DET	-1066401772
SET_CAR_AUTO_LOCK_SET	1312817160
SET_CAR_AUTO_PANORAMA	448361
SET_CAR_AUTO_PANORAMA_SET	694577
SET_CAR_BACK_DOOR_ELECTRIC_MODE	658530
SET_CAR_BACK_DOOR_ELECTRIC_MODE_DET	1074790427
SET_CAR_BACK_DOOR_ELECTRIC_MODE_SET	1069547546
SET_CAR_BACK_HOME_LIGHT_DELAY	6796
SET_CAR_BACK_HOME_LIGHT_DELAY_SET	667352
SET_CAR_BACK_HOME_LIGHT_DELAY_VALUE	1072693293
SET_CAR_BACK_HOME_LIGHT_DELAY_VALUE_SET	1312817170
SET_CAR_BACK_ROW	93091
SET_CAR_BACK_ROW_SET	503316496
SET_CAR_BASE_PAD_AUTO_RISE	672173
SET_CAR_BASE_PAD_AUTO_RISE_DET	1028300
SET_CAR_BASE_PAD_AUTO_RISE_SET	169782
SET_CAR_CTRL_WINDOW	1222639626
SET_CAR_CTRL_WINDOW_SET	1311768604
SET_CAR_DOOR_LOCK	190493
SET_CAR_DOOR_LOCK_SET	515647
SET_CAR_DRIVER_SEATBK_DET	-918552560
SET_CAR_DRIVING_RECORD_SWITCH	1000341512
SET_CAR_DRIVING_RECORD_SWITCH_SET	1306529818
SET_CAR_DRVING_RECORD_DET	1000341504
SET_CAR_DUAL_TEMP_AREA_AC_DET	674807
SET_CAR_DVR_RECORD	1000341536
SET_CAR_DVR_RECORD_SET	1069547566
SET_CAR_DV_AUTO_RETURN	1228931088
SET_CAR_DV_AUTO_RETURN_SET	1312817209
SET_CAR_ELEC_HANDBRAKE_DET	562036736
SET_CAR_EXTREARMIR_FOLLOWUP_SWITCH	1081081884
SET_CAR_EXTREARMIR_FOLLOWUP_SWITCH_SET	1312817178
SET_CAR_EXT_REARVIEW_MIRROR_AUTO_FOLD	244159
SET_CAR_EXT_REARVIEW_MIRROR_AUTO_FOLD_DET	1081081882
SET_CAR_EXT_REARVIEW_MIRROR_AUTO_FOLD_SET	321467
SET_CAR_EX_MIRROW_FOLD	632886
SET_CAR_EX_MIRROW_FOLD_SET	521067
SET_CAR_FORMAT_MEMORY_CARD_SET	1306529825
SET_CAR_HOME_LIGHT_DET	-1074790355
SET_CAR_HOME_OFF_LIGHT_DET	-1074790352
SET_CAR_INSIDE_REAR_MIRROR_SCREEN_SET	1306529822
SET_CAR_INSIDE_REAR_MIRROR_SCREEN_SWITCH	999292952
SET_CAR_INSIDE_REAR_MIRROR_SCREEN_SWITCH_SET	1306529820
SET_CAR_LEFT_HOME_LIGHT_DELAY	215192
SET_CAR_LEFT_HOME_LIGHT_DELAY_SET	532975
SET_CAR_LEFT_HOME_LIGHT_DELAY_VALUE	1072693296
SET_CAR_LEFT_HOME_LIGHT_DELAY_VALUE_SET	1312817173
SET_CAR_LIGHT_NIGHT	118614
SET_CAR_LIGHT_NIGHT_SET	593847
SET_CAR_LOCK_AUTO_WINDOW_DET	-924844000
SET_CAR_LOCK_CLOSEWINDOW	1222639648
SET_CAR_LOCK_CLOSEWINDOW_SET	1311768646
SET_CAR_LOCK_OFF	1081081878
SET_CAR_LOCK_OFF_SET	1312817176
SET_CAR_LOCK_REPLAY_VIDEO_SET	1306529824
SET_CAR_LOCK_WINDOW_CHILDREN	1222639642
SET_CAR_LPSWITCH_DNWINDOW_DET	-924844018
SET_CAR_LPSWITCH_UPWINDOW_DET	-924844020
SET_CAR_LPUNLOCKWINDOW	1222639630
SET_CAR_LPUNLOCKWINDOW_SET	1311768642
SET_CAR_L_VIEW	368501
SET_CAR_L_VIEW_SET	380901
SET_CAR_MICRO_SWITCH_LOCK_WINDOW	1222639628
SET_CAR_MICRO_SWITCH_LOCK_WINDOW_SET	1311768640
SET_CAR_NIGHT_SYS	950603
SET_CAR_NIGHT_SYS_SET	964705
SET_CAR_PANORAMIC_SUNROOF_DET	521280
SET_CAR_PEDESTRAIN_RECOGNIZE	429
SET_CAR_PEDESTRAIN_RECOGNIZE_SET	759304
SET_CAR_PM25_CTRL	42448
SET_CAR_PM25_CTRL_SET	1330642962
SET_CAR_PM25_POWER	1331691528
SET_CAR_PM25_POWER_SET	1330642964
SET_CAR_PM25_SW_CHECK	1331691532
SET_CAR_PM25_SW_CHECK_SET	1330642966
SET_CAR_PM25_TIME	1331691534
SET_CAR_PM25_TIME_SET	1330642968
SET_CAR_REAR_AC_DET	1127219226
SET_CAR_REAR_MIRROR_FLIP_ANGEL_DET	-918552514
SET_CAR_REAR_MIRROR_FLIP_DET	-918552552
SET_CAR_REAR_VIEW	1228931096
SET_CAR_REAR_VIEW_ANGLE	1228931134
SET_CAR_REAR_VIEW_SET	1312817180
SET_CAR_REMOTE_CTRL_UPWINDOW	1222639624
SET_CAR_REMOTE_CTRL_UPWINDOW_SET	1311768602
SET_CAR_REMOTE_DRIVING_DET	742668
SET_CAR_R_VIEW	1267728400
SET_CAR_R_VIEW_SET	673053
SET_CAR_SAFE_DR	732586
SET_CAR_SAFE_DR_SET	10657
SET_CAR_SPEECH_HINT	690565
SET_CAR_SPEECH_HINT_SET	607527
SET_CAR_SPEECH_VOL	258855
SET_CAR_SPEECH_VOL_SET	503316514
SET_CAR_STEER_BACK_DET	-918552542
SET_CAR_ST_ACCOUNT_LINKAGE_CONFIG	1261437187
SET_CAR_ST_AUTO_RETURN	1228931106
SET_CAR_ST_AUTO_RETURN_SET	1312817211
SET_CAR_TELECTRL_DNWINDOW_DET	-924844022
SET_CAR_TELECTRL_UPWINDOW_DET	-924844024
SET_CAR_UNLOCK_AUTO_WINDOW_DET	358911
SET_CAR_UNLOCK_SETTING_DET	-1066401770
SET_CAR_WARN	271462
SET_CAR_WARN_SET	920793
SET_CHOOSE_ACCOUNT_SET	871366688
SET_CMD_BTCALL_STATE_SET	1138753589
SET_CMD_BT_KEY_MAC	1207975952
SET_CMD_BT_LOW_POWER_MODE	1085341712
SET_CMD_BT_MAC_ADDR_SET	1084489744
SET_CMD_HEADLAMP_HEIGHT_CONFIG	1072693262
SET_CMD_HEADLAMP_HEIGHT_LEVEL	794524
SET_CMD_HEADLAMP_HEIGHT_LEVEL_SET	1125122084
SET_CMD_LEFT_HEAD_LIGHT_LEVEL	985661459
SET_CMD_LEFT_HEAD_LIGHT_LEVEL_2nd	950009884
SET_CMD_RIGHT_HEAD_LIGHT_LEVEL	986710035
SET_CMD_WHEEL_DOOR_KEY	1116733456
SET_COMFORT_MODE_CONTROL_SWITCH_SIGNAL_SET	944767034
SET_COURTESY_LAMP_TIME	960495632
SET_COURTESY_LAMP_TIME_SET	1043333157
SET_CO_DRIVER_SEAT_MASSAGE_WORKING_MODE_SET	1276190756
SET_CO_DRIVING_SEAT_MASSAGE_WORK_INTENSUTY_SET	1276190739
SET_CRUISE_BUTTON	684720158
SET_DD_RECALL_AUDIO_VIDEO_SET	207649
SET_DECOUPLING_ELECTROMAGNETIC_LOCK_STATE	920649784
SET_DECOUPLING_POSITION_SENSOR_STATE	920649781
SET_DELETE_ACCOUNT_SET	1324556320
SET_DIGITAL_PANEL_TEST_MODE_SET	934770
SET_DIMMING_CONTROLLER_CONFIG	729228
SET_DIRECTION_FUNCTION_STATUS_FEEDBACK	1010952
SET_DIRECTION_FUNCTION_STATUS_SET	16134
SET_DM_PLATFORM	785383432
SET_DOOR_WINDOW_RESET_SET	1043333170
SET_DRIVER_SEAT_BACKREST_SIGNAL_SET	1276137492
SET_DRIVER_SEAT_BALANCE_SIGNAL_SET	1276137488
SET_DRIVER_SEAT_BIDET_SIGNAL_SET	1276137494
SET_DRIVER_SEAT_HEATING_STATE	1335885835
SET_DRIVER_SEAT_HEATING_STATE1	1000967
SET_DRIVER_SEAT_HEATING_STATE_SET	1125122068
SET_DRIVER_SEAT_HEIGHT_SIGNAL_SET	1276137490
SET_DRIVER_SEAT_LEGREST_CONFIG	108808
SET_DRIVER_SEAT_VENTILATING_STATE	1335885832
SET_DRIVER_SEAT_VENTILATING_STATE_SET	1125122064
SET_DRIVE_CONFIG_TYPE	873463864
SET_DRIVING_LAMP_SET	1330642953
SET_DRIVING_RECORDER_PICTURE_SET	1330643007
SET_DR_CHARGER_PORT	1196425228
SET_DR_CHARGER_PORT_2nd	451978
SET_DR_CHARGER_PORT_SET	1311768630
SET_DR_ENERGY_FB	873463842
SET_DR_ENERGY_FB_SET	1311768613
SET_DR_SOC_TARGET	873463848
SET_DR_SOC_TARGET_SET	1311768632
SET_DR_ST_ASSIS	616562704
SET_DR_ST_ASSIS_SET	1311768610
SET_DYNAMIC_NAVI_FUNCTION_STATUS_FEEDBACK	951058472
SET_DYNAMIC_NAVI_FUNCTION_STATUS_SET	1276174394
SET_DYNAMIC_SUSPENSION_ACTUAL_OPERATING_MODE	938475528
SET_ELECTRIC_RANGE	877658160
SET_ENGINEOIL_EXIT_UPDATE	89128977
SET_ENGINEOIL_EXIT_UPDATE_SET	1312817215
SET_ENGINE_OIL_LEVEL	818937912
SET_ENGINE_OIL_ONLINE	818937912
SET_ENGINE_OIL_UPDATE_SIGNAL	590348312
SET_EPS_PERMISSION	616562707
SET_EXHIBITION_MODE	836763656
SET_EXHIBITION_START_ENGINE_PERMIT_SET	782237712
SET_EXHIBITION_START_ENGINE_PROMPT	1186988092
SET_E_PEDAL_MODE_CONFIG	888143928
SET_E_PEDAL_MODE_STATE	888143930
SET_E_PEDAL_MODE_STATE_SET	734003240
SET_FACTORY_RESET_ALL_SET	1043333136
SET_FAULT_ALARM_FEEDBACK	951058464
SET_FAULT_ALARM_SET	186852
SET_FESTIVAL_INFORMATION_SET	1083183144
SET_FRONT_LEFT_SEAT_MASSAGE_CONFIG	1335885879
SET_FRONT_LEFT_SEAT_MASSAGE_LEVEL	1335885876
SET_FRONT_LEFT_SEAT_MASSAGE_MODE	1335885872
SET_FRONT_RIGHT_SEAT_MASSAGE_CONFIG	1335885887
SET_FRONT_RIGHT_SEAT_MASSAGE_LEVEL	1335885884
SET_FRONT_RIGHT_SEAT_MASSAGE_MODE	1335885880
SET_FRONT_SHAPE_TYPE	469989
SET_FRONT_WINDSCREEN_WIPER_OVERHAUL_STATE	1196425244
SET_FRONT_WINDSCREEN_WIPER_OVERHAUL_STATE_SET	1330642972
SET_GAMECAR_AIR_REGULATION_SET	768606248
SET_GAMECAR_ATMOSPHERE_LAMP_EFFECT_SET	768606240
SET_GAMECAR_MAX_RESPONSE_ANGEL_SET	768606244
SET_GAMECAR_PERFUME_CONFIGURATION_SET	1035925
SET_GAMECAR_SAFETYBELT_STATUS_SET	315762
SET_GAMECAR_VIRTUAL_SPEED_SET	768606216
SET_GAME_AC_RELATED_STATE	1301291056
SET_GAME_AC_RELATED_STATE_SET	734003244
SET_GAME_AL_RELATED_STATE	845025
SET_GAME_AL_RELATED_STATE_SET	734003253
SET_GAME_APADEL_MAP_SET	734003248
SET_GAME_ATL_COLOR_SET	665845800
SET_GAME_BPADEL_MAP_SET	734003245
SET_GAME_CAR_CONFIGURATION	920649748
SET_GAME_CENTER	771752000
SET_GAME_GEAR_REAL_LEVEL	133227
SET_GAME_GEAR_REAL_LEVEL_VALID	557215
SET_GAME_GEAR_SHIFT_RECOGNISE_STATUS	901775376
SET_GAME_GEAR_SHIFT_REMIND	901775392
SET_GAME_GEAR_SHIFT_SYS_STATUS	901775368
SET_GAME_HFEELING_SETTING	929038356
SET_GAME_HFEELING_SETTING_2nd	772800549
SET_GAME_HFEELING_SETTING_SET	665845780
SET_GAME_MODEL	771751997
SET_GAME_MODE_CONDITION	920649736
SET_GAME_MODE_INFOTEXT_SET	665845776
SET_GAME_MODE_SET	665845768
SET_GAME_MODE_STATUS_SET	665845770
SET_GAME_MODE_VCU_STATUS	920649737
SET_GAME_SGS_COUPLING	929038344
SET_GAME_SGS_COUPLING_FLAG	929038347
SET_GAME_SGS_COUPLING_REQ_SET	734003251
SET_GAME_SGS_RESET_STATUS	929038348
SET_GAME_SPECIAL_MODE_SET	665845792
SET_GAME_SWHEEL_ANGLE	337641480
SET_GAME_SWHEEL_ANGLE_VALID	337641504
SET_GAME_SWHEEL_SENSOR_CAL_STATUS	337641505
SET_GAME_SWHEEL_SET	734003256
SET_GAME_SWS_BT_PAIRED_FLAG_SET	665845773
SET_GAME_SWS_BT_PAIRING_STATE	771751998
SET_GAME_SWS_BT_REQ_SET	734003242
SET_GAME_SWS_BT_STATUS	771751992
SET_GAME_SWS_CONFIG	87061
SET_GAME_SWS_MAC_ADDR	771751944
SET_GAME_SWS_MAC_ADDR_SET	1276162064
SET_GAME_SWS_MAPPING	771751996
SET_GAME_SWS_STATUS	771751994
SET_GAME_VCU_TEXT_INFO	920649740
SET_GPS_SIGNAL_SET	1841301543
SET_HANDLE_AUTO_RESET	1081081921
SET_HANDLE_AUTO_RESET_ONLINE	-1066401727
SET_HANDLE_AUTO_RESET_SET	1324556312
SET_HAS_BT_CALL_REDUCTION_WIND	1301291008
SET_HAS_DRIVER_SEAT_HEATING	-811597813
SET_HAS_DRIVER_SEAT_HEATING1	-1153433534
SET_HAS_DRIVER_SEAT_VENTILATING	-811597816
SET_HAS_DYNAMIC_SUSPENSION	938475585
SET_HAS_FOUR_WHEEL_DRIVE	873463847
SET_HAS_FRONT_WINDSCREEN_WIPER_OVERHAUL	-951058404
SET_HAS_INTERIOR_ATMOSPHERE_LAMP	1072693248
SET_HAS_LANTERN_LANGUAGE_MODE	-1310719988
SET_HAS_OVERSPEED_LOCKING	-1066401772
SET_HAS_PARKING_AUTO_INNER_LOOP	1301291008
SET_HAS_PASSENGER_SEAT_HEATING	-811597805
SET_HAS_PASSENGER_SEAT_HEATING1	-1153433532
SET_HAS_PASSENGER_SEAT_VENTILATING	-811597808
SET_HAS_POWER_STEERING	616562712
SET_HAS_REAR_LEFT_SEAT_HEATING	-933232629
SET_HAS_REAR_LEFT_SEAT_VENTILATING	-933232632
SET_HAS_REAR_RIGHT_SEAT_HEATING	-933232621
SET_HAS_REAR_RIGHT_SEAT_VENTILATING	-933232624
SET_HAS_REAR_WINDSCREEN_WIPER_OVERHAUL	1196425246
SET_HAS_SEAT_HEATING_AND_VENTILATING	-811597816
SET_HAS_SOC_TARGET	130532
SET_HAS_STEERING_WHEEL_VIBRATION_FUNTION	684720140
SET_HAS_TUNNEL_AUTO_INNER_LOOP	1301291024
SET_HAVE_REARVIEW_MIRROR_AUTO_FOLD	1081081882
SET_HEIGHT_DECIMAL_PART_SET	1841301520
SET_HEIGHT_GEAR_FEEDBACK	951058440
SET_HEIGHT_GEAR_SET	1276174352
SET_HEIGHT_INTEGER_PART_SET	1841301528
SET_HUD_CONFIG	951058453
SET_HUD_MODE_FEEDBACK	951058445
SET_HUD_MODE_SET	1276174373
SET_HUD_SWITCH_SET	1276174371
SET_HUD_SWITCH_STATUS_FEEDBACK	951058460
SET_IAL_ALL_BRIGHTNESS	275985
SET_IAL_ALL_COLOR	175642
SET_IAL_AREA_CONFIG	1072693315
SET_IAL_BACK_BRIGHTNESS	1121976332
SET_IAL_BACK_COLOR	1121976343
SET_IAL_BRIGHTNESS_CONFIG	1072693312
SET_IAL_COLOR_CONFIG	1072693258
SET_IAL_FRONT_BRIGHTNESS	1121976328
SET_IAL_FRONT_COLOR	1121976336
SET_INSIDE_LIGHT_DOOR_ONLINE	1072693256
SET_INSIDE_LIGHT_DOOR_STATE	1121976363
SET_INSIDE_LIGHT_DOOR_STATE_2nd	1072693286
SET_INSIDE_LIGHT_DOOR_STATE_SET	1330643000
SET_INSIDE_LIGHT_ONLINE	1072693257
SET_INSIDE_LIGHT_STATE_SET	1330643002
SET_INSTRUEMT_AC_KEY	1313869840
SET_INSTRUEMT_AC_KEY_2nd	1323298832
SET_INSTRUMENT_BACKLIGHT_CTL_TYPE	1274019885
SET_INS_THEME_VALUE	1237319720
SET_INS_THEME_VALUE_SET	1312817192
SET_INTERIOR_ATMOSPHERE_LAMP_AREA	1121976352
SET_INTERIOR_ATMOSPHERE_LAMP_AREA_SET	1069547540
SET_INTERIOR_ATMOSPHERE_LAMP_BRIGHTNESS	522414
SET_INTERIOR_ATMOSPHERE_LAMP_BRIGHTNESS_SET	1069547536
SET_INTERIOR_ATMOSPHERE_LAMP_COLOR	283586
SET_INTERIOR_ATMOSPHERE_LAMP_COLOR_SET	1069547528
SET_INTERIOR_ATMOSPHERE_LAMP_SOURCE_SET	1069547575
SET_INTERIOR_LAMP_DURATION	960495637
SET_INTERIOR_LAMP_DURATION_SET	1043333154
SET_K_MODE_ATMOSPHERE_LAMP_STATE	679477517
SET_K_MODE_ATMOSPHERE_LAMP_STATE_SET	1276153883
SET_LANGUAGE_RESET_SET	1043333189
SET_LANGUAGE_TYPE	1237319690
SET_LANGUAGE_TYPE_OVERSEA_SET	1276149800
SET_LANGUAGE_TYPE_SET	1312817162
SET_LANTERN_LANGUAGE_FUNCTION	836763667
SET_LANTERN_LANGUAGE_MODE	836763660
SET_LANTERN_LANGUAGE_MODE_SET	1276157994
SET_LEARNER_DRIVER_ACC_LIMIT_STATE	888143912
SET_LEARNER_DRIVER_MODE_CONIG	888143916
SET_LEARNER_DRIVER_MODE_STATE	888143909
SET_LEARNER_DRIVER_MODE_STATE_SET	734003208
SET_LEFT_BUTTON	684720167
SET_LEFT_FIELD_PLATFORM	692060202
SET_LEFT_OUT_MIRROR_POS_UPDATE_STATE	1228931136
SET_LEFT_REAR_SEAT_MASSAGE_WORKING_MODE_SET	1276190760
SET_LEFT_ROCKER_XDIRECTION	684720168
SET_LEFT_ROCKER_YDIRECTION	684720176
SET_LOCK_RESET_SET	1043333171
SET_MAINDRIVER_SEAT_BACK_SWITCH_SIGNAL_SET	1276215314
SET_MAINDRIVER_SEAT_BASIN_SWITCH_SIGNAL_SET	1276215316
SET_MAINDRIVER_SEAT_HORIZONTAL_POSITION_SIGNAL_SET	1276215312
SET_MAINFRIVER_SEAT_HEIGHT_SWITCH_SIGNAL_SET	1276215318
SET_MAINTAIN_REMIND_STATE	89128986
SET_MAIN_DRIVER_SEAT_MASSAGE_WORKING_MODE_SET	1276190752
SET_MAIN_DRIVING_SEAT_MASSAGE_WORK_INTENSUTY_SET	1276190736
SET_MAP_SENDING_STATUS_SET	1276174365
SET_MAX_EV_MEMORY_GUIDE_STATE	1175453713
SET_MAX_EV_MEMORY_ONLINE	-972029940
SET_MAX_EV_MEMORY_STATE	1175453708
SET_MAX_EV_MEMORY_STATE_SET	734003268
SET_MCU_INFORM_IVI_POWER_OFF	-1728053178
SET_MCU_REBOOT_COMPLETE	-1728052943
SET_MEB_SWITCH_SET	348370
SET_MEDIA_INFO_OF_SEAT_POSITION_SAVE	-918552520
SET_MEM_SET_METHOD_SIGNAL	1228931137
SET_MESSAGE_COUNTER_SET	665845820
SET_METER_DEPTH_MODE_SET	1276174368
SET_MIC_ROUTE_TYPE	-1728052921
SET_MIC_TYPE	-1728052942
SET_MILEAGE_DISPLAY_STANDARD_CONFIGUTATION	879755296
SET_MILEAGE_DISPLAY_STANDARD_STATUS	879755297
SET_MILEAGE_DISPLAY_STANDARD_STATUS_SET	782237755
SET_MMS_AUTO_TIME	237704
SET_MMS_AUTO_TIME_SET	579340
SET_MMS_BELT	171154
SET_MMS_BELT_SET	10723
SET_MMS_DOOR_CLOSE	225854
SET_MMS_DOOR_CLOSE_SET	59493
SET_MMS_FREE_P	535851
SET_MMS_FREE_P_SET	610546
SET_MMS_KEY_LOW	44967
SET_MMS_KEY_LOW_SET	81614
SET_MMS_LEAVE_P	518029
SET_MMS_LEAVE_P_SET	975481
SET_MMS_LOW_BAT	602227
SET_MMS_LOW_BAT_SET	783365
SET_MMS_LOW_OIL	970419
SET_MMS_LOW_OIL_SET	790407
SET_MMS_MIS_KEY	629218
SET_MMS_MIS_KEY_SET	327418
SET_MMS_NIGHT_DR	458696
SET_MMS_NIGHT_DR_SET	701003
SET_MMS_START_F	131880
SET_MMS_START_F_SET	359486
SET_MMS_STOP_REMOTECTRL_DRIVE	137669
SET_MMS_STOP_REMOTECTRL_DRIVE_SET	461735
SET_MODE_BUTTON	684720164
SET_MULTIMEDIA_ELECTRIC_MOTOR_DIRECTION	1106247692
SET_MULTIMEDIA_ELECTRIC_MOTOR_EVENTS_TRIGGER	1106247694
SET_MULTIMEDIA_ELECTRIC_MOTOR_STATUS	1106247688
SET_MULTIMEDIA_ELECTRIC_MOTOR_SWITCH_TRIGGER	1106247696
SET_MULTIMEDIA_ELECTRIC_MOTOR_TEMP	1106247706
SET_MULTIMEDIA_ELECTRIC_MOTOR_VOLTAGE_CONDITION	1106247704
SET_MUSIC_DISPLAY_FUNCTION_STATUS_FEEDBACK	878697
SET_MUSIC_DISPLAY_FUNCTION_STATUS_SET	513031
SET_MUSIC_MODE_STATE	1121976384
SET_MUSIC_MODE_STATE_ONLINE	-1025507264
SET_MUSIC_MODE_STATE_SET	1276153881
SET_MUTE_BUTTON	485932
SET_NAP_MODE_SET	230867
SET_NAVI_SCREEN_STATUS_SET	1276174357
SET_NFC_KEY_SERIAL_NO	-1728052888
SET_NIGHT_DRIVE_LIGHT_ON_REMINDER	1072693263
SET_OIL_LIFE	590348352
SET_OIL_PROMPT	590348346
SET_OIL_RESET_SET	782237706
SET_OVERSPEED_LOCKING_STATE	1081081876
SET_OVERSPEED_LOCKING_STATE_SET	1312817160
SET_PAD_ROTATION_SET	1330643005
SET_PANORAMIC_IMAGE_BUTTON	684720155
SET_PASSENGER_SEAT_HEATING_STATE	1335885843
SET_PASSENGER_SEAT_HEATING_STATE1	448381
SET_PASSENGER_SEAT_HEATING_STATE_2nd	1103101963
SET_PASSENGER_SEAT_HEATING_STATE_SET	1125122076
SET_PASSENGER_SEAT_VENTILATING_STATE	1335885840
SET_PASSENGER_SEAT_VENTILATING_STATE_2nd	1103101960
SET_PASSENGER_SEAT_VENTILATING_STATE_SET	1125122072
SET_PET_MODE_SET	1083183139
SET_PHONE_BUTTON	684720166
SET_POWER_OFF_REMINDER	1128267784
SET_POWER_OFF_REMINDER_SET	503316492
SET_QUERY_ALL_STATE_SET	845399
SET_READING_LIGHT_RESET_SET	1043333181
SET_REARVIEW_ACCOUNT_LINKAGE_CONFIG	1261437188
SET_REAR_AC_PANEL_LOCK_TIME	1058013197
SET_REAR_AC_PANEL_LOCK_TIME_CONFIG	-1089470451
SET_REAR_AC_PANEL_LOCK_TIME_SET	1330642992
SET_REAR_LEFT_SEAT_HEATING_STATE	1214251019
SET_REAR_LEFT_SEAT_HEATING_STATE_SET	1125122091
SET_REAR_LEFT_SEAT_MASSAGE_CONFIG	1335885863
SET_REAR_LEFT_SEAT_MASSAGE_LEVEL	1335885860
SET_REAR_LEFT_SEAT_MASSAGE_LEVEL_SET	750780452
SET_REAR_LEFT_SEAT_MASSAGE_MODE	1335885856
SET_REAR_LEFT_SEAT_MASSAGE_MODE_SET	750780448
SET_REAR_LEFT_SEAT_VENTILATING_STATE	1214251016
SET_REAR_LEFT_SEAT_VENTILATING_STATE_SET	1125122088
SET_REAR_MIRROR_RESET_SET	1043333172
SET_REAR_RIGHT_SEAT_HEATING_STATE	1214251027
SET_REAR_RIGHT_SEAT_HEATING_STATE_SET	1125122099
SET_REAR_RIGHT_SEAT_MASSAGE_CONFIG	1335885871
SET_REAR_RIGHT_SEAT_MASSAGE_LEVEL	1335885868
SET_REAR_RIGHT_SEAT_MASSAGE_LEVEL_SET	750780460
SET_REAR_RIGHT_SEAT_MASSAGE_MODE	1335885864
SET_REAR_RIGHT_SEAT_MASSAGE_MODE_SET	750780456
SET_REAR_RIGHT_SEAT_VENTILATING_STATE	1214251024
SET_REAR_RIGHT_SEAT_VENTILATING_STATE_SET	1125122096
SET_REAR_WINDSCREEN_WIPER_OVERHAUL_STATE	1196425246
SET_REAR_WINDSCREEN_WIPER_OVERHAUL_STATE_SET	1330642974
SET_REASON_OF_SAVE_FAIL	1228931116
SET_REMEMBER_ACCOUNT_DIALOG	1228931113
SET_REMEMBER_ACCOUNT_SET	1324556324
SET_REMOTE_CONTROL_UNLOCKING	1081081878
SET_REMOTE_CONTROL_UNLOCKING_SET	1312817176
SET_RESET_PLUS_BUTTON	684720153
SET_RESTORE_CAR_DEFAULT_VALUES_SET	1043333150
SET_RESTORE_DR_DEFAULT_VALUES_SET	1043333151
SET_RIGHT_BUTTON	684720160
SET_RIGHT_OUT_MIRROR_POS_UPDATE_STATE	1103101986
SET_RIGHT_REAR_SEAT_MASSAGE_WORKING_MODE_SET	1276190764
SET_RIGHT_ROCKER_XDIRECTION	684720184
SET_RIGHT_ROCKER_YDIRECTION	684720192
SET_ROLLER_MINUS_BUTTON	684720162
SET_ROLLER_PLUS_BUTTON	684720163
SET_ROTATING_BUTTON	684720159
SET_SAFE_DRIVING_ASSIST_STATUS_FEEDBACK	951058462
SET_SAFE_DRIVING_ASSIST_STATUS_SET	1276174384
SET_SAFE_WARN_STATE	89128987
SET_SAS_ANGULAR_MEMORY_VALUE	929038368
SET_SAS_ANGULAR_MEMORY_VALUE_FLAG	929038384
SET_SAVE_MEMORY_GUIDE_STATE	1175453714
SET_SAVE_MEMORY_ONLINE	-972029938
SET_SAVE_MEMORY_STATE	1175453710
SET_SAVE_MEMORY_STATE_SET	734003270
SET_SDW_SWITCH_SET	944767032
SET_SEAT_ACCOUNT_LINKAGE_CONFIG	1261437186
SET_SEAT_SELF_RETURN_RESET_SET	1043333173
SET_SELF_STUDY_CMD	692060200
SET_SEND_POWER_OFF_ALARM_TO_QNX	-1442840520
SET_SETTING_MEMORY_GUIDE_STATE_SET	782237719
SET_SETTING_MINUS_BUTTON	684720154
SET_SGS_SENSE_OF_LOAD_SIMULATION_SET	768606228
SET_SGS_VIBRATION_EVENT_SIMULATION_SET	768606224
SET_SINGLE_DOUBLE_MODE	1130364936
SET_SMART_ELECTRICITY_SET	1276141594
SET_SMART_ELECTRIC_CONFIGURATION	1261437352
SET_SMART_ELECTRIC_SWITCH_STATUS	1261437352
SET_SMART_WELCOME_LIGHT_ONLINE	1081081910
SET_SMART_WELCOME_LIGHT_STATE	1011875848
SET_SMART_WELCOME_LIGHT_STATE_SET	1330643013
SET_SOC_DM_VERSION	888143893
SET_SPEAKER_TWEET	1228931118
SET_SPEECH_RECOGNITION_BUTTON	684720161
SET_SPEED_BY_GPS_SET	1841301512
SET_SPEED_REMINDER	634388528
SET_SPEED_REMINDER_ONLINE	-1513095120
SET_SPEED_REMINDER_SET	1043333160
SET_SPORT_MEMORY_GUIDE_STATE	1175453712
SET_SPORT_MEMORY_ONLINE	-972029942
SET_SPORT_MEMORY_STATE	1175453706
SET_SPORT_MEMORY_STATE_SET	734003266
SET_START_KEY_STATE	1128267786
SET_STEERING_WHEEL_ANGEL_CONTROL_STATE	1178607680
SET_STEERING_WHEEL_HEAT_STATE	1116733454
SET_STEERING_WHEEL_HEAT_STATE_SET	944767029
SET_STEERING_WHEEL_MODE	684720136
SET_STEERING_WHEEL_TYPE	684720137
SET_SUPPORT_GAME_STEERING_WHEEL_FUNCTION	1116733464
SET_SWS_BTPIN	1124073480
SET_SWS_PAD_GAMEHOME_REQUEST	771752007
SET_SWS_SENSE_OF_LOAD_SIMULATION_SET	768606236
SET_SWS_VIBRATION_EVENT_SIMULATION_SET	768606232
SET_TIME_RESET_SET	1043333188
SET_USERDEFINE_BODY_COLOR_SET	1069547552
SET_VCU_BREAK_PEDAL_STATS_S	606076973
SET_VEHICLE_DISTANCE_MINUS_BUTTON	684720156
SET_VEHICLE_DISTANCE_PLUE_BUTTON	684720157
SET_VEHICLE_STATE	315621408
SET_VOICE_CTRL_BACK_DOOR_SET	1125122080
SET_VTO_RESET_SET	1043333191
SET_WEATHER_FORCAST_SET	753930248
SET_WHETHER_ALLOW_DRIVING	920649743
SET_WORKING_INTENSITY_OF_LEFT_REAR_SEAT_MASSAGE_SET	1276190746
SET_WORKING_INTENSITY_OF_RIGHT_REAR_SEAT_MASSAGE_SET	1276190749
SIGNAL_STATUS_SET	148230
SPECIAL_CMD_WHEEL_DIECTION	-1728053160
SPECIAL_CMD_WHEEL_DIECTION_FL	570425358
SPECIAL_CMD_WHEEL_DIECTION_FR	570425356
SPECIAL_CMD_WHEEL_DIECTION_RL	570425354
SPECIAL_CMD_WHEEL_DIECTION_RR	570425352
SPECIAL_CMD_WHEEL_PULSE_COUNTER	-1728053158
SPECIAL_CMD_WHEEL_SPEED	-1728053159
SPECIAL_CMD_WHEEL_SPEED_FL	304087048
SPECIAL_CMD_WHEEL_SPEED_FR	304087064
SPECIAL_CMD_WHEEL_SPEED_RL	304087080
SPECIAL_CMD_WHEEL_SPEED_RR	304087096
SPECIAL_ENTER_SENTRY_MODE_PERMIT	1128267797
SPECIAL_LOCAL_CTL_ENTER_SENTRY_MODE_SET	782237711
SPECIAL_REMOTE_CTL_ENTER_SENTRY_MODE_SET	170037264
SPECIAL_SENTRY_MODE_SET	782237728
SPEED_ACCELERATE_VALUE	1033220112
SPEED_ACCELERATOR_DEPTH_10D	282066992
SPEED_ACCELERATOR_S	874512392
SPEED_ACCELERATOR_VALID_FLAG	874512408
SPEED_AUTO_SPEED	-1807745016
SPEED_AUTO_SPEED_FLAG	303038487
SPEED_BRAKE_DEPTH_VALID_FLAG	874512409
SPEED_BRAKE_S	874512400
SPEED_FROM_GATEWAY	134217760
STATISTICS_AVERAGE_INSTANT_EV_LAST_200M	1032871952
STATISTICS_AVERAGE_INSTANT_EV_LAST_200M_FLAG	1032871963
STATISTICS_AVERAGE_INSTANT_EV_LAST_200M_FLAG_HEV	1175453756
STATISTICS_AVERAGE_INSTANT_EV_LAST_200M_HEV	1175453757
STATISTICS_AVERAGE_INSTANT_FUEL_LAST_200M	1032871964
STATISTICS_AVERAGE_INSTANT_FUEL_LAST_200M_FLAG	1032871973
STATISTICS_AVERAGE_INSTANT_FUEL_LAST_200M_FLAG_HEV	1175453753
STATISTICS_AVERAGE_INSTANT_FUEL_LAST_200M_HEV	1175453744
STATISTICS_LOW_ENERGY_STATE_FLAG	1032876076
STATISTICS_SOUND_SOURCE_INFO	-1728052844
STATISTICS_SOUND_SOURCE_INFO_SET	-1442840172
STATISTIC_AVERAGE_BATTERY_TEMP	1148190776
STATISTIC_BATTERY_AVAILABLE_POWER	1145045048
STATISTIC_BATTERY_HEALTHY_INDEX	1145045032
STATISTIC_CONSUMPTION_CLEAR_FLAG	1175453704
STATISTIC_DD_MILEAGE1	1246769168
STATISTIC_DD_MILEAGE2	1246769188
STATISTIC_DRIVING_TIME	1246789668
STATISTIC_ELEC_DRIVING_RANGE	1246765118
STATISTIC_ELEC_DRIVING_RANGE_YUN	1032863760
STATISTIC_ELEC_PERCENTAGE	1246777400
STATISTIC_ESTIMATE_SOC_V1	1134559272
STATISTIC_EV_DRIVING_MILEAGE_CONFIG	609222718
STATISTIC_EV_DRIVING_MILEAGE_MODE	609222716
STATISTIC_EV_DRIVING_MILEAGE_MODE_SET	503316538
STATISTIC_FUEL_AD_VALUE	1033195536
STATISTIC_FUEL_DRIVING_RANGE	1246773304
STATISTIC_FUEL_DRIVING_RANGE_YUN	1032863771
STATISTIC_FUEL_PERCENTAGE	1246785600
STATISTIC_HIGHEST_BATTERY_TEMP	1148190752
STATISTIC_HIGHEST_BATTERY_VOLTAGE	1147142192
STATISTIC_INSTANTANEOUS_CURRENT	1151336480
STATISTIC_INSTANT_EV_CONSUME	1146093616
STATISTIC_INSTANT_FUEL_CONSUME	1246760996
STATISTIC_KEY_BATTERY_LEVEL	402653200
STATISTIC_LAST_50KM_EQUAL_FUEL_CON	1246785586
STATISTIC_LAST_50_ACCURACY	1033203740
STATISTIC_LAST_ELEC_CON_PHM	1032863794
STATISTIC_LAST_FUEL_CON_PHM	1032863782
STATISTIC_LAST_FUEL_CON_PHM_GB	1032863782
STATISTIC_LOWEST_BATTERY_TEMP	1148190736
STATISTIC_LOWEST_BATTERY_VOLTAGE	1147142160
STATISTIC_MAX_CHARGE_CURRENT_ALLOW	877658152
STATISTIC_MAX_CHARGE_POWER_ALLOW	877658136
STATISTIC_MAX_DISCHARGE_POWER_ALLOW	877658120
STATISTIC_MILEAGE1_AVERAGE_SPEED	578553
STATISTIC_MILEAGE1_DRIVE_TIME	1033216024
STATISTIC_MILEAGE1_ELEC_CONSUMPTION	562766
STATISTIC_MILEAGE1_ELEC_CON_PHKM	200802
STATISTIC_MILEAGE1_FULE_CONSUMPTION	544235
STATISTIC_MILEAGE1_FULE_CON_PHKM	765395
STATISTIC_MILEAGE2_AVERAGE_SPEED	65301
STATISTIC_MILEAGE2_DRIVE_TIME	1033216044
STATISTIC_MILEAGE2_ELEC_CONSUMPTION	97327
STATISTIC_MILEAGE2_ELEC_CON_PHKM	828524
STATISTIC_MILEAGE2_FULE_CONSUMPTION	205891
STATISTIC_MILEAGE2_FULE_CON_PHKM	594064
STATISTIC_MILEAGE_EV	1246773284
STATISTIC_MILEAGE_HEV	1246773264
STATISTIC_ONLINE_359_SUBID_55	650345
STATISTIC_ONLINE_359_SUBID_57	967260
STATISTIC_ONLINE_3D9_SUBID_55	1033195520
STATISTIC_ONLINE_3D9_SUBID_57	1033203712
STATISTIC_REMAINING_BATTERY_POWER	1148190760
STATISTIC_SOC_BATTERY_PERCENTAGE	1145045040
STATISTIC_SPEED_SIG_VDIS	339738632
STATISTIC_TOTAL_AVERAGE_SPEED	1032871976
STATISTIC_TOTAL_ELEC_CONSUMPTION	1032871984
STATISTIC_TOTAL_ELEC_CON_PHM	1246761008
STATISTIC_TOTAL_ELEC_CON_PHM_UNIT	1246761024
STATISTIC_TOTAL_ELEC_CON_PHM_YUN	1032867885
STATISTIC_TOTAL_FUEL_CONSUMPTION	1246760976
STATISTIC_TOTAL_FUEL_CONSUMPTION_UNIT	1246761006
STATISTIC_TOTAL_FUEL_CON_PHM	1246785552
STATISTIC_TOTAL_FUEL_CON_PHM_YUN	1032867883
STATISTIC_TOTAL_MILEAGE	1246765072
STATISTIC_TOTAL_MILEAGE_ACCURACY	1033543716
STATISTIC_WATER_TEMPERATURE	839263
TEST_ADB_DEVICE_NUMBER_SET	-1442840204
TEST_APK_INSTALL_RESULT	1841299494
TEST_APK_INSTALL_RESULT_SET	1844449296
TEST_AUDIO_AVAS_SET	-1442840316
TEST_BAK_BATTERY_CHARGING_DISCHARGING_STATUS	-1728052986
TEST_BAK_BATTERY_CHARGING_DISCHARGING_STATUS_SET	-1442840314
TEST_BOARD_KEY	1038094352
TEST_CANIN_TEST_6DC_0	1841299524
TEST_CANIN_TEST_6DC_1	1841300548
TEST_CANIN_TEST_6DC_2	1841301572
TEST_CANIN_TEST_6F1_0	1863319620
TEST_CANIN_TEST_6F1_1	1863320644
TEST_CANIN_TEST_6F1_2	1863321668
TEST_CANIN_TEST_6F4_0	1866465348
TEST_CANIN_TEST_6F4_1	1866466372
TEST_CANIN_TEST_6F4_2	1866467396
TEST_CHECK_SHIPPING_INFORMATION	1855369232
TEST_CMD_FEATURE_MCU_STATE	-1728053161
TEST_CMD_TEST_AUDIO_AVAH	1856438288
TEST_CMD_TEST_AUDIO_AVAH_SET	1855389712
TEST_CMD_TEST_AUDIO_FM	1856569360
TEST_CMD_TEST_AUDIO_FM_SET	1855520784
TEST_CMD_TEST_AUDIO_MODE	1856569352
TEST_CMD_TEST_AUDIO_MODE_SET	1855520776
TEST_CMD_TEST_AUDIO_XF	1856569408
TEST_CMD_TEST_AUDIO_XF_SET	1855520832
TEST_CONFIG_CHAR	-1728052910
TEST_CONFIG_CHAR_SET	-1442840238
TEST_COUNTRY_CODE_SET	-1442840190
TEST_COUNT_CRAM_FAULT_VALUE	-1728052871
TEST_DAY_NIGHT_MODE_SET	-1442840300
TEST_DSP_STANDBY_STATE_SET	-1442840301
TEST_EXTERNAL_SOFTWARE_VERSION_SET	-1442840216
TEST_FLASH_MUSIC_VAL_SET	-1442840239
TEST_FM_ANTENNA_STATUS_DETECTION	-1728052983
TEST_FM_ANTENNA_STATUS_DETECTION_SET	-1442840311
TEST_FM_SPEAK_SET	-1442840294
TEST_GET_IVI_CLUSTER_PANEL_ID	1855381520
TEST_IVI_CLUSTER_PANEL_ID_RESULT_SET	-1442840200
TEST_KEY_VOLTAGE_DETECTION	-1728052989
TEST_KEY_VOLTAGE_DETECTION_SET	-1442840317
TEST_LOG_COMMON_UTILS	1841299468
TEST_MCU_AVAS_CONFIGURATION_SET	-1442840207
TEST_MCU_REPORT_SENSOR_VAL	-1728052919
TEST_MCU_REPORT_SENSOR_VAL_SET	-1442840247
TEST_MCU_SPEAK_SET	-1442840254
TEST_MIC_CHANNEL_SET	-1442840289
TEST_NOSCREEN_RUNIN_CONFIGURATION	1855270928
TEST_NOSCREEN_RUNIN_RESULT_SET	-1442840221
TEST_OPEN_RUNIN_APK	1855250448
TEST_PA_CONTROL_SET	-1442840248
TEST_QUERY_ADB_DEVICE_NUMBER	1855373328
TEST_RUDDER_INFORMATION_SET	-1442840189
TEST_RUNIN_CONFIGURATION	1855279120
TEST_RUNIN_FUNCTION_CONFIGURATION	1855287312
TEST_RUNIN_FUNCTION_RESULT_SET	-1442840220
TEST_RUNIN_FUNCTION_RESULT_STATUS	1855291408
TEST_RUNIN_RESULT_SET	-1442840222
TEST_SET_FINAL_TEST_TIME	1855250456
TEST_SET_TEC_LEVEL	-1728053174
TEST_SET_TEC_LEVEL_SET	-1442840510
TEST_SHUTDOWN_FROM_CAN	1855246352
TEST_START_NOSCREEN_RUNIN	1855275024
TEST_START_RUNIN	1855283216
TEST_START_RUNIN_TEST	1855250464
TEST_VAILD_STATION_SIGNAL	-1728052963
TEST_WHOLE_MACHINE_IMEI_SET	-1442840208
TEST_WHOLE_MACHINE_SN_SET	-1442840215
TIME_CHANGE	-1728053205
TIME_DATE_FLAG_2_SET	325058617
TIME_DATE_FLAG_SET	1307574329
TIME_DATE_FORMAT	1237319694
TIME_DAY	259568
TIME_DAY_2B6_SET	727711768
TIME_DAY_2_SET	325058584
TIME_DAY_SET	1307574296
TIME_FORMAT_24H	1237319726
TIME_FORMAT_24H_SET	1312817198
TIME_FORMAT_2B6_SET	727711803
TIME_GPS_AUTOMATIC_CAL_TIME_SET	727711805
TIME_HOUR	60937
TIME_HOUR_2B6_SET	727711776
TIME_HOUR_2_SET	325058592
TIME_HOUR_SET	1307574304
TIME_MINUTE	563144
TIME_MINUTE_2B6_SET	727711784
TIME_MINUTE_2_SET	325058600
TIME_MINUTE_SET	1307574312
TIME_MONTH	480319
TIME_MONTH_2B6_SET	727711760
TIME_MONTH_2_SET	325058576
TIME_MONTH_SET	1307574288
TIME_RSE_SYNC_2B6	-1728052712
TIME_SECOND	583546
TIME_SECOND_2B6_SET	727711792
TIME_SECOND_2_SET	325058608
TIME_SECOND_SET	1307574320
TIME_SET_MODE_2_SET	325058616
TIME_SET_MODE_SET	1307574328
TIME_SOC_SYNC_TIME_TO_MCU	973633
TIME_SOC_SYNC_TIME_TO_MCU_SET	-1442840250
TIME_SUMMERTIME_STATE	1237319696
TIME_TIME_REQUEST	1049612304
TIME_WEEKDAY	1028262
TIME_WEEKDAY_2B6_SET	727711800
TIME_WEEKDAY_SET	1307574332
TIME_WEEK_2_SET	325058620
TIME_YEAR	319887
TIME_YEAR_2B6_SET	727711752
TIME_YEAR_2_SET	325058568
TIME_YEAR_SET	1307574280
TIME_ZONE	46823
TIME_ZONE_SET	516862
TYRE_AIR_LEAK_STATE_LEFT_FRONT	-1728052958
TYRE_AIR_LEAK_STATE_LEFT_REAR	-1728052950
TYRE_AIR_LEAK_STATE_RIGHT_FRONT	-1728052954
TYRE_AIR_LEAK_STATE_RIGHT_REAR	-1728052946
TYRE_BATTERY_STATE	1020264518
TYRE_BATTERY_VALUE_LEFT_FRONT	994787
TYRE_BATTERY_VALUE_LEFT_REAR	370315
TYRE_BATTERY_VALUE_RIGHT_FRONT	438043
TYRE_BATTERY_VALUE_RIGHT_REAR	119783
TYRE_HAS_INDIRECT_TYRE_PRESSURE_ONLINE	1097859088
TYRE_HAS_TYRE_INDIRECT_PRESSURE_DISPLAY_ONLINE	1274019908
TYRE_HAS_TYRE_PRESSURE_ONLINE	1020264448
TYRE_INDIRECT_TYRE_SYSTEM_CONFIRM_SET	944767028
TYRE_INDITECT_TYRE_SYSTEM_STATE	1097859086
TYRE_PRESSURE_STATE_LEFT_FRONT	-1728052957
TYRE_PRESSURE_STATE_LEFT_REAR	-1728052949
TYRE_PRESSURE_STATE_RIGHT_FRONT	-1728052953
TYRE_PRESSURE_STATE_RIGHT_REAR	-1728052945
TYRE_PRESSURE_VALUE_LEFT_FRONT	-1728052956
TYRE_PRESSURE_VALUE_LEFT_REAR	-1728052948
TYRE_PRESSURE_VALUE_RIGHT_FRONT	-1728052952
TYRE_PRESSURE_VALUE_RIGHT_REAR	-1728052944
TYRE_SIGNAL_STATE_LEFT_FRONT	-1728052959
TYRE_SIGNAL_STATE_LEFT_REAR	-1728052951
TYRE_SIGNAL_STATE_RIGHT_FRONT	-1728052955
TYRE_SIGNAL_STATE_RIGHT_REAR	-1728052947
TYRE_SYSTEM_STATE	1020264461
TYRE_TEMPERATURE_STATE	1020264516
VEHICLE_DATA_ACQ_CONFIGURE	-1728053157
VEHICLE_DATA_ACQ_CONFIGURE_SET	-1442840499
VEHICLE_DATA_EVENT_DATA_ACQ	-1728053156
VEHICLE_DATA_PERIOD_DATA_ACQ	-1728053155
VERSION_AC	-1728053188
VERSION_AC_SET	-1442840512
VERSION_APA	-1728052864
VERSION_BATTERY_CTRL	530983
VERSION_BATTERY_CTRL_SET	979470
VERSION_CAN_PROTOCOL	-1728052904
VERSION_CAR_CHARGER	716926
VERSION_CAR_CHARGER_SET	755969
VERSION_DSP	-1728052964
VERSION_DSP_BOOT	1025571
VERSION_DSP_BOOT_SET	277641
VERSION_DSP_SET	655569
VERSION_DTC	523902
VERSION_ENGINE_CTRL	458356
VERSION_ENGINE_CTRL_SET	656659
VERSION_HARDWARE_VERSION	-1728053237
VERSION_HARDWARE_VERSION_SET	-1442840566
VERSION_INSTRUMENT	458157
VERSION_INSTRUMENT_SET	626182
VERSION_MCU	-1728053246
VERSION_MCU_BOOT	-1728053247
VERSION_MCU_BOOT_SET	-1442840498
VERSION_MCU_HW_CONFIG	-1728052905
VERSION_MCU_HW_CONFIG_SET	-1442840233
VERSION_MCU_SET	-1442840497
VERSION_MCU_SPI_RATE	-1728052887
VERSION_MOTOR_CTRL	572251
VERSION_MOTOR_CTRL_F	169221
VERSION_MOTOR_CTRL_F_SET	525666
VERSION_MOTOR_CTRL_R	804795
VERSION_MOTOR_CTRL_R_SET	346901
VERSION_MOTOR_CTRL_SET	842946
VERSION_TRANS_CTRL	317878
VERSION_TRANS_CTRL_SET	256145
WIPER_AREA_FRONT_STATE	540287
WIPER_AREA_REAR_STATE	1196425226
WIPER_FRONT_WIPER_LEVEL	321912848
WIPER_RELAY_STATE	1336934438
WIPER_WINDSCREEN_WIPER_SENSITIVITY	321912864
YUN_CONFIG	-1728053241
YUN_DATA_COLLECTION	-1728053240
YUN_DATA_DECRYPT	-1728053243
YUN_DATA_ENCRYPT	-1728053244
YUN_DYNAMIC_DATA_CALLBACK	-1728053215
YUN_KEY_NFC	-1728052987
YUN_KEY_NFC_SET	-1442840315
YUN_MAINTENANCE_MODE	-1728052912
YUN_MCU_STATUS_OF_YUN	-1728052990
YUN_MCU_STATUS_OF_YUN_SET	-1442840318
YUN_NFC_DATA_DIAGNOSIS_SET	-1442840231
YUN_NFC_KEY_SEPARATE_DATA	-1728052907
YUN_NFC_KEY_SEPARATE_DATA_SET	-1442840235
YUN_NFC_SHORT_REPLY	-1728052903
YUN_SEAT_VENTILATING_HEATING	-1728052924
YUN_SEAT_VENTILATING_HEATING_SET	-1442840252
YUN_SEND_CMD	-1728053242
YUN_SENT_MONITOR_TABLE_SET	-1442840541
Yun.YUN_CONFIG	-1728053241
Yun.YUN_DATA_COLLECTION	-1728053240
Yun.YUN_DATA_DECRYPT	-1728053243
Yun.YUN_DATA_ENCRYPT	-1728053244
Yun.YUN_DYNAMIC_DATA_CALLBACK	-1728053215
Yun.YUN_KEY_NFC	-1728052987
Yun.YUN_KEY_NFC_SET	-1442840315
Yun.YUN_MAINTENANCE_MODE	-1728052912
Yun.YUN_MCU_STATUS_OF_YUN	-1728052990
Yun.YUN_MCU_STATUS_OF_YUN_SET	-1442840318
Yun.YUN_NFC_DATA_DIAGNOSIS_SET	-1442840231
Yun.YUN_NFC_KEY_SEPARATE_DATA	-1728052907
Yun.YUN_NFC_KEY_SEPARATE_DATA_SET	-1442840235
Yun.YUN_NFC_SHORT_REPLY	-1728052903
Yun.YUN_REQUEST_PRINT_DYNAMIC_TABLE	-1442839991
Yun.YUN_SEAT_VENTILATING_HEATING	-1728052924
Yun.YUN_SEAT_VENTILATING_HEATING_SET	-1442840252
Yun.YUN_SEND_CMD	-1728053242
Yun.YUN_SENT_MONITOR_TABLE_SET	-1442840541
Wiper.WIPER_AREA_FRONT_STATE	540287
Wiper.WIPER_AREA_REAR_STATE	1196425226
Wiper.WIPER_FRONT_WIPER_LEVEL	321912848
Wiper.WIPER_REAR_WIPER_WASH_GEAR	321912892
Wiper.WIPER_RELAY_STATE	1336934438
Wiper.WIPER_WINDSCREEN_WIPER_SENSITIVITY	321912864
Vehicle.VEHICLE_DATA_ACQ_CONFIGURE	-1728053157
Vehicle.VEHICLE_DATA_ACQ_CONFIGURE_SET	-1442840499
Vehicle.VEHICLE_DATA_EVENT_DATA_ACQ	-1728053156
Vehicle.VEHICLE_DATA_PERIOD_DATA_ACQ	-1728053155
Version.VERSION_AC	-1728053188
Version.VERSION_AC_SET	-1442840512
Version.VERSION_ANC_ACTIVATION_STATE	-1728052683
Version.VERSION_ANC_VERSION	-1728052688
Version.VERSION_APA	-1728052864
Version.VERSION_BATTERY_CTRL	530983
Version.VERSION_BATTERY_CTRL_SET	979470
Version.VERSION_CAN_PROTOCOL	-1728052904
Version.VERSION_CAR_CHARGER	716926
Version.VERSION_CAR_CHARGER_SET	755969
Version.VERSION_DSP	-1728052964
Version.VERSION_DSP_BOOT	1025571
Version.VERSION_DSP_BOOT_SET	277641
Version.VERSION_DSP_SET	655569
Version.VERSION_DTC	523902
Version.VERSION_ENGINE_CTRL	458356
Version.VERSION_ENGINE_CTRL_SET	656659
Version.VERSION_HARDWARE_VERSION	-1728053237
Version.VERSION_HARDWARE_VERSION_SET	-1442840566
Version.VERSION_INSTRUMENT	458157
Version.VERSION_INSTRUMENT_SET	626182
Version.VERSION_MCU	-1728053246
Version.VERSION_MCU_BOOT	-1728053247
Version.VERSION_MCU_BOOT_SET	-1442840498
Version.VERSION_MCU_HW_CONFIG	-1728052905
Version.VERSION_MCU_HW_CONFIG_SET	-1442840233
Version.VERSION_MCU_LITTLE_BOOT	-1728052700
Version.VERSION_MCU_REPORT_SOFTWARE_VERSION_ENCODE	-1728052399
Version.VERSION_MCU_REPORT_VERSION	-1728052699
Version.VERSION_MCU_SET	-1442840497
Version.VERSION_MCU_SPI_RATE	-1728052887
Version.VERSION_MOTOR_CTRL	572251
Version.VERSION_MOTOR_CTRL_F	169221
Version.VERSION_MOTOR_CTRL_F_SET	525666
Version.VERSION_MOTOR_CTRL_R	804795
Version.VERSION_MOTOR_CTRL_R_SET	346901
Version.VERSION_MOTOR_CTRL_SET	842946
Version.VERSION_QUERY_VERSION_SET	-1442840027
Version.VERSION_RCS_REQUEST_SOFTWARE_VERSION_CODE	-1728052679
Version.VERSION_SOC_REQ_WHOLE_SOFTWARE_VERSION_SET	-1442839719
Version.VERSION_SOFTWARE_CODING_B	-1728052639
Version.VERSION_SOFTWARE_CODING_B_SET	-1442839967
Version.VERSION_SOFTWARE_CODING_MCU_FB	-1728052890
Version.VERSION_SOFTWARE_CODING_SET	-1442840187
Version.VERSION_SOFTWARE_VERSION_B	-1728052638
Version.VERSION_SOFTWARE_VERSION_B_SET	-1442839966
Version.VERSION_SOFTWARE_VERSION_MCU_FB	-1728052720
Version.VERSION_SOFTWARE_VERSION_SET	-1442840186
Version.VERSION_TRANS_CTRL	317878
Version.VERSION_TRANS_CTRL_SET	256145
Tyre.TYRE_AIR_LEAK_STATE_LEFT_FRONT	-1728052958
Tyre.TYRE_AIR_LEAK_STATE_LEFT_REAR	-1728052950
Tyre.TYRE_AIR_LEAK_STATE_RIGHT_FRONT	-1728052954
Tyre.TYRE_AIR_LEAK_STATE_RIGHT_REAR	-1728052946
Tyre.TYRE_BATTERY_STATE	1020264518
Tyre.TYRE_BATTERY_VALUE_LEFT_FRONT	994787
Tyre.TYRE_BATTERY_VALUE_LEFT_REAR	370315
Tyre.TYRE_BATTERY_VALUE_RIGHT_FRONT	438043
Tyre.TYRE_BATTERY_VALUE_RIGHT_REAR	119783
Tyre.TYRE_BRAKE_DISC_TEMP_STATUS	341835824
Tyre.TYRE_HAS_INDIRECT_TYRE_PRESSURE_ONLINE	1097859088
Tyre.TYRE_HAS_TYRE_INDIRECT_PRESSURE_DISPLAY_ONLINE	1274019908
Tyre.TYRE_HAS_TYRE_PRESSURE_ONLINE	1020264448
Tyre.TYRE_INDIRECT_TYRE_SYSTEM_CONFIRM_SET	944767028
Tyre.TYRE_INDITECT_TYRE_SYSTEM_STATE	1097859086
Tyre.TYRE_LF_FAST_LEAK_STATE	224859
Tyre.TYRE_LF_TEMPERATURE_VALUE	214053
Tyre.TYRE_LF_TIRE_PRESSURE_STATE	569555
Tyre.TYRE_LF_TIRE_PRESSURE_VALUE	150306
Tyre.TYRE_LF_WHEEL_TORQUE_LEVEL	513811864
Tyre.TYRE_LOCATION	1020264456
Tyre.TYRE_LR_FAST_LEAK_STATE	793706
Tyre.TYRE_LR_TEMPERATURE_VALUE	564976
Tyre.TYRE_LR_TIRE_PRESSURE_STATE	314174
Tyre.TYRE_LR_TIRE_PRESSURE_VALUE	231016
Tyre.TYRE_LR_WHEEL_TORQUE_LEVEL	513811872
Tyre.TYRE_PRESSURE_STATE_LEFT_FRONT	-1728052957
Tyre.TYRE_PRESSURE_STATE_LEFT_REAR	-1728052949
Tyre.TYRE_PRESSURE_STATE_RIGHT_FRONT	-1728052953
Tyre.TYRE_PRESSURE_STATE_RIGHT_REAR	-1728052945
Tyre.TYRE_PRESSURE_VALUE_LEFT_FRONT	-1728052956
Tyre.TYRE_PRESSURE_VALUE_LEFT_REAR	-1728052948
Tyre.TYRE_PRESSURE_VALUE_RIGHT_FRONT	-1728052952
Tyre.TYRE_PRESSURE_VALUE_RIGHT_REAR	-1728052944
Tyre.TYRE_RF_FAST_LEAK_STATE	662408
Tyre.TYRE_RF_TEMPERATURE_VALUE	870852
Tyre.TYRE_RF_TIRE_PRESSURE_STATE	256886
Tyre.TYRE_RF_TIRE_PRESSURE_VALUE	773945
Tyre.TYRE_RF_WHEEL_TORQUE_LEVEL	513811867
Tyre.TYRE_RR_FAST_LEAK_STATE	406512
Tyre.TYRE_RR_TEMPERATURE_VALUE	686332
Tyre.TYRE_RR_TIRE_PRESSURE_STATE	992838
Tyre.TYRE_RR_TIRE_PRESSURE_VALUE	38582
Tyre.TYRE_RR_WHEEL_TORQUE_LEVEL	513811875
Tyre.TYRE_SIGNAL_AIR_LEAK_STATUS	1020264464
Tyre.TYRE_SIGNAL_LF_PRESSURE_WARNING_STATUS	1097859080
Tyre.TYRE_SIGNAL_LR_PRESSURE_WARNING_STATUS	1097859083
Tyre.TYRE_SIGNAL_PRESSURE_STATUS	1020264466
Tyre.TYRE_SIGNAL_PRESSURE_VALUE_STATUS	1020264472
Tyre.TYRE_SIGNAL_RF_PRESSURE_WARNING_STATUS	1097859081
Tyre.TYRE_SIGNAL_RR_PRESSURE_WARNING_STATUS	1097859082
Tyre.TYRE_SIGNAL_STATE_LEFT_FRONT	-1728052959
Tyre.TYRE_SIGNAL_STATE_LEFT_REAR	-1728052951
Tyre.TYRE_SIGNAL_STATE_RIGHT_FRONT	-1728052955
Tyre.TYRE_SIGNAL_STATE_RIGHT_REAR	-1728052947
Tyre.TYRE_SIGNAL_STATUS	1020264460
Tyre.TYRE_SIGNAL_TEMPERATURE_STATUS	1020264468
Tyre.TYRE_SIGNAL_TEMPERATURE_VALUE_STATUS	1020264488
Tyre.TYRE_SYSTEM_PRESSURE_STATE	1020264514
Tyre.TYRE_SYSTEM_STATE	1020264461
Tyre.TYRE_TEMPERATURE_STATE	1020264516
Tyre.TYRE_TORQUE_LEVEL_DISPLAY_CONFIG_MARK	513811854
Tyre.TYRE_UNIT_PRESSURE	180252
Time.TIME_CHANGE	-1728053205
Time.TIME_CLOCK_SCREEN_CLOCK_STYLE	1319108634
Time.TIME_CLOCK_SCREEN_CLOCK_STYLE_SET	770703386
Time.TIME_CLOCK_SCREEN_CONFIG	1319108648
Time.TIME_CLOCK_SCREEN_DIMMING_GEAR	1319108624
Time.TIME_CLOCK_SCREEN_DIMMING_GEAR_SET	770703376
Time.TIME_CLOCK_SCREEN_TENSE	1319108616
Time.TIME_CLOCK_SCREEN_TENSE_SET	770703368
Time.TIME_CLOCK_SCREEN_THEME_WALLPAPER	1319108618
Time.TIME_CLOCK_SCREEN_THEME_WALLPAPER_SET	770703370
Time.TIME_DATE_FLAG_2_SET	325058617
Time.TIME_DATE_FLAG_SET	1307574329
Time.TIME_DATE_FORMAT	1237319694
Time.TIME_DAY	259568
Time.TIME_DAY_2B6_SET	727711768
Time.TIME_DAY_2_SET	325058584
Time.TIME_DAY_SET	1307574296
Time.TIME_FORMAT_24H	1237319726
Time.TIME_FORMAT_24H_SET	1312817198
Time.TIME_FORMAT_2B6_SET	727711803
Time.TIME_FORMAT_ARHUD	1246793767
Time.TIME_GPS_AUTOMATIC_CAL_TIME_SET	727711805
Time.TIME_HOUR	60937
Time.TIME_HOUR_2B6_SET	727711776
Time.TIME_HOUR_2_SET	325058592
Time.TIME_HOUR_ARHUD	1246793776
Time.TIME_HOUR_SET	1307574304
Time.TIME_HUAWEI_MDC_TIME_SYNCHRONIZATION_VALIDITY_FLAG_SET	-1442839752
Time.TIME_MINUTE	563144
Time.TIME_MINUTE_2B6_SET	727711784
Time.TIME_MINUTE_2_SET	325058600
Time.TIME_MINUTE_ARHUD	1246793784
Time.TIME_MINUTE_SET	1307574312
Time.TIME_MONTH	480319
Time.TIME_MONTH_2B6_SET	727711760
Time.TIME_MONTH_2_SET	325058576
Time.TIME_MONTH_SET	1307574288
Time.TIME_RSE_SYNC_2B6	-1728052712
Time.TIME_SECOND	583546
Time.TIME_SECOND_2B6_SET	727711792
Time.TIME_SECOND_2_SET	325058608
Time.TIME_SECOND_ARHUD	1246793792
Time.TIME_SECOND_SET	1307574320
Time.TIME_SEND_UNIX_TIME_SATMP_AND_SOURCE_SET	-1442840008
Time.TIME_SET_MODE_2_SET	325058616
Time.TIME_SET_MODE_SET	1307574328
Time.TIME_SOC_SYNC_TIME_TO_MCU	973633
Time.TIME_SOC_SYNC_TIME_TO_MCU_SET	-1442840250
Time.TIME_SUMMERTIME_STATE	1237319696
Time.TIME_SUNRISE_TIME_SET	1083219984
Time.TIME_SUNSET_TIME_PERIOD_SET	1083220016
Time.TIME_SUNSET_TIME_SET	1083220000
Time.TIME_TIME_REQUEST	1049612304
Time.TIME_WEEKDAY	1028262
Time.TIME_WEEKDAY_2B6_SET	727711800
Time.TIME_WEEKDAY_SET	1307574332
Time.TIME_WEEK_2_SET	325058620
Time.TIME_YEAR	319887
Time.TIME_YEAR_2B6_SET	727711752
Time.TIME_YEAR_2_SET	325058568
Time.TIME_YEAR_SET	1307574280
Time.TIME_ZONE	46823
Time.TIME_ZONE_SET	516862
Test.TEST_ADB_DEVICE_NUMBER_SET	-1442840204
Test.TEST_APK_INSTALL_RESULT	1841299494
Test.TEST_APK_INSTALL_RESULT_6B3_SET	1798377488
Test.TEST_APK_INSTALL_RESULT_6B7_SET	1802571792
Test.TEST_APK_INSTALL_RESULT_SET	1844449296
Test.TEST_AUDIO_AVAS_SET	-1442840316
Test.TEST_AUDIO_HARDWARE_CONFIG	-1728052670
Test.TEST_AUDIO_HARDWARE_CONFIG_SET	-1442839995
Test.TEST_BAK_BATTERY_CHARGING_DISCHARGING_STATUS	-1728052986
Test.TEST_BAK_BATTERY_CHARGING_DISCHARGING_STATUS_SET	-1442840314
Test.TEST_BOARD_KEY	1038094352
Test.TEST_CANIN_TEST_6B0_0	1795166272
Test.TEST_CANIN_TEST_6B4_0	1799360576
Test.TEST_CANIN_TEST_6DC_0	1841299524
Test.TEST_CANIN_TEST_6DC_1	1841300548
Test.TEST_CANIN_TEST_6DC_2	1841301572
Test.TEST_CANIN_TEST_6F1_0	1863319620
Test.TEST_CANIN_TEST_6F1_1	1863320644
Test.TEST_CANIN_TEST_6F1_2	1863321668
Test.TEST_CANIN_TEST_6F4_0	1866465348
Test.TEST_CANIN_TEST_6F4_1	1866466372
Test.TEST_CANIN_TEST_6F4_2	1866467396
Test.TEST_CHECK_SHIPPING_INFORMATION	1855369232
Test.TEST_CMD_FEATURE_MCU_STATE	-1728053161
Test.TEST_CMD_TEST_AUDIO_AVAH	1856438288
Test.TEST_CMD_TEST_AUDIO_AVAH_SET	1855389712
Test.TEST_CMD_TEST_AUDIO_FM	1856569360
Test.TEST_CMD_TEST_AUDIO_FM_SET	1855520784
Test.TEST_CMD_TEST_AUDIO_MODE	1856569352
Test.TEST_CMD_TEST_AUDIO_MODE_SET	1855520776
Test.TEST_CMD_TEST_AUDIO_XF	1856569408
Test.TEST_CMD_TEST_AUDIO_XF_SET	1855520832
Test.TEST_CONFIG_CHAR	-1728052910
Test.TEST_CONFIG_CHAR_SET	-1442840238
Test.TEST_COUNTRY_CODE_SET	-1442840190
Test.TEST_COUNT_CRAM_FAULT_VALUE	-1728052871
Test.TEST_DAY_NIGHT_MODE_SET	-1442840300
Test.TEST_DSP_STANDBY_STATE_SET	-1442840301
Test.TEST_EXTERNAL_SOFTWARE_VERSION_SET	-1442840216
Test.TEST_FLASH_MUSIC_VAL_SET	-1442840239
Test.TEST_FM_ANTENNA_STATUS_DETECTION	-1728052983
Test.TEST_FM_ANTENNA_STATUS_DETECTION_SET	-1442840311
Test.TEST_FM_SPEAK_SET	-1442840294
Test.TEST_GET_IVI_CLUSTER_PANEL_ID	1855381520
Test.TEST_IVI_CLUSTER_PANEL_ID_RESULT_SET	-1442840200
Test.TEST_KEY_DETECTION	1855213584
Test.TEST_KEY_VOLTAGE_DETECTION	-1728052989
Test.TEST_KEY_VOLTAGE_DETECTION_SET	-1442840317
Test.TEST_LOG_COMMON_UTILS	1841299468
Test.TEST_MCU_AVAS_CONFIGURATION_SET	-1442840207
Test.TEST_MCU_REPORT_DSP_VERSION_SET	-1442839993
Test.TEST_MCU_REPORT_SENSOR_VAL	-1728052919
Test.TEST_MCU_REPORT_SENSOR_VAL_SET	-1442840247
Test.TEST_MCU_REPORT_TEMP	-1728052669
Test.TEST_MCU_REPORT_TEMP_SET	-1442839994
Test.TEST_MCU_SPEAK_SET	-1442840254
Test.TEST_MESSAGE_CONTROL_FILL_PROCESS	1855410240
Test.TEST_MESSAGE_CONTROL_FILL_PROCESS_SET	-1442840009
Test.TEST_MIC_CHANNEL_SET	-1442840289
Test.TEST_NOSCREEN_RUNIN_CONFIGURATION	1855270928
Test.TEST_NOSCREEN_RUNIN_RESULT_SET	-1442840221
Test.TEST_NOTICE_MCU_SHUTDOWN_SET	-1442840050
Test.TEST_OPEN_RUNIN_APK	1855250448
Test.TEST_PA_CONTROL_SET	-1442840248
Test.TEST_QUERY_ADB_DEVICE_NUMBER	1855373328
Test.TEST_RCS_SINGLE_BOARD_SN_SET	-1442839948
Test.TEST_RUDDER_INFORMATION_SET	-1442840189
Test.TEST_RUNIN_CONFIGURATION	1855279120
Test.TEST_RUNIN_FUNCTION_CONFIGURATION	1855287312
Test.TEST_RUNIN_FUNCTION_RESULT_SET	-1442840220
Test.TEST_RUNIN_FUNCTION_RESULT_STATUS	1855291408
Test.TEST_RUNIN_RESULT_SET	-1442840222
Test.TEST_SECURITY_CHIP_FIRMWARE_VERSION	1855369256
Test.TEST_SECURITY_CHIP_FIRMWARE_VERSION_SET	-1442839998
Test.TEST_SET_FINAL_TEST_TIME	1855250456
Test.TEST_SET_SEOC_KEY_SET	-1442840051
Test.TEST_SET_TEC_LEVEL	-1728053174
Test.TEST_SET_TEC_LEVEL_SET	-1442840510
Test.TEST_SHUTDOWN_FROM_CAN	1855246352
Test.TEST_SIMULATE_DOWN_SET	-1442840049
Test.TEST_SIMULATE_UP_SET	-1442840048
Test.TEST_SPI_PRESSURE_TEST	-1728052702
Test.TEST_SPI_PRESSURE_TEST_SET	-1442840030
Test.TEST_START_NOSCREEN_RUNIN	1855275024
Test.TEST_START_RUNIN	1855283216
Test.TEST_START_RUNIN_TEST	1855250464
Test.TEST_VAILD_STATION_SIGNAL	-1728052963
Test.TEST_WHOLE_MACHINE_IMEI_SET	-1442840208
Test.TEST_WHOLE_MACHINE_SN_SET	-1442840215
Sensor.SENSOR_AMBIENT_INTENSITY_SET	494927884
Sensor.SENSOR_AUTO_SLOPE	573571116
Sensor.SENSOR_AUTO_SLOPE_2nd	1090519076
Sensor.SENSOR_AX_223	573571080
Sensor.SENSOR_AX_AY_OFFSET	-1728052722
Sensor.SENSOR_AX_OFFSET_223	573571092
Sensor.SENSOR_AX_STATUS_223	573571135
Sensor.SENSOR_AY_223	573571104
Sensor.SENSOR_AY_STATUS_223	573571134
Sensor.SENSOR_BUD_AMB_INTENSITY_SET	494927904
Sensor.SENSOR_CLOUD_AIR_VOLUME_GEAR_DIRECTION_SET	647569
Sensor.SENSOR_CLOUD_AIR_VOLUME_GEAR_PROBABILITY_SET	582270
Sensor.SENSOR_CLOUD_AIR_VOLUME_GEAR_SET	126699
Sensor.SENSOR_CROSSWIND_ZOND_AHEAD_OF_VEHICLE_SET	703603728
Sensor.SENSOR_EF_READ_WRITE_STATUS	1003487574
Sensor.SENSOR_FORWARD_INTENSITY_SET	494927894
Sensor.SENSOR_FRONT_WINDSHIELD_HUMIDITY_VALUE	994050056
Sensor.SENSOR_FRONT_WINDSHIELD_SURFACE_TEMP	994050064
Sensor.SENSOR_G_SENSOR_OR_ANGLE_SET	1113587720
Sensor.SENSOR_HUD_FWD_INTENSITY_SET	494927920
Sensor.SENSOR_HUMIDITY	740567
Sensor.SENSOR_HUMIDITY_HARDWARE_FAILURE	994050119
Sensor.SENSOR_ILLUMINANCE_SENSING_ERROR_SET	494927970
Sensor.SENSOR_ILLUMINATION_VALUE_SET	660544
Sensor.SENSOR_LAMP_ON_REQUEST_SET	494927933
Sensor.SENSOR_LEFT_SOLAR_DENSITY_SET	494927936
Sensor.SENSOR_LEFT_SUNLIGHT_INTENSITY	994050080
Sensor.SENSOR_LIGHT	315621396
Sensor.SENSOR_LIGHT_INTENSITY	950009888
Sensor.SENSOR_LIGHT_INTENSITY_VALUE	1003487560
Sensor.SENSOR_LIGHT_INTENSITY_VALUE_HORIZONTAL	1003487576
Sensor.SENSOR_LIGHT_INTENSITY_hal_only	899678368
Sensor.SENSOR_LIGHT_STRENGTH	1072693302
Sensor.SENSOR_LIGHT_STRENGTH_AD	1072693272
Sensor.SENSOR_LIGHT_STRENGTH_CONFIG_FLAG	1003487589
Sensor.SENSOR_LIGHT_STRENGTH_CONFIG_FLAG_hal_only	899678512
Sensor.SENSOR_LIGHT_STRENGTH_FLAG	1072693288
Sensor.SENSOR_LIGHT_STRENGTH_FLAG_hal_only	899678228
Sensor.SENSOR_MCU_REPORT_TEMP_AND_NTC_VOLTAGE	-1728052668
Sensor.SENSOR_MIST_SENSING_ERROR_SET	494927974
Sensor.SENSOR_OVERLOAD_ALARM_SIGNAL	1003487618
Sensor.SENSOR_RAIN_DENSITY_SET	494927880
Sensor.SENSOR_RAIN_FALL_VALUE	994051138
Sensor.SENSOR_RAIN_SENSING_ERROR_SET	494927968
Sensor.SENSOR_RESTORE_INITIAL_VALUE	1003487573
Sensor.SENSOR_RESTORE_INITIAL_VALUE_SET	1276149831
Sensor.SENSOR_RIGHT_SOLAR_DENSITY_SET	494927944
Sensor.SENSOR_RIGHT_SUNLIGHT_INTENSITY	994050088
Sensor.SENSOR_RLS_ERROR_SET	494927976
Sensor.SENSOR_RLS_STATE_SET	494927980
Sensor.SENSOR_ROAD_CONDITION_SET	494927960
Sensor.SENSOR_ROAD_ILLUMINANCE_STATE_SET	494927990
Sensor.SENSOR_SOLAR_SENSING_ERROR_SET	494927972
Sensor.SENSOR_SUNLIGHT_HARDWARE_FAILURE	994050118
Sensor.SENSOR_SUN_ELEVATION_SET	813572
Sensor.SENSOR_SUN_INCIDENT_ANGLE_SET	422115
Sensor.SENSOR_SUPPLIER_CODE_SET	494927957
Sensor.SENSOR_TEMPERATURE	796311
Sensor.SENSOR_WHEEL_SPEED_SENSOR_FAULT_PROMPT_FLAG	681574866
Sensor.SENSOR_WINDOWS_CLOSE_REQUEST_SET	494927955
Sensor.SENSOR_WINDSHIELD_FLUSH_SET	494927998
Sensor.SENSOR_WINDSHIELD_HUMIDITY_MODEL_VALUE_SET	494928008
Sensor.SENSOR_WINDSHIELD_MIST_AREA_SET	494927995
Sensor.SENSOR_WINDSHIELD_MIST_DENSITY_SET	494927952
Sensor.SENSOR_WINDSHIELD_MIST_FROST_STATE_SET	494927992
Sensor.SENSOR_WINDSHIELD_MIST_VALUE_SET	494927983
Sensor.SENSOR_WINDSHIELD_TEMP_MODEL_VALUE_SET	494928000
Sensor.SENSOR_WIPER_SPEED_SET	494927917
Sensor.SENSOR_YAW_RATE_OFFSET	572523540
Sensor.SENSOR_YAW_RATE_SIGNAL	572523528
Sensor.SENSOR_YAW_RATE_STATUS	572523559
Statistic.STATISTICS_AC_POWER_CONSUMPTION_50KM	1244682264
Statistic.STATISTICS_AVERAGE_INSTANT_EV_LAST_200M	1032871952
Statistic.STATISTICS_AVERAGE_INSTANT_EV_LAST_200M_FLAG	1032871963
Statistic.STATISTICS_AVERAGE_INSTANT_EV_LAST_200M_FLAG_HEV	1175453756
Statistic.STATISTICS_AVERAGE_INSTANT_EV_LAST_200M_HEV	1175453757
Statistic.STATISTICS_AVERAGE_INSTANT_FUEL_LAST_200M	1032871964
Statistic.STATISTICS_AVERAGE_INSTANT_FUEL_LAST_200M_FLAG	1032871973
Statistic.STATISTICS_AVERAGE_INSTANT_FUEL_LAST_200M_FLAG_HEV	1175453753
Statistic.STATISTICS_AVERAGE_INSTANT_FUEL_LAST_200M_HEV	1175453744
Statistic.STATISTICS_BATTERY_GO_WHERE_FUNCTION_CONFIGURATION_SELF_LEARNING	1244670019
Statistic.STATISTICS_CAN_NETWORK_CONNECTION_STATUS	-1728052706
Statistic.STATISTICS_DATA_CLOSE_LOOP_REQUEST_POWER_STATUS	681574626
Statistic.STATISTICS_DATA_CLOSE_LOOP_UPLOAD_STATUS	749732104
Statistic.STATISTICS_DATA_CLOSE_LOOP_UPLOAD_STATUS_SET	997195826
Statistic.STATISTICS_DATA_UPLOAD_MODE_SET	1083191364
Statistic.STATISTICS_DESERT_MODE_PROMPT_SIGNAL_SET	1083211792
Statistic.STATISTICS_DESTINATION_IDENTIFICATION_SET	1083195412
Statistic.STATISTICS_DIAG_MCU_REPORT_AMPLIFIER_TYPE	-1728052704
Statistic.STATISTICS_DSP_WORK_STATUS	-1728052705
Statistic.STATISTICS_ELECTRICITY_CONSUMPTION_AFTER_ZEROING	1245749285
Statistic.STATISTICS_ELECTRICITY_CONSUMPTION_UNITS_AFTER_ZEROING	1245749283
Statistic.STATISTICS_EXTERNAL_DISCHARGE_POWER_CONSUMPTION_50KM	1244682272
Statistic.STATISTICS_FSE_REPORT_SCREEN_HORIZONTAL_RESOLUTION_SET_GET	1278214160
Statistic.STATISTICS_FSE_REPORT_SCREEN_VETICAL_RESOLUTION_SET_GET	1278214176
Statistic.STATISTICS_HOST_MACHINE_TEMP_STATUS	-1728052622
Statistic.STATISTICS_HUD_PIXEL_HEADLIGHT_CALBRATE_STATUS	-1728052455
Statistic.STATISTICS_HUD_PIXEL_HEADLIGHT_CALBRATE_STATUS_SET	-1442839789
Statistic.STATISTICS_ISA_ACCIDENT_AHEAD_STATUS_SET	1262485600
Statistic.STATISTICS_ISA_CONSTRUCTION_ZONES_STATUS_SET	1262485598
Statistic.STATISTICS_ISA_COUNTRY_CODE_SET	1262485582
Statistic.STATISTICS_ISA_CURRENT_ROAD_SPEED_LIMIT_SET	1262485532
Statistic.STATISTICS_ISA_CURRENT_ROAD_SPEED_LIMIT_TYPE_SET	1262485556
Statistic.STATISTICS_ISA_CURRENT_ROAD_TIME_CONDITIONAL_SPEED_LIMIT_SET	1262485539
Statistic.STATISTICS_ISA_FRONT_RAMP_DISTANCE_SET	1262485543
Statistic.STATISTICS_ISA_MAP_STATUS_SET	1262485592
Statistic.STATISTICS_ISA_RAINY_CONDITION_SPEED_LIMIT_SET	1262485569
Statistic.STATISTICS_ISA_ROAD_SPEED_LIMIT_UNIT_SET	1262485590
Statistic.STATISTICS_ISA_ROAD_TYPE_SET	1262485579
Statistic.STATISTICS_ISA_SNOW_CONDITION_SPEED_LIMIT_SET	1262485574
Statistic.STATISTICS_ISA_TIME_CONDITIONAL_SPEED_LIMIT_SET	1262485537
Statistic.STATISTICS_ISA_TRAFFIC_JAM_STATUS_SET	1262485596
Statistic.STATISTICS_ISA_TRAFFIC_SIGN_TYPE_SET	1262485604
Statistic.STATISTICS_ISA_WHETHER_FRONT_FORK_RAMP_SET	1262485541
Statistic.STATISTICS_ISA_WRONG_WAY_DRIVER_STATUS_SET	1262485602
Statistic.STATISTICS_IVI_SEND_G_X_AXIS_TO_INSTRUMENT_SET	-1442839707
Statistic.STATISTICS_IVI_SEND_G_Y_AXIS_TO_INSTRUMENT_SET	-1442839706
Statistic.STATISTICS_IVI_SEND_G_Z_AXIS_TO_INSTRUMENT_SET	-1442839705
Statistic.STATISTICS_LOW_ENERGY_STATE_FLAG	1032876076
Statistic.STATISTICS_LOW_PRESSURE_POWER_CONSUMPTION_50KM	1244682280
Statistic.STATISTICS_LRSE_REPORT_SCREEN_HORIZONTAL_RESOLUTION_SET_GET	1092616224
Statistic.STATISTICS_LRSE_REPORT_SCREEN_VETICAL_RESOLUTION_SET_GET	1092616240
Statistic.STATISTICS_MAP_EACH_SEGMENT_AVERAGE_SPEED_1_SET	754057248
Statistic.STATISTICS_MAP_EACH_SEGMENT_AVERAGE_SPEED_2_SET	754057272
Statistic.STATISTICS_MAP_EACH_SEGMENT_LENGTH_1_SET	754057240
Statistic.STATISTICS_MAP_EACH_SEGMENT_LENGTH_2_SET	754057264
Statistic.STATISTICS_MAP_EACH_SEGMENT_NUMBER_1_SET	754057232
Statistic.STATISTICS_MAP_EACH_SEGMENT_NUMBER_2_SET	754057256
Statistic.STATISTICS_MAP_INFOR_NAVIG_DEMAND	542113819
Statistic.STATISTICS_MAP_INFOR_NAVIG_SEGMENTS_TOTAL_SET	1083203632
Statistic.STATISTICS_MAP_INFOR_NAVIG_STATE_SET	1083203624
Statistic.STATISTICS_MAP_INFOR_NAVIG_TOTAL_MILEAGE_SET	1083203616
Statistic.STATISTICS_MAP_PERIOD_INFOR	1139822640
Statistic.STATISTICS_MAP_ROAD_REMAIN_LENGTH_SET	1083203608
Statistic.STATISTICS_MAP_ROAD_SEGMENT_SET	1083203600
Statistic.STATISTICS_MAP_TRAFFIC_LIGHT_STREET_LIGHT_1_SET	754057252
Statistic.STATISTICS_MAP_TRAFFIC_LIGHT_STREET_LIGHT_2_SET	754057276
Statistic.STATISTICS_MCU_FEEDBACK_TEC_STATE_AND_REASON	-1728052687
Statistic.STATISTICS_MCU_LAST_REBOOT_REASON	-1728052709
Statistic.STATISTICS_MCU_LAST_REBOOT_SOC_REASON	-1728052707
Statistic.STATISTICS_MCU_LAST_REBOOT_TIME	-1728052708
Statistic.STATISTICS_MCU_REPORT_VOLTAGE_FAULT_CODE	-1728052608
Statistic.STATISTICS_MCU_REQUEST_SOC_DEVICE_INFO	-1728052472
Statistic.STATISTICS_MCU_REQUEST_SOC_DEVICE_INFO_HUDSWVER_SET	-1442839788
Statistic.STATISTICS_MCU_REQUEST_SOC_DEVICE_INFO_PIXEL_HEADLIGHT_VER_SET	-1442839787
Statistic.STATISTICS_MCU_REQUEST_SOC_DEVICE_INFO_SN_SET	-1442839808
Statistic.STATISTICS_MCU_REQUEST_SOC_ICMS_INFO_SET	-1442839710
Statistic.STATISTICS_MILEAGE_AFTER_ZEROING	1245753360
Statistic.STATISTICS_MILEAGE_UNITS_AFTER_ZEROING	1245753380
Statistic.STATISTICS_PEM_NAVIGATION_DESTINATION_FREQUENT	1083207700
Statistic.STATISTICS_PEM_NAVIGATION_DESTINATION_TYPE	1083207696
Statistic.STATISTICS_PEM_NAVIGATION_IS_HOME_COMPANY	1083207747
Statistic.STATISTICS_PEM_NAVIGATION_REMAINING_DISTANCE	1083207704
Statistic.STATISTICS_PEM_NAVIGATION_REMAINING_TIME	1083207728
Statistic.STATISTICS_POWER_CONSUMPTION_50KM_DISPLAY_STATE	1279262872
Statistic.STATISTICS_POWER_CONSUMPTION_50KM_DISPLAY_STATE_STUDY	-868220776
Statistic.STATISTICS_POWER_DRIVE_POWER_CONSUMPTION_50KM	1244682256
Statistic.STATISTICS_PREDICT_THIRD_KILO_SET	1083191336
Statistic.STATISTICS_RRSE_REPORT_SCREEN_HORIZONTAL_RESOLUTION_SET_GET	1264582688
Statistic.STATISTICS_RRSE_REPORT_SCREEN_VETICAL_RESOLUTION_SET_GET	1264582704
Statistic.STATISTICS_SOUND_SOURCE_INFO	-1728052844
Statistic.STATISTICS_SOUND_SOURCE_INFO_SET	-1442840172
Statistic.STATISTICS_TOTAL_BATTERY_POWER_CONSUMPTION	1244665872
Statistic.STATISTICS_TOTAL_DRIVING_RANGE_UNIT	1246806043
Statistic.STATISTICS_TRAVEL_TIME_AFTER_ZEROING_HOUR	1245753382
Statistic.STATISTICS_TRAVEL_TIME_AFTER_ZEROING_MINUTE	1245753392
Statistic.STATISTICS_VEHICLE_TARGET_WHEEL_TORQUE	898635792
Statistic.STATISTICS_WEATHER_RAINFALL_INFO_SET	1276313654
Statistic.STATISTICS_WEATHER_WIND_DIRECTION_INFO_SET	1276313639
Statistic.STATISTICS_WEATHER_WIND_FORCE_INFO_SET	1276313635
Statistic.STATISTICS_WEATHER_WIND_SPEED_INFO_SET	1276313643
Statistic.STATISTIC_AVERAGE_BATTERY_TEMP	1148190776
Statistic.STATISTIC_BATTERY_AVAILABLE_POWER	1145045048
Statistic.STATISTIC_BATTERY_HEALTHY_INDEX	1145045032
Statistic.STATISTIC_CONSUMPTION_CLEAR_FLAG	1175453704
Statistic.STATISTIC_CURRENT_COMPETITION_TYPE_SET	834666641
Statistic.STATISTIC_DD_MILEAGE1	1246769168
Statistic.STATISTIC_DD_MILEAGE2	1246769188
Statistic.STATISTIC_DRIVING_TIME	1246789668
Statistic.STATISTIC_DRIVING_TIME_MINUTE	1246806064
Statistic.STATISTIC_ELECTRICITY_CONSUMPTION_UNIT	1246801974
Statistic.STATISTIC_ELEC_DRIVING_RANGE	1246765118
Statistic.STATISTIC_ELEC_DRIVING_RANGE_YUN	1032863760
Statistic.STATISTIC_ELEC_PERCENTAGE	1246777400
Statistic.STATISTIC_ENDURANCE_INCREASE_MILEAGE	558952480
Statistic.STATISTIC_ESTIMATE_SOC_V1	1134559272
Statistic.STATISTIC_EV_DRIVING_MILEAGE	1146093608
Statistic.STATISTIC_EV_DRIVING_MILEAGE_CONFIG	609222718
Statistic.STATISTIC_EV_DRIVING_MILEAGE_MODE	609222716
Statistic.STATISTIC_EV_DRIVING_MILEAGE_MODE_SET	503316538
Statistic.STATISTIC_FUEL_AD_VALUE	1033195536
Statistic.STATISTIC_FUEL_DRIVING_RANGE	1246773304
Statistic.STATISTIC_FUEL_DRIVING_RANGE_YUN	1032863771
Statistic.STATISTIC_FUEL_PERCENTAGE	1246785600
Statistic.STATISTIC_HIGHEST_BATTERY_TEMP	1148190752
Statistic.STATISTIC_HIGHEST_BATTERY_VOLTAGE	1147142192
Statistic.STATISTIC_INSTANTANEOUS_CURRENT	1151336480
Statistic.STATISTIC_INSTANT_EV_CONSUME	1146093616
Statistic.STATISTIC_INSTANT_FUEL_CONSUME	1246760996
Statistic.STATISTIC_KEY_BATTERY_LEVEL	402653200
Statistic.STATISTIC_LAST_50KM_AVERAGE_FUEL_CON	1246785562
Statistic.STATISTIC_LAST_50KM_EQUAL_FUEL_CON	1246785586
Statistic.STATISTIC_LAST_50_ACCURACY	1033203740
Statistic.STATISTIC_LAST_ELEC_CON_PHM	1032863794
Statistic.STATISTIC_LAST_FUEL_CON_PHM	1032863782
Statistic.STATISTIC_LAST_FUEL_CON_PHM_GB	1032863782
Statistic.STATISTIC_LOWEST_BATTERY_TEMP	1148190736
Statistic.STATISTIC_LOWEST_BATTERY_VOLTAGE	1147142160
Statistic.STATISTIC_MAX_CHARGE_CURRENT_ALLOW	877658152
Statistic.STATISTIC_MAX_CHARGE_POWER_ALLOW	877658136
Statistic.STATISTIC_MAX_DISCHARGE_POWER_ALLOW	877658120
Statistic.STATISTIC_MILEAGE1_AVERAGE_SPEED	578553
Statistic.STATISTIC_MILEAGE1_DRIVE_TIME	1033216024
Statistic.STATISTIC_MILEAGE1_ELEC_CONSUMPTION	562766
Statistic.STATISTIC_MILEAGE1_ELEC_CON_PHKM	200802
Statistic.STATISTIC_MILEAGE1_FULE_CONSUMPTION	544235
Statistic.STATISTIC_MILEAGE1_FULE_CON_PHKM	765395
Statistic.STATISTIC_MILEAGE2_AVERAGE_SPEED	65301
Statistic.STATISTIC_MILEAGE2_DRIVE_TIME	1033216044
Statistic.STATISTIC_MILEAGE2_ELEC_CONSUMPTION	97327
Statistic.STATISTIC_MILEAGE2_ELEC_CON_PHKM	828524
Statistic.STATISTIC_MILEAGE2_FULE_CONSUMPTION	205891
Statistic.STATISTIC_MILEAGE2_FULE_CON_PHKM	594064
Statistic.STATISTIC_MILEAGE_EV	1246773284
Statistic.STATISTIC_MILEAGE_HEV	1246773264
Statistic.STATISTIC_MILEAGE_HEV_SET	1276149808
Statistic.STATISTIC_ONLINE_359_SUBID_55	650345
Statistic.STATISTIC_ONLINE_359_SUBID_57	967260
Statistic.STATISTIC_ONLINE_3D9_SUBID_55	1033195520
Statistic.STATISTIC_ONLINE_3D9_SUBID_57	1033203712
Statistic.STATISTIC_OPTIMAL_SOC_PATH_PLAN_FLAG_SET	1083191362
Statistic.STATISTIC_REMAINING_BATTERY_POWER	1148190760
Statistic.STATISTIC_SOC_BATTERY_PERCENTAGE	1145045040
Statistic.STATISTIC_SOC_PATH_PLAN_ALLOW_FLAG_SET	1083191360
Statistic.STATISTIC_SPEED_SIG_VDIS	339738632
Statistic.STATISTIC_SPEED_UNIT	664463
Statistic.STATISTIC_STRAIGHT_RACE_DYNAMIC_DISTANCE_SET	834666648
Statistic.STATISTIC_STRAIGHT_RACE_DYNAMIC_TIME_SET	834666688
Statistic.STATISTIC_STRAIGHT_RACE_RESULT_SET	834666664
Statistic.STATISTIC_STRAIGHT_RACE_TEST_ITEM_SET	834666644
Statistic.STATISTIC_TARGET_SOC_SET	1083191348
Statistic.STATISTIC_THIS_TRIP_TOTAL_ELEC_CONSUMPTION	1246801976
Statistic.STATISTIC_THIS_TRIP_TOTAL_FUEL_CONSUMPTION	1246785576
Statistic.STATISTIC_TOTAL_AVERAGE_SPEED	1032871976
Statistic.STATISTIC_TOTAL_ELEC_CONSUMPTION	1032871984
Statistic.STATISTIC_TOTAL_ELEC_CON_PHM	1246761008
Statistic.STATISTIC_TOTAL_ELEC_CON_PHM_UNIT	1246761024
Statistic.STATISTIC_TOTAL_ELEC_CON_PHM_YUN	1032867885
Statistic.STATISTIC_TOTAL_FUEL_CONSUMPTION	1246760976
Statistic.STATISTIC_TOTAL_FUEL_CONSUMPTION_UNIT	1246761006
Statistic.STATISTIC_TOTAL_FUEL_CON_PHM	1246785552
Statistic.STATISTIC_TOTAL_FUEL_CON_PHM_YUN	1032867883
Statistic.STATISTIC_TOTAL_MILEAGE	1246765072
Statistic.STATISTIC_TOTAL_MILEAGE_ACCURACY	1033543716
Statistic.STATISTIC_TOTAL_MILEAGE_ISSUANCE_REQUEST	1231036455
Statistic.STATISTIC_TOTAL_MILEAGE_METERS	898635810
Statistic.STATISTIC_TOTAL_MILEAGE_SET	1276141611
Statistic.STATISTIC_TRACK_BEST_CIRTLE_NUM_SET	834666760
Statistic.STATISTIC_TRACK_BEST_CIRTLE_RESULT_SET	834666768
Statistic.STATISTIC_TRACK_CURRENT_CIRCLE_NUM_SET	834666712
Statistic.STATISTIC_TRACK_CURRENT_CIRCLE_RESULT_DEVIATION_SET	834666744
Statistic.STATISTIC_TRACK_CURRENT_CIRCLE_RESULT_SET	834666720
Statistic.STATISTIC_WATER_TEMPERATURE	839263
Special.SPECIAL_ACTIVE_GRILLE_SHUTTER_CONTROL_SET	850444342
Special.SPECIAL_ALLOW_ENTER_SENTRY_MODE	785383436
Special.SPECIAL_BACK_DOOR_CONTROL_SET	850444325
Special.SPECIAL_CHARGING_COVER_CONTROL_SET	850444338
Special.SPECIAL_CMD_WHEEL_DIECTION	-1728053160
Special.SPECIAL_CMD_WHEEL_DIECTION_FL	570425358
Special.SPECIAL_CMD_WHEEL_DIECTION_FL_R_hal_only	281019506
Special.SPECIAL_CMD_WHEEL_DIECTION_FL_hal_only	279970136
Special.SPECIAL_CMD_WHEEL_DIECTION_FR	570425356
Special.SPECIAL_CMD_WHEEL_DIECTION_FR_R_hal_only	281019504
Special.SPECIAL_CMD_WHEEL_DIECTION_FR_hal_only	279970138
Special.SPECIAL_CMD_WHEEL_DIECTION_RL	570425354
Special.SPECIAL_CMD_WHEEL_DIECTION_RL_R_hal_only	281019502
Special.SPECIAL_CMD_WHEEL_DIECTION_RL_hal_only	279970140
Special.SPECIAL_CMD_WHEEL_DIECTION_RR	570425352
Special.SPECIAL_CMD_WHEEL_DIECTION_RR_R_hal_only	281019500
Special.SPECIAL_CMD_WHEEL_DIECTION_RR_hal_only	279970142
Special.SPECIAL_CMD_WHEEL_PULSE_COUNTER	-1728053158
Special.SPECIAL_CMD_WHEEL_SPEED	-1728053159
Special.SPECIAL_CMD_WHEEL_SPEED_FL	304087048
Special.SPECIAL_CMD_WHEEL_SPEED_FR	304087064
Special.SPECIAL_CMD_WHEEL_SPEED_RL	304087080
Special.SPECIAL_CMD_WHEEL_SPEED_RR	304087096
Special.SPECIAL_DRONE_BATTERT_STATUS	393461
Special.SPECIAL_DRONE_BATTERY_INSTALLATION_STATUS	765441
Special.SPECIAL_DRONE_CABIN_DOOR_FAILURE_STATUS	748609
Special.SPECIAL_DRONE_CABIN_DOOR_OPEN_CLOSE_STATUS	145185
Special.SPECIAL_DRONE_HANGAR_OPEN_CLOSE_REQUEST_COMMAND_SET	682117
Special.SPECIAL_DRONE_HANGAR_PROCESS_STATUS	866154
Special.SPECIAL_DRONE_IN_PLACE_SIGNAL	264347
Special.SPECIAL_DRONE_LIFT_MECHANISM_FAILURE_STATUS	268862
Special.SPECIAL_DRONE_LIFT_MECHANISM_LIFT_STATUS	654480
Special.SPECIAL_DRONE_LIFT_TARMAC_COM_REQUEST_COMMAND_SET	325969
Special.SPECIAL_DRONE_LIFT_TARMAC_REQUEST_COMMAND_SET	1324584990
Special.SPECIAL_DRONE_POWER_ON_OFF_REQUEST_COMMAND_SET	1324585008
Special.SPECIAL_DRONE_POWER_SUPPLY_REQUEST_COMMAND_SET	1324585012
Special.SPECIAL_DRONE_STRUCTURE_CLOSURE_STATUS	528749
Special.SPECIAL_DRONE_STRUCTURE_FAILURE_STATUS	651133
Special.SPECIAL_DRONE_STRUCTURE_REQUEST_COMMAND_SET	573546
Special.SPECIAL_DRONE_TAKE_OFF_REQUEST_COMMAND_SET	172199
Special.SPECIAL_ELECTRIC_TAIL_CONTROL_SET	850444330
Special.SPECIAL_ENTER_SENTRY_MODE_PERMIT	1128267797
Special.SPECIAL_FLASH_GEAR_MAINTAIN_STATE_SET	633339939
Special.SPECIAL_GEAR_SHIFT_CONTROL_SET	850444332
Special.SPECIAL_HARDWARE_ABNORMAL_TYPE	-1728052633
Special.SPECIAL_LF_WHEEL_DIRECTION_STATUS	281019508
Special.SPECIAL_LOCAL_CTL_ENTER_SENTRY_MODE_SET	782237711
Special.SPECIAL_LR_WHEEL_DIRECTION_STATUS	281019510
Special.SPECIAL_MCU_REBOOT_SOC_REASON	-1728052474
Special.SPECIAL_MCU_REBOOT_SOC_REASON_ERASE	-1442839914
Special.SPECIAL_PARKING_RADAR_CONTROL_SET	850444340
Special.SPECIAL_RACING_MODE_DISPLAY_STATUS_SET	834666598
Special.SPECIAL_REAR_VIEW_MIRROR_CONTROL_SET	850444328
Special.SPECIAL_REMOTE_CTL_ENTER_SENTRY_MODE_SET	170037264
Special.SPECIAL_RF_WHEEL_DIRECTION_STATUS	281019509
Special.SPECIAL_RR_WHEEL_DIRECTION_STATUS	281019511
Special.SPECIAL_SENTRY_MODE_BACKEND_HIGH_VOLTAGE_RECORD_STATE	861929530
Special.SPECIAL_SENTRY_MODE_BACKEND_HIGH_VOLTAGE_STATE	861929534
Special.SPECIAL_SENTRY_MODE_NEED_409_SET	1083183166
Special.SPECIAL_SENTRY_MODE_SET	782237728
Special.SPECIAL_SENTRY_MODE_VIDEO_STREAM_SOURCE_SET	633339928
Special.SPECIAL_SENTRY_MODE_WAKEUP_INTELLIGENT_DRIVING_CONTROLER_SET	348127240
Special.SPECIAL_SENTRY_MODE_WORK_FLAG	1128267829
Special.SPECIAL_SENTRY_MODE_WORK_STATE_SET	1083183164
Special.SPECIAL_SENTRY_REQUEST_VCU_SENTRY_MODE	727711806
Special.SPECIAL_SMART_MODE_STATE_SUPPRESSION_SET	633339937
Special.SPECIAL_TB0X_SENTRY_MODE_FUNCTION_WAKEUP_SIGNAL_SET	633339961
Special.SPECIAL_UAV_MAIN_CONTROLLER_OPERATION_MODE	691011606
Special.SPECIAL_UAV_MOTOR_STATUS	691011592
Special.SPECIAL_UAV_SYSTEM_CONFIG_FLAG	691011600
Special.SPECIAL_UAV_W2_CURRENT_IN_OUT_VEHICLE_MODE_STATUS	691011608
Special.SPECIAL_UAV_W2_CURRENT_IN_OUT_VEHICLE_MODE_SWITCHABLE_STATUS	691011610
Special.SPECIAL_UAV_W2_IN_OUT_VEHICLE_MODE_SWITCH_REMINDER	691011619
Special.SPECIAL_UAV_W2_IN_OUT_VEHICLE_MODE_SWITCH_RESULT	691011614
Special.SPECIAL_UAV_W2_SYSTEM_CONFIG	691011602
Special.SPECIAL_VEHICLE_STOP_SIGN	570427418
Speed.SPEED_ACCELERATE_VALUE	1033220112
Speed.SPEED_ACCELERATOR_DEPTH_10D	282066992
Speed.SPEED_ACCELERATOR_S	874512392
Speed.SPEED_ACCELERATOR_VALID_FLAG	874512408
Speed.SPEED_AMAP_CONFIG	340787214
Speed.SPEED_AMAP_SWITCH_STATUS	340787211
Speed.SPEED_AMAP_SWITCH_STATUS_SET	1324564498
Speed.SPEED_AUTO_SPEED	-1807745016
Speed.SPEED_AUTO_SPEED_121	303038472
Speed.SPEED_AUTO_SPEED_FLAG	303038487
Speed.SPEED_BRAKE_DEPTH_VALID_FLAG	874512409
Speed.SPEED_BRAKE_S	874512400
Speed.SPEED_FROM_GATEWAY	134217760
Speed.SPEED_VIRTUAL_ACCELERATOR_DEPTH	606076960
Signal.SIGNAL_STATUS_SET	148230
Setting.SETTING_11F_CONTENT_TIMESTAMP	-1728052840
Setting.SETTING_3RD_ROW_LEFT_SEAT_HEATING_CONFIGURATION	446705699
Setting.SETTING_3RD_ROW_LEFT_SEAT_HEATING_CONFIGURATION_hal_only	881893419
Setting.SETTING_3RD_ROW_LEFT_SEAT_HEATING_WORKING_COMMAND_SET	1276215333
Setting.SETTING_3RD_ROW_LEFT_SEAT_HEATING_WORKING_STATUS	446705707
Setting.SETTING_3RD_ROW_LEFT_SEAT_HEATING_WORKING_STATUS_hal_only	881893435
Setting.SETTING_3RD_ROW_LEFT_SEAT_VENTILATION_CONFIGURATION	446705696
Setting.SETTING_3RD_ROW_LEFT_SEAT_VENTILATION_CONFIGURATION_hal_only	881893416
Setting.SETTING_3RD_ROW_LEFT_SEAT_VENTILATION_WORKING_COMMAND_SET	1276215330
Setting.SETTING_3RD_ROW_LEFT_SEAT_VENTILATION_WORKING_STATUS	446705704
Setting.SETTING_3RD_ROW_LEFT_SEAT_VENTILATION_WORKING_STATUS_hal_only	881893432
Setting.SETTING_3RD_ROW_RIGHT_SEAT_HEATING_CONFIGURATION	514863139
Setting.SETTING_3RD_ROW_RIGHT_SEAT_HEATING_CONFIGURATION_hal_only	881893427
Setting.SETTING_3RD_ROW_RIGHT_SEAT_HEATING_WORKING_COMMAND_SET	1276215341
Setting.SETTING_3RD_ROW_RIGHT_SEAT_HEATING_WORKING_STATUS	514863147
Setting.SETTING_3RD_ROW_RIGHT_SEAT_HEATING_WORKING_STATUS_hal_only	881893443
Setting.SETTING_3RD_ROW_RIGHT_SEAT_VENTILATION_CONFIGURATION	514863136
Setting.SETTING_3RD_ROW_RIGHT_SEAT_VENTILATION_CONFIGURATION_hal_only	881893424
Setting.SETTING_3RD_ROW_RIGHT_SEAT_VENTILATION_WORKING_COMMAND_SET	1276215338
Setting.SETTING_3RD_ROW_RIGHT_SEAT_VENTILATION_WORKING_STATUS	514863144
Setting.SETTING_3RD_ROW_RIGHT_SEAT_VENTILATION_WORKING_STATUS_hal_only	881893440
Setting.SETTING_4L_STATUS_INDICATION_CONFIG_WORD	513811666
Setting.SETTING_4TV_FUNCTION_CONFIGURATION	754975085
Setting.SETTING_4TV_SWITCH_STATUS	754974934
Setting.SETTING_4TV_SWITCH_STATUS_SET	1324630060
Setting.SETTING_5D_MOVIE_FUNCTION_CONFIG_SIGNAL	789594299
Setting.SETTING_ABNORMAL_VEHICLE_WARNING_SWITCH	878723096
Setting.SETTING_ABNORMAL_VEHICLE_WARNING_SWITCH_SET	1276235798
Setting.SETTING_ACCELERATION_G_VALUE_ABSCISSA	542113836
Setting.SETTING_ACCELERATION_G_VALUE_ORDINATE	542113841
Setting.SETTING_ACCELERATION_PROMPT	762314764
Setting.SETTING_ACCELERATOR_PEDAL_ERROR_PREVENTION_SELF_LEARNING_FLAG	1161822256
Setting.SETTING_ACC_TIMER_SWITCH_CMD_SET	1324646460
Setting.SETTING_ACTIVATE_RAPID_ACCELERATION_LIMIT	182452237
Setting.SETTING_ACTIVATE_RAPID_ACCELERATION_LIMIT_SET	734003210
Setting.SETTING_ACTIVE_SUSPENSION_HIGHEST_PROMPT_STATUS	33792
Setting.SETTING_ACTUAL_ANGLE	754974840
Setting.SETTING_ACTUAL_DRIVING_MODE	754975128
Setting.SETTING_ACTUAL_DRIVING_MODE_hal_only	1272971272
Setting.SETTING_ACTUAL_SUSPENSION_HARDNESS_ADJUSTMENT_LEVEL	629145652
Setting.SETTING_ACTUAL_SUSPENSION_HARDNESS_ADJUSTMENT_LEVEL_hal_only	755945
Setting.SETTING_ACTUCL_SUSPENSION_HEIGHT_ADJUSTMENT_LEVEL	629145668
Setting.SETTING_ACTUCL_SUSPENSION_HEIGHT_ADJUSTMENT_LEVEL_hal_only	443547683
Setting.SETTING_AC_REQUEST_COMMAND_SET	850436149
Setting.SETTING_ADAS_ACTIVATE_MODE_DISABLE_PROMPT_FLAG	795871279
Setting.SETTING_ADAS_ACTIVATE_MODE_DISABLE_PROMPT_FLAG_hal_only	812660752
Setting.SETTING_ADAS_DRIVER_ASSISTENCE_INFO_DISPLAY_SET	1276149792
Setting.SETTING_ADJUSTABLE_SUSPENSION_STATUS	629145876
Setting.SETTING_ADJUSTABLE_SUSPENSION_STATUS_hal_only	443547706
Setting.SETTING_ADS_PLATFORM_CODE	1161822216
Setting.SETTING_ADS_PLATFORM_SYSTEM_STATUS	1161822220
Setting.SETTING_AIR_CONDITION_INLET_PROMPT_STATUS	754974950
Setting.SETTING_ALARM_WEIGHT_VALUE_SET	871366718
Setting.SETTING_ANC_SECRETOBD_SWITCH_ADD_ROTATION_SECTION_SET	-1442839804
Setting.SETTING_ANC_SECRETOBD_SWITCH_ADD_ROTATION_SECTION_STATUS	-1728052463
Setting.SETTING_ANGLE_GEAR_SET	1324630043
Setting.SETTING_ASA_FAILURE_MEDIA_PROMPT_FLAG	681574799
Setting.SETTING_ASA_FUNCTION_CONFIGURATION	754975239
Setting.SETTING_ASA_GRAY_PROMPT	513811524
Setting.SETTING_ASA_IMAGE_SWITCH_STATUS	754975079
Setting.SETTING_ASA_IMAGE_SWITCH_STATUS_SET	1324630064
Setting.SETTING_ASA_INLET_GRAY_FLAG	513811523
Setting.SETTING_ASA_SWITCH_STATUS	754975225
Setting.SETTING_ASA_SWITCH_STATUS_SET	1324630062
Setting.SETTING_ASS_MAXIMUM_FLOATING_HEIGHT_LIMIT	754974875
Setting.SETTING_ASS_MAXIMUM_PITCH_ANGLE_LIMIT	754974992
Setting.SETTING_ASS_MAXIMUM_ROLL_ANGLE_LIMIT	754975000
Setting.SETTING_ASS_MAXIMUM_WADING_HEIGHT_LIMIT	754974864
Setting.SETTING_ASS_PITCH_ANGLE_CALCULATION	754975144
Setting.SETTING_ASS_ROLL_ANGLE_CALCULATION	754975156
Setting.SETTING_ASS_VOT_ACTUAL_WORKING_STATUS	754975008
Setting.SETTING_ATFS_DRIVING_MODE_VALID_FLAG	255852864
Setting.SETTING_ATMOSPHERE_LIGHT_REQUEST_COMMAND_SET	850436131
Setting.SETTING_ATTENTION_MONITOR_SET	784334888
Setting.SETTING_AUTOMATIC_ROTATION_ANGLE	248512529
Setting.SETTING_AUTOMATIC_VEHICLE_CLOSING	1240465683
Setting.SETTING_AUTOMATIC_VEHICLE_CLOSING_SELFSTUDY	-907017965
Setting.SETTING_AUTOMATIC_VEHICLE_CLOSING_SET	1276198964
Setting.SETTING_AUTOWIPER_SHIELD_REQUEST_COMMAND_SET	850436143
Setting.SETTING_AUTO_CRUISE_PROMPT	852492318
Setting.SETTING_AUTO_ROTATION_RESET_SIGNAL_SET	1324630045
Setting.SETTING_AUTO_STEER_EXECUTION_COMPLETION_FLAG	248512521
Setting.SETTING_AUTO_STEER_WHEEL_HEATING_CONFIG	1116733496
Setting.SETTING_AUXILIARY_BRAKE_LIMITED_SECOND_PROMPT	513811803
Setting.SETTING_AUXILIARY_BRAKE_STOP_CONFIG_FLAG	513811800
Setting.SETTING_AUXILIARY_BRAKE_STOP_LIMITED_PARKING_FLAG	513811804
Setting.SETTING_AUXILIARY_BRAKE_STOP_SWITCH_COMMAND_SET	924850233
Setting.SETTING_AUXILIARY_BRAKE_STOP_SWITCH_CONFIG_FLAG	513811801
Setting.SETTING_AUXILIARY_BRAKE_STOP_SWITCH_STATUS	513811810
Setting.SETTING_AUXILIARY_BRAKE_STOP_TURN_OFF_PROMPT	513811806
Setting.SETTING_AVC_DATA_TYPE	1161822238
Setting.SETTING_AVC_FPS	1161822242
Setting.SETTING_AVC_RESOLUTION	1161822232
Setting.SETTING_AVM_SCREEN_PROJECTION_CONFIGURATION	884998152
Setting.SETTING_AVM_SCREEN_PROJECTION_SWITCH_STATUS_FEEDBACK	884998153
Setting.SETTING_BABY_MODE_CONFIG	1240465902
Setting.SETTING_BACKLIGHT_DIMMING_GEAR_SET	1043333144
Setting.SETTING_BATTERY_ENERGY_STATE	754975195
Setting.SETTING_BEST_100KM_H_ACCELERATION_TIME_HISTORY	799014930
Setting.SETTING_BLADE_BATTERY_COOLANT_LIFE_RESET_BUTTON_SET	782237752
Setting.SETTING_BLUETOOTH_DISCONNECT_INDICATION_FLAG	754975074
Setting.SETTING_BLUETOOTH_UNLOCKING_LEFT_FRONT_DOOR_LINKAGE	957350042
Setting.SETTING_BLUETOOTH_UNLOCKING_LEFT_FRONT_DOOR_LINKAGE_SET	1276198968
Setting.SETTING_BOSS_ONEKEY_FOLD_SIGNAL_SET	750780430
Setting.SETTING_BRAKE_ASSIST_BUTTON_ALLOW_SWITCHING	861929486
Setting.SETTING_BRAKE_FLUID_LIFE_RESET_BUTTON_SET	782237754
Setting.SETTING_BRAKING_SYSTEM_FAULT_INDICATOR_FLAG	812660756
Setting.SETTING_BRAKING_SYSTEM_FAULT_PAD_INDICATOR_FLAG	898664490
Setting.SETTING_BRAKING_SYSTEM_FAULT_PAD_INDICATOR_FLAG_COMPATIBLE	-1248819158
Setting.SETTING_BRIGHTNESS_AUTO_ADJUSTMENT_FUNCTION_SET	787480623
Setting.SETTING_CALIBRATION_STATE_FEEFBACK	1003487509
Setting.SETTING_CAMERA_CLEANING	94375952
Setting.SETTING_CAMERA_CLEANING_SET	1324564520
Setting.SETTING_CAMPING_LEVELING_ADJUSTMENT_PROCESS	629145692
Setting.SETTING_CAMPING_LEVELING_ADJUSTMENT_PROCESS_hal_only	533725204
Setting.SETTING_CAMPING_LEVELING_BODY_PITCH_ANGLE	277872924
Setting.SETTING_CAMPING_LEVELING_BODY_PITCH_ANGLE_hal_only	428867608
Setting.SETTING_CAMPING_LEVELING_BODY_ROLL_ANGLE	277872935
Setting.SETTING_CAMPING_LEVELING_BODY_ROLL_ANGLE_hal_only	428867619
Setting.SETTING_CAMPING_LEVELING_DISABLE	629145748
Setting.SETTING_CAMPING_LEVELING_DISABLE_hal_only	533725226
Setting.SETTING_CAMPING_LEVELING_FUNCTION_SWITCH	629145690
Setting.SETTING_CAMPING_LEVELING_FUNCTION_SWITCH_SET	1324617766
Setting.SETTING_CAMPING_LEVELING_FUNCTION_SWITCH_hal_only	533725202
Setting.SETTING_CAMPING_MODE_CONFIG	1261437413
Setting.SETTING_CAMPING_MODE_ENTER_FAIL_PROMPT	785383475
Setting.SETTING_CAMPING_MODE_SWITCH_STATUS	754974765
Setting.SETTING_CAMPING_MODE_SWITCH_STATUS_SET	507514896
Setting.SETTING_CAR_APPOINTMENT_FUNCTION_SELFSTUDY_FLAG	1191190553
Setting.SETTING_CAR_WINDOW_REQUEST_COMMAND_SET	850436120
Setting.SETTING_CATAPULT_START_FUNCTION_CONFIG_FLAG	898664500
Setting.SETTING_CENTER_REAR_ROW_SAFETYBELT_STATUS	824180750
Setting.SETTING_CENTRAL_CONTROL_SR_SELF_LEARNING_FLAG_SET	1086369826
Setting.SETTING_CENTRAL_CONTROL_VIEWING_MODE_CONFIG	558948368
Setting.SETTING_CENTROID_CLOSED_LOOP_CORRECTION_INDICATION	513807623
Setting.SETTING_CHARGE_DANCING_FUNCTIONAL_CONFIGURATION_SIGNAL	463605794
Setting.SETTING_CHARGE_DANCING_FUNCTIONAL_STATUS_SIGNAL	463605795
Setting.SETTING_CHARGE_DANCING_SWITCH_SIGNAL_SET	850526276
Setting.SETTING_CHILD_SEAT_ALARM_STATUS_SET	633339924
Setting.SETTING_CLIMBING_SCENE_CONFIGURATION_FLAG	513811646
Setting.SETTING_CMD_MOVIE_PAUSE_SET	850485310
Setting.SETTING_CMD_MOVIE_SWITCH_SET	850485292
Setting.SETTING_COMPASSES_TAB_SWITCH_SET	1324646416
Setting.SETTING_COMPLETE_VEHICLE_WADING_DEPTH	754974769
Setting.SETTING_CONFIG_DRIVE_MODE_CONFIG_CONFIGURATION_SIGN	795871244
Setting.SETTING_CONFIG_DRIVE_MODE_CONFIG_CONFIGURATION_SIGN_hal_only	1244686365
Setting.SETTING_CONFIG_TURN_ASSIST_DISPLAY_SIGN	795871246
Setting.SETTING_CONFIG_TURN_ASSIST_DISPLAY_SIGN_hal_only	1244686372
Setting.SETTING_CONTROL_LEFT_PEDAL_SET	1276194880
Setting.SETTING_CONTROL_RIGHT_PEDAL_SET	1276194882
Setting.SETTING_COOLING_FAN_PROMPT_STATUS	1004876
Setting.SETTING_COUNTDOWN_READ_SECONDS_SIGNAL	463618073
Setting.SETTING_COUNTRY_REGION_CODE_SET	1113587736
Setting.SETTING_CPD_CONFIG	376438807
Setting.SETTING_CPD_DELAY_REMAINDER_SWITCH	376438828
Setting.SETTING_CPD_DELAY_REMAINDER_SWITCH_SET	1324617784
Setting.SETTING_CPD_MEM_STATUS	376438822
Setting.SETTING_CPD_SWITCH_STATUS	376438818
Setting.SETTING_CPD_SWITCH_STATUS_SET	1324617778
Setting.SETTING_CPD_WARNING_STATUS	376438792
Setting.SETTING_CPD_WORKING_STATUS	376438801
Setting.SETTING_CRABT_MAX_WAIK_ANGLE_CONFIG	513811613
Setting.SETTING_CRABT_REAR_WHEEL_ROTATION_ANGLE_STATUS	287310888
Setting.SETTING_CRAB_ACTIVE_DISABLE_PROMPT_FLAG	513811503
Setting.SETTING_CRAB_ANGLE	320864392
Setting.SETTING_CRAB_ANGLE_DEVIATION_WARN	320864405
Setting.SETTING_CRAB_ANTI_PLAY_SIGNAL	320864404
Setting.SETTING_CRAB_AUTO_BRAKE_PROMPT_FLAG	513811511
Setting.SETTING_CRAB_CONFIG_FLAG	513811496
Setting.SETTING_CRAB_DIDYNA_STATUS	320864406
Setting.SETTING_CRAB_DISABLE_PROMPT_FLAG	513811499
Setting.SETTING_CRAB_FUNCTION_ACTIVE_STATUS	320864410
Setting.SETTING_CRAB_MAX_ANGLE	320864416
Setting.SETTING_CRAB_OK_EXIT_PROMPT_FLAG	513811509
Setting.SETTING_CRAB_OK_PROMPT_FLAG	513811504
Setting.SETTING_CRAB_RAMP_PROMPT_FLAG	513811502
Setting.SETTING_CRAB_SAFETYBELT_PROMPT_FLAG	513811506
Setting.SETTING_CRAB_SPEED_HIGH_PROMPT_SIGNAL	513811507
Setting.SETTING_CRAB_SPEED_REDUCTION_PROMPT_FLAG	513811500
Setting.SETTING_CRAB_STEERING_WHEEL_RIGHTING_PROMPT_FLAG	513811501
Setting.SETTING_CRAB_SWITCH_STATUS	513811497
Setting.SETTING_CRAB_SYSTEM_ABNORMAL_PROMPT_SIGNAL	513811508
Setting.SETTING_CRAB_TRAILER_HOOK_CONNECTION_EXIT_PROMPT_FLAG	513811510
Setting.SETTING_CRAB_TRAILER_HOOK_PROMPT_FLAG	513811505
Setting.SETTING_CRAB_TRAJECTORY_EQUIVALENT_ROTATION_XCOORDINATE	1287652456
Setting.SETTING_CRAB_TRAJECTORY_EQUIVALENT_ROTATION_YCOORDINATE	1287652472
Setting.SETTING_CRAB_TRAJECTORY_LINE_SWITCH_STATUS	320864454
Setting.SETTING_CRAB_WALK_FUNCTION_INHIBIT_INFO_SIGNAL	320864584
Setting.SETTING_CRADLE_SIMULATION_AMPLITUDE	463601706
Setting.SETTING_CRADLE_SIMULATION_AMPLITUDE_SET	850526232
Setting.SETTING_CRADLE_SIMULATION_FREQUENCY	463601712
Setting.SETTING_CRADLE_SIMULATION_FREQUENCY_SET	850526240
Setting.SETTING_CRADLE_SIMULATION_FUNCTION_CONFIG	463601723
Setting.SETTING_CRADLE_SIMULATION_FUNCTION_DISABLE	463601696
Setting.SETTING_CRADLE_SIMULATION_FUNCTION_STATUS	463601704
Setting.SETTING_CRADLE_SIMULATION_FUNCTION_STATUS_SET	850526230
Setting.SETTING_CRAWL_CONFIG	754975233
Setting.SETTING_CRAWL_CONFIG_hal_only	664799263
Setting.SETTING_CRAWL_DISABLE_MULTIMEDIA_PROMPT_FLAG	681574537
Setting.SETTING_CRAWL_EXIT_ADAS_MULTI_PROMPT_FLAG	681574410
Setting.SETTING_CRAWL_EXIT_AGILE_STEER_MULTI_PROMPT_FLAG	681574412
Setting.SETTING_CRAWL_EXIT_DRAG_MODE_MULTI_PROMPT_FLAG	681574413
Setting.SETTING_CRAWL_EXIT_TYRE_CHAIN_MULTI_PROMPT_FLAG	681574411
Setting.SETTING_CRAWL_SLOPE_LARGE_MULTI_PROMPT_FLAG	681574409
Setting.SETTING_CRAWL_STATUS	255852780
Setting.SETTING_CRAWL_STEADY_STOP_MULTI_PROMPT_FLAG	681574408
Setting.SETTING_CRAWL_SWITCH_STATUS	754975227
Setting.SETTING_CRAWL_SWITCH_STATUS_GCY_hal_only	572523566
Setting.SETTING_CRAWL_SWITCH_STATUS_SET	507514898
Setting.SETTING_CRAWL_SWITCH_STATUS_hal_only	681574457
Setting.SETTING_CROSSING_LANE_NUMBER_VALID_SET	1285554204
Setting.SETTING_CROSS_DOMAIN_COMPUTING_PLATFORM	353370168
Setting.SETTING_CURA_FUNC_CONFIG	541069334
Setting.SETTING_CURA_FUNC_SWITCH_STATUS	541069332
Setting.SETTING_CURA_FUNC_SWITCH_STATUS_SET	850464808
Setting.SETTING_CURRENT_100KMH_ACCELERATION_TIME	762314790
Setting.SETTING_CURRENT_ACCELERATION_RECORD	542113800
Setting.SETTING_CURRENT_MAX_WADING_DEPTH	758120488
Setting.SETTING_CURRENT_PIVOT_WHEEL	513807397
Setting.SETTING_CURRENT_WEIGHT_INFO	1003487608
Setting.SETTING_CUSTOM_AUTUAL_SUB_MODE	812656672
Setting.SETTING_CUSTOM_BRAKE_ASSIST_CONFIG_FLAG	898660418
Setting.SETTING_CUSTOM_ENERGY_FEEDBACK_CONFIG_FLAG	795871253
Setting.SETTING_CUSTOM_ENERGY_FEEDBACK_CONFIG_FLAG_hal_only	812660760
Setting.SETTING_CUSTOM_KEY_QUANTITY_FLAG	1116733472
Setting.SETTING_CUSTOM_MODE_TYPE_CONFIG_FLAG	898660420
Setting.SETTING_CUSTOM_POWER_RESPONSE_CONFIG_FLAG	795871255
Setting.SETTING_CUSTOM_POWER_RESPONSE_CONFIG_FLAG_hal_only	812660762
Setting.SETTING_CUSTOM_RADIATING_MODE_CONFIG_FLAG	795871261
Setting.SETTING_CUSTOM_SUSPENSION_MODE_CONFIG_FLAG	795871259
Setting.SETTING_CUSTOM_TURN_ASSIST_CONFIG_FLAG	795871257
Setting.SETTING_CVC_FUNCTION_CONFIG	533725227
Setting.SETTING_CVC_FUNCTION_CONFIG_258_hal_only	629145749
Setting.SETTING_CVC_WORKING_MODE	533725224
Setting.SETTING_CVC_WORKING_MODE_258_hal_only	629145746
Setting.SETTING_CVC_WORKING_MODE_SET	1324617782
Setting.SETTING_DANCE_VOT_AVAILABLE_FLAG	513807654
Setting.SETTING_DANCE_VOT_READY_TO_EXECUTE_ACTION_FEEDBACK	513807563
Setting.SETTING_DANCE_VOT_REQUEST_ACTION_SET	850526266
Setting.SETTING_DANCE_VOT_START_REQUEST_SET	850526264
Setting.SETTING_DANCE_WITH_MUSIC_SWITCH_SIGNAL_SET	850526228
Setting.SETTING_DANCING_WITH_MUSIC_FUNCTIONAL_CONFIGURATION_SIGNAL	463601722
Setting.SETTING_DANCING_WITH_MUSIC_FUNCTION_GRAY_SIGNAL	463601695
Setting.SETTING_DANCING_WITH_MUSIC_FUNCTION_STATUS_SIGNAL	463601702
Setting.SETTING_DANCING_WITH_MUSIC_MUSIC_PLAYBACK_TIME_JUMPS_BY_SECONDS_SET	850526257
Setting.SETTING_DANCING_WITH_MUSIC_MUSIC_TRACK_SIGNAL_SET	850526251
Setting.SETTING_DANGEROUS_ACTION_DETECTION_SWITCH_SET	784334903
Setting.SETTING_DEEP_SNOW_FUNCTION_NOT_SATISFIED_PROMPT	513807450
Setting.SETTING_DEEP_SNOW_FUNCTION_SWITCH_CONFIG	513807437
Setting.SETTING_DEEP_SNOW_FUNCTION_SWITCH_DISPLAY_STATUS	513807448
Setting.SETTING_DEEP_SNOW_FUNCTION_SWITCH_DISPLAY_STATUS_SET	1276272676
Setting.SETTING_DEER_BATTERY_LEVEL_UNSATISFIED_EXIT_INDICATION_FLAG	513811710
Setting.SETTING_DEER_BATTERY_LEVEL_UNSATISFIED_INDICATION	513811765
Setting.SETTING_DEER_CONTROL_STATUS	450889771
Setting.SETTING_DEER_DOOR_SEATBELT_INDICATION_FLAG	513811743
Setting.SETTING_DEER_DOOR_SEATBELT_OPEN_EXIT_INDICATION_FLAG	513811693
Setting.SETTING_DEER_ENVIRONMENT_TEMPERATURE_UNSATISFIED_EXIT_INDICATION	513811694
Setting.SETTING_DEER_ENVIRONMENT_TEMPERATURE_UNSATISFIED_INDICATION	513811759
Setting.SETTING_DEER_FAULT_EXIT_INDICATION_FLAG	513811711
Setting.SETTING_DEER_FAULT_INDICATION_FLAG	513811768
Setting.SETTING_DEER_FUNCTION_CONFIG	513811770
Setting.SETTING_DEER_FUNCTION_SWITCH_COMMAND_SET	1324646456
Setting.SETTING_DEER_GEAR_UNSATISFIED_EXIT_INDICATION_FLAG	513811851
Setting.SETTING_DEER_GEAR_UNSATISFIED_INDICATION_FLAG	513811727
Setting.SETTING_DEER_INTERVAL_TIME_INSUFFICIENT_INDICATION	513811758
Setting.SETTING_DEER_MAXIMUM_SPEED_DECIMAL	513811720
Setting.SETTING_DEER_MAXIMUM_SPEED_INTEGER	513811712
Setting.SETTING_DEER_MAX_LATERAL_ACCELERATION	513811752
Setting.SETTING_DEER_MAX_LONGITUDINAL_ACCELERATION	513811760
Setting.SETTING_DEER_OK_INSUFFICIENT_INDICATION	513811757
Setting.SETTING_DEER_POSITION_ADJUSTMENT_SATISFIED_FLAG	513811769
Setting.SETTING_DEER_POSITION_UNSATISFIED_EXIT_INDICATION_FLAG	513811692
Setting.SETTING_DEER_REAL_TIME_SPEED_DECIMAL	513811736
Setting.SETTING_DEER_REAL_TIME_SPEED_INTEGER	513811728
Setting.SETTING_DEER_RECORD_GEAR_INDICATION_FLAG	513811688
Setting.SETTING_DEER_REMAINING_TIMES	513811680
Setting.SETTING_DEER_REMAINING_TIMES_LEARNING_BIT	513811776
Setting.SETTING_DEER_SCORE_DISPLAY_FLAG	513811691
Setting.SETTING_DEER_START_TEST_REQUEST_SET	1324646458
Setting.SETTING_DEER_TIRE_PRESSURE_UNSATISFIED_EXIT_INDICATION_FLAG	513811709
Setting.SETTING_DEER_TIRE_PRESSURE_UNSATISFIED_INDICATION	513811766
Setting.SETTING_DEER_TOTAL_USABLE_TIMES	513811744
Setting.SETTING_DEER_TOTAL_USABLE_TIMES_LEARNING_BIT	513811777
Setting.SETTING_DIFFERENTIAL_LOCK_CONFIGURATION_STATUS	512753691
Setting.SETTING_DIFFERENTIAL_LOCK_CONFIGURATION_STATUS_GCY_hal_only	1272971296
Setting.SETTING_DIFFERENTIAL_LOCK_CONFIGURATION_STATUS_hal_only	785383488
Setting.SETTING_DIFFERENTIAL_LOCK_DRIVING_MODE_MULTIMEDIA_PROMPT_FLAG	513811771
Setting.SETTING_DIFFERENTIAL_LOCK_MULTIMEDIA_PROMPT_FLAG	754975215
Setting.SETTING_DIFFERENTIAL_LOCK_STATUS_INDICATION_CONFIG_WORD	513811668
Setting.SETTING_DIFFERENTIAL_OIL_LIFE	953155696
Setting.SETTING_DIFFERENTIAL_OIL_LIFE_RESET_BUTTON_SET	850407451
Setting.SETTING_DIFFERENTIAL_OIL_LIFE_RESET_FEEDBACK	953155732
Setting.SETTING_DIFFERENTIAL_OIL_LIFE_SELF_LEARNING_STATUS	953155712
Setting.SETTING_DIFFERENTIAL_OIL_MAINTENANCE_REMINDER	953155722
Setting.SETTING_DIFFERENTIAL_OIL_NO_LONGER_REMIND_SET	850407461
Setting.SETTING_DIFFUSER_ALARM_PROMPT	1159725093
Setting.SETTING_DIFFUSER_AUTO_MODE	1159725083
Setting.SETTING_DIFFUSER_AUTO_MODE_SET	850423830
Setting.SETTING_DIFFUSER_AUTO_MODE_VOICE_SET	850423832
Setting.SETTING_DIFFUSER_CONFIG	1159725070
Setting.SETTING_DIFFUSER_CURRENT_ACTION_STATUS	1159725066
Setting.SETTING_DIFFUSER_CURRENT_POSITION_PERCENTAGE	1159725096
Setting.SETTING_DIFFUSER_INIT_STATUS	1159725064
Setting.SETTING_DIFFUSER_MOTOR_THERMAL_PROTECTION_STATUS	1159725090
Setting.SETTING_DIFFUSER_NEXT_RESPONSE_ACTION	1159725091
Setting.SETTING_DIFFUSER_POSITION_INFOR_FEEDBACK	1159725077
Setting.SETTING_DIFFUSER_SETTING_CONFIG	1159725344
Setting.SETTING_DIFFUSER_SWITCH_SET	850423824
Setting.SETTING_DIFFUSER_SWITCH_VOICE_SET	850423826
Setting.SETTING_DIFFUSER_UPKEEP	1159725088
Setting.SETTING_DIFFUSER_UPKEEP_SET	850423828
Setting.SETTING_DIFFUSER_WELCOME_SWITCH	1159725304
Setting.SETTING_DIFFUSER_WELCOME_SWITCH_SET	850423834
Setting.SETTING_DIGITAL_KEY_ENTRANCE_SWITCH_CONFIG	1130364964
Setting.SETTING_DIMMING_WINDOW_CONFIGURATION	1282408816
Setting.SETTING_DIRECT_DRIVE_ENGINE_ENERGY_STATE	754975065
Setting.SETTING_DISABLE_JACK	533725228
Setting.SETTING_DISABLE_JACK_hal_only	629145759
Setting.SETTING_DISTRACT_MONITOR_STATE	784334862
Setting.SETTING_DISUS_CUSTOM_COMBINATION_HEIGHT_ADJUSTMENT_ENABLE_SIGNAL_SET	1324617750
Setting.SETTING_DISUS_CUSTOM_COMBINATION_HEIGHT_ADJUSTMENT_SIGNAL_SET	1324617754
Setting.SETTING_DISUS_CUSTOM_DAMPING_ADJUSTMENT_SET	1324617747
Setting.SETTING_DISUS_CUSTOM_HEIGHT_ADJUSTMENT_SET	1324617744
Setting.SETTING_DISUS_CUSTOM_SINGLE_WHEEL_HEIGHT_ADJUSTMENT_ENABLE_SIGNAL_SET	1324617752
Setting.SETTING_DISUS_GET_VEHICLE_CHASSIS_STATUS_SET	850538512
Setting.SETTING_DISUS_HARDNESS_ADJUSTMENT_SWITCH_GRAY	629145649
Setting.SETTING_DISUS_HARDNESS_ADJUSTMENT_SWITCH_GRAY_hal_only	938475586
Setting.SETTING_DISUS_HARDNESS_ADJUSTMENT_TYPE_CONFIG_SIGNAL	629145891
Setting.SETTING_DISUS_HARDNESS_ADJUSTMENT_TYPE_CONFIG_SIGNAL_hal_only	938475587
Setting.SETTING_DISUS_WARM_UP_MODE_CONFIG_STATUS	463605800
Setting.SETTING_DISUS_WARM_UP_MODE_FUNCTION_STATUS	463605798
Setting.SETTING_DISUS_X_APP_CURRENT_DANCE_SONG_SET	1262485614
Setting.SETTING_DISUS_X_APP_ENTRY_FAIL_01_REASON_SET	1262485620
Setting.SETTING_DISUS_X_APP_ENTRY_FAIL_02_REASON_SET	1262485622
Setting.SETTING_DISUS_X_APP_ENTRY_FAIL_03_REASON_SET	1262485624
Setting.SETTING_DISUS_X_APP_ENTRY_FAIL_04_REASON_SET	1262485626
Setting.SETTING_DISUS_X_APP_ENTRY_FAIL_05_REASON_SET	1262485628
Setting.SETTING_DISUS_X_APP_ENTRY_FAIL_06_REASON_SET	1262485630
Setting.SETTING_DISUS_X_APP_ENTRY_FAIL_07_REASON_SET	1262485632
Setting.SETTING_DISUS_X_APP_ENTRY_FAIL_08_REASON_SET	1262485634
Setting.SETTING_DISUS_X_APP_ENTRY_FAIL_09_REASON_SET	1262485636
Setting.SETTING_DISUS_X_APP_ENTRY_FAIL_10_REASON_SET	1262485638
Setting.SETTING_DISUS_X_APP_ENTRY_FAIL_11_REASON_SET	1262485640
Setting.SETTING_DISUS_X_APP_ENTRY_FAIL_12_REASON_SET	1262485642
Setting.SETTING_DISUS_X_APP_ENTRY_FAIL_13_REASON_SET	1262485644
Setting.SETTING_DISUS_X_APP_ENTRY_FAIL_14_REASON_SET	1262485646
Setting.SETTING_DISUS_X_APP_ENTRY_STATUS_SET	1262485618
Setting.SETTING_DISUS_X_APP_FUNCTION_EXIT_REASON_SET	1262485655
Setting.SETTING_DISUS_X_APP_FUNCTION_EXIT_STATUS_SET	1262485652
Setting.SETTING_DISUS_X_APP_FUNCTION_SINGLE_CONTROL_STATUS	463605811
Setting.SETTING_DISUS_X_APP_FUNCTION_SINGLE_CONTROL_STATUS_SET	850526271
Setting.SETTING_DISUS_X_APP_FUNCTION_WORK_MODE_SET	1262485662
Setting.SETTING_DISUS_X_APP_ONLINE_STATUS_SET	1262485660
Setting.SETTING_DISUS_X_APP_SINGLE_CONTROL_CONFIG	463605793
Setting.SETTING_DISUS_X_FUNCTION_EXIT_REASON	463605780
Setting.SETTING_DISUS_X_FUNCTION_UNAVAILABLE_REASON	463601688
Setting.SETTING_DISUS_X_SUSPENSION_MODE_CONFIG	463601682
Setting.SETTING_DISUS_X_SUSPENSION_WORK_MODE	463601683
Setting.SETTING_DISUS_X_SUSPENSION_WORK_MODE_AVAILABLE_SIGNAL	463605785
Setting.SETTING_DISUS_Z_SYSTEM_SHUTDOWN_CONFIG	463618106
Setting.SETTING_DISUS_Z_SYSTEM_SHUTDOWN_NOT_SATISFIED_PROMPT	463618103
Setting.SETTING_DISUS_Z_SYSTEM_SHUTDOWN_STATUS	463618101
Setting.SETTING_DISUS_Z_SYSTEM_SWITCH_REQUEST_SET	850485275
Setting.SETTING_DITIRE_POPUP_WINDOW_SIGNAL	1027604982
Setting.SETTING_DITIRE_SELF_LEARNING_CONFIGURATION_SIGNAL	1027604978
Setting.SETTING_DITIRE_SYSTEM_STATUS_SIGNAL	1027604980
Setting.SETTING_DMS_ASSEMBLE_STATUS	1161822228
Setting.SETTING_DMS_MODE_SET	784334904
Setting.SETTING_DMS_SELFCHECK_STATE	784334866
Setting.SETTING_DMS_SWITCH_FEEDBACK	725614644
Setting.SETTING_DOORLOCK_REQUEST_COMMAND_SET	850436141
Setting.SETTING_DOOR_LOCK_PROMPT_STATUS	754974978
Setting.SETTING_DOOR_MAINTENANCE_MODE	957349982
Setting.SETTING_DOOR_MAINTENANCE_MODE_SET	1276244016
Setting.SETTING_DOOR_NOT_CLOSED_PAD_INDICATOR_FLAG	898664482
Setting.SETTING_DOOR_NOT_CLOSED_PAD_INDICATOR_FLAG_COMPATIBLE	-1248819166
Setting.SETTING_DRAG_CONFIG	1003487736
Setting.SETTING_DRAG_MODE_CONFIG	1196425276
Setting.SETTING_DRAG_MODE_CURRENT_STATE	875560989
Setting.SETTING_DRAG_MODE_FORWARD_BACKWARD_STATE	1224736794
Setting.SETTING_DRAG_MODE_PROMPT_PROHIBIT_HEIGHT_ADJUSTMENT	629145704
Setting.SETTING_DRAG_MODE_PROMPT_PROHIBIT_HEIGHT_ADJUSTMENT_hal_only	860034
Setting.SETTING_DRAG_MODE_STATE	1224736792
Setting.SETTING_DRAG_MODE_STATE_SET	1276264518
Setting.SETTING_DRAG_MODE_TIPS_STATE	1224736797
Setting.SETTING_DRAG_MODE_TYPE	1224736816
Setting.SETTING_DRIFT_ACCUMULATE_COUNT_STATUS	513811568
Setting.SETTING_DRIFT_ANGLE_INDEX	342884412
Setting.SETTING_DRIFT_CONFIG	342884376
Setting.SETTING_DRIFT_CONFIG_143	338690063
Setting.SETTING_DRIFT_DOOR_SAFETY_BELT_WARNING	513811543
Setting.SETTING_DRIFT_EXIT_DOOR_SAFETY_BELT_WARNING	513811604
Setting.SETTING_DRIFT_FUNCTION_ENABLE_STATUS	513811540
Setting.SETTING_DRIFT_LEVEL	342884379
Setting.SETTING_DRIFT_LEVEL_SET	1324564504
Setting.SETTING_DRIFT_LEVEL_hal_only	338690067
Setting.SETTING_DRIFT_LOW_BATTERY_WARNING	513811542
Setting.SETTING_DRIFT_MAX_ANGLE_STATUS	513811560
Setting.SETTING_DRIFT_MAX_SINGLE_DISTANCE_STATUS	513811576
Setting.SETTING_DRIFT_MAX_SINGLE_TIME_STATUS	513811592
Setting.SETTING_DRIFT_MODE_CONFIGURATION	1272971307
Setting.SETTING_DRIFT_MODE_CONFIG_FLAG	-1808793585
Setting.SETTING_DRIFT_MODE_END_SIGNAL_SET	1324564526
Setting.SETTING_DRIFT_MODE_ENTER_SET	1324564511
Setting.SETTING_DRIFT_MODE_EXIT_SET	1324564512
Setting.SETTING_DRIFT_MODE_SET	1324564502
Setting.SETTING_DRIFT_NON_DRIVER_DOOR_SAFETY_BELT_WARNING	513811605
Setting.SETTING_DRIFT_RESULT_ANGLE	627048456
Setting.SETTING_DRIFT_RESULT_DISTANCE	627048480
Setting.SETTING_DRIFT_RESULT_FLAG	627048496
Setting.SETTING_DRIFT_RESULT_MAX_ANGLE	627048472
Setting.SETTING_DRIFT_RESULT_TIME	627048464
Setting.SETTING_DRIFT_RESULT_TOP_SPEED	627048488
Setting.SETTING_DRIFT_STATUS	342884377
Setting.SETTING_DRIFT_STATUS_hal_only	338690057
Setting.SETTING_DRIFT_SWITCH	342884383
Setting.SETTING_DRIFT_SWITCH_hal_only	338690081
Setting.SETTING_DRIFT_TIRE_PRESSURE_LACK_WARNING	513811527
Setting.SETTING_DRIFT_TOTAL_DISTANCE_STATUS	513811544
Setting.SETTING_DRIFT_TOTAL_TIME_STATUS	513811528
Setting.SETTING_DRIVER_DISTRACT_REMINDER_SWITCH_SET	784334907
Setting.SETTING_DRIVER_FATIGUE_MONITOR_WITCH_SET	784334899
Setting.SETTING_DRIVER_FLAT_POSITION_SET	1324650562
Setting.SETTING_DRIVER_INTERSETING_AREA_SET	784334880
Setting.SETTING_DRIVER_PRESENCE_MONITOR_SET	784334885
Setting.SETTING_DRIVER_RELAX_POSITION_SET	1324650560
Setting.SETTING_DRIVER_SEAT_BACKREST_ADJUST_SET	850501656
Setting.SETTING_DRIVER_SEAT_EXECUTION_RESULT_FEEDBACK_LIVING_SPACE	775950400
Setting.SETTING_DRIVER_SEAT_HORIZONTAL_ADJUST_SET	850501648
Setting.SETTING_DRIVER_SEAT_LINKAGE_SETTING_FEEDBACK	792723904
Setting.SETTING_DRIVER_SEAT_MEMORY1_BACKREST_POSITION_FEEDBACK	881872912
Setting.SETTING_DRIVER_SEAT_MEMORY1_BACKREST_POSITION_FEEDBACK_2AA_hal_only	715132984
Setting.SETTING_DRIVER_SEAT_MEMORY1_BACKREST_POSITION_FEEDBACK_2E4_hal_only	775974928
Setting.SETTING_DRIVER_SEAT_MEMORY2_BACKREST_POSITION_FEEDBACK	881872920
Setting.SETTING_DRIVER_SEAT_MEMORY2_BACKREST_POSITION_FEEDBACK_2AA_hal_only	715132992
Setting.SETTING_DRIVER_SEAT_MEMORY2_BACKREST_POSITION_FEEDBACK_2E4_hal_only	775974936
Setting.SETTING_DRIVER_SEAT_MEMORY_SUCESS_FEEDBACK_STATUS	715137088
Setting.SETTING_DRIVER_STANDARD_POSITION_SET	1324650558
Setting.SETTING_DRIVER_TIRED_REMINDER_SWITCH_SET	784334906
Setting.SETTING_DRIVE_MODE_LIMIT_PROMPT	875560990
Setting.SETTING_DRIVE_MODE_MANDATORY_EV_ENTER_FAIL_PAD_PROMPT	898660368
Setting.SETTING_DRIVING_LONG_TIME_MONITOR_STATE	784334864
Setting.SETTING_DRIVING_MODE_KEY	1250951191
Setting.SETTING_DRIVING_MODE_MEMORY_SWITCH_CONFIG	681574479
Setting.SETTING_DRIVING_MODE_MEMORY_SWITCH_STATUS	681574606
Setting.SETTING_DRIVING_MODE_MEMORY_SWITCH_STATUS_SET	507514910
Setting.SETTING_DRONE_CHARGING_MODE_COMMAND_SET	1611661350
Setting.SETTING_DRONE_CHARGING_MODE_STATUS	374346057
Setting.SETTING_DROP_OK_EXIT_PROMPT_FLAG	754974960
Setting.SETTING_DVC_DATA_TYPE	1161822252
Setting.SETTING_DVC_FPS	1161822245
Setting.SETTING_DVC_RESOLUTION	1161822235
Setting.SETTING_D_PLATFORM_RACING_MODE_CONFIGURATION_FLAG	898664472
Setting.SETTING_D_PLATFORM_RACING_MODE_CONFIGURATION_FLAG_COMPATIBLE	-1248819176
Setting.SETTING_D_PLATFORM_RACING_VEHICLE_STATIONARY_PAD_INDICATOR_FLAG	898664494
Setting.SETTING_D_PLATFORM_RACING_VEHICLE_STATIONARY_PAD_INDICATOR_FLAG_COMPATIBLE	-1248819154
Setting.SETTING_E3_FUNCTION_CONFIGURATION	1244686392
Setting.SETTING_EASY_NAVI_SIGNAL_MAP_TYPE	1276174400
Setting.SETTING_ECO_MODE_CONFIGURATION_SIGN	1219518496
Setting.SETTING_ECO_MODE_CONFIGURATION_SIGN_hal_only	1244686352
Setting.SETTING_EDS_EXIT_ADAS_MULTI_PROMPT_FLAG	681574443
Setting.SETTING_EDS_EXIT_REMOTE_CONTROL_DRIVING_MULTI_PROMPT_FLAG	681574444
Setting.SETTING_EDS_EXIT_SWIM_MULTI_PROMPT_FLAG	681574441
Setting.SETTING_EDS_EXIT_TURN_IN_PLACE_MULTI_PROMPT_FLAG	681574442
Setting.SETTING_EDS_GAS_PEDAL_MULTI_PROMPT_FLAG	681574437
Setting.SETTING_EDS_LOW_SPEED_SCOOTING_MULTI_PROMPT_FLAG	681574445
Setting.SETTING_EDS_REAR_UNLOCK_MULTI_PROMPT_FLAG	681574439
Setting.SETTING_EDS_ROAD_MODE_MULTI_PROMPT_FLAG	681574440
Setting.SETTING_EDS_SPEED_MULTI_PROMPT_FLAG	681574438
Setting.SETTING_ELECTRIC_CONTAINER_DEBLOCK_SET	1276182590
Setting.SETTING_ELECTRIC_CONTAINER_FLAG	1143996630
Setting.SETTING_ELECTRIC_CONTAINER_FLAG_hal_only	899678508
Setting.SETTING_ELECTRIC_CONTAINER_PREVENT_PLAY_STATE	1143996628
Setting.SETTING_ELECTRIC_CONTAINER_PREVENT_PLAY_STATE_hal_only	899678506
Setting.SETTING_ELECTRIC_CONTAINER_PWD_LOCK_STATUS_SET	850448454
Setting.SETTING_ELECTRIC_CONTAINER_REQ_PWD_VERIFICATION	1159725315
Setting.SETTING_ELECTRIC_CONTAINER_REQ_PWD_VERIFICATION_hal_only	899678510
Setting.SETTING_ELECTRIC_DOOR_BRAKE_CLOSING_STATUS	957350038
Setting.SETTING_ELECTRIC_DOOR_BRAKE_CLOSING_STATUS_SET	1276198976
Setting.SETTING_ELECTRIC_FORECABIN_CONFIG	1274019911
Setting.SETTING_ELECTRIC_FORECABIN_SWITCH_SET	1276182560
Setting.SETTING_ELECTRIC_PEDAL_CONTROL_SET	850538554
Setting.SETTING_ELECTRIC_STRING_SYSTEM_WORKING_STATUS	1228931100
Setting.SETTING_ELECTRIC_TAIL_AUTOMATIC_MODE_SET	1276182596
Setting.SETTING_ELECTRIC_TAIL_AUTOMATIC_MODE_SWITCH_STATUS	1200619594
Setting.SETTING_ELECTRIC_TAIL_AUTOMATIC_MODE_VOICE_SWITCH_SET	1276182598
Setting.SETTING_ELECTRIC_TAIL_CONFIG	1200619534
Setting.SETTING_ELECTRIC_TAIL_CURRENT_POSITION	1200619536
Setting.SETTING_ELECTRIC_TAIL_CURRENT_STATUS	1200619531
Setting.SETTING_ELECTRIC_TAIL_INITIALIZATION_STATUS	1200619528
Setting.SETTING_ELECTRIC_TAIL_MOTOR_THERMAL_PROTECT_STATUS	1200619544
Setting.SETTING_ELECTRIC_TAIL_PLACE_INFO_FEEDBACK	1200619545
Setting.SETTING_ELECTRIC_TAIL_REPAIR_FUNCTION_STATUS	1200619598
Setting.SETTING_ELECTRIC_TAIL_REPAIR_FUNCTION_STATUS_SET	1276182586
Setting.SETTING_ELECTRIC_TAIL_SETTING_CONFIG	1200619864
Setting.SETTING_ELECTRIC_TAIL_SOFT_SWITCH_ORDER_SET	1276182580
Setting.SETTING_ELECTRIC_TAIL_VOICE_SWITCH_ORDER_SET	1276182582
Setting.SETTING_ELECTRIC_TAIL_WARNING_PROMPT	1200619557
Setting.SETTING_ELECTRIC_TAIL_WELCOME_FUNCTION_STATUS	1200619596
Setting.SETTING_ELECTRIC_TAIL_WELCOME_FUNCTION_STATUS_SET	1276182584
Setting.SETTING_ELECTRIC_TRAILER_HOOK_CONFIGURATION	766509099
Setting.SETTING_ELECTRIC_TRAILER_HOOK_SET	850444304
Setting.SETTING_EMERGENCY_BRAKE_WARNING_SWITCH	878723093
Setting.SETTING_EMERGENCY_BRAKE_WARNING_SWITCH_SET	1276235796
Setting.SETTING_EMERGENCY_VEHICLE_REMINDER_SWITCH	878723102
Setting.SETTING_EMERGENCY_VEHICLE_REMINDER_SWITCH_SET	1276235804
Setting.SETTING_ENERGY_FLOW	248512528
Setting.SETTING_ENGINE_ACTION_STATUS_INDICATION	754975180
Setting.SETTING_ENGINE_ENERGY_STATE	754975193
Setting.SETTING_ENGINE_OIL_LEVEL_MONITOR_CONFIG	743440511
Setting.SETTING_ENGINE_OIL_LIQUID_LEVEL	743440512
Setting.SETTING_ENTER_RELEVANT_BUSINESS_CIRCLE_SET	924850229
Setting.SETTING_EPB_SWITCH_CONFIGURATION	562036767
Setting.SETTING_EPB_SWITCH_SET	1324564496
Setting.SETTING_EPB_TRAILER_MODE_STATUS	562036765
Setting.SETTING_EPB_TRAILER_MODE_SWITCH_SET	1069547568
Setting.SETTING_EPB_TYPE	562036798
Setting.SETTING_EPB_WORDS_REMIND	563085344
Setting.SETTING_ETC_APP_OBU_VERSION	1080045592
Setting.SETTING_EV_HEV_UNABLE_SWITCH_PROMPT	513807775
Setting.SETTING_EXCESSIVE_SPEED_MODE_UNAVAILABLE_MULTIMEDIA_REMINDER_FLAG	681574423
Setting.SETTING_EXIT_FLOATING_MODE_FAIL_TIPS	754975220
Setting.SETTING_EXTENDED_RANGE_FUNCTION_DISABLED_INDICATION_STATUS	875560986
Setting.SETTING_EXTERIOR_LIGHT_REQUEST_COMMAND_SET	850436136
Setting.SETTING_EXTREME_ELK_ELECTRIC_POWER_INSUFFICIENT_PROMPT_FLAG	513811778
Setting.SETTING_EXTREME_ENDURANCE_MODE_COMMANDS	1223688258
Setting.SETTING_FACE_RECOGNITION_REQUEST_UNLOCK_SET	784334872
Setting.SETTING_FACE_REGISTER_SCAN	784334856
Setting.SETTING_FASTEN_SEATBELT_CLOSE_DOOR	957350044
Setting.SETTING_FASTEN_SEATBELT_CLOSE_DOOR_SET	1276198970
Setting.SETTING_FASTEN_SEATBELT_CLOSE_LEFT_FRONT_DOOR	158186
Setting.SETTING_FASTEN_SEATBELT_CLOSE_LEFT_FRONT_DOOR_SET	385669
Setting.SETTING_FATIGUE_MONITORING_STATUS	725614658
Setting.SETTING_FATIGUE_MONITOR_STATE	784334859
Setting.SETTING_FATIGUE_RELIEF_SWITCH_SET	784334892
Setting.SETTING_FATIGUE_RELIEF_TEM_SET	784334876
Setting.SETTING_FEEDBACK_GEAR_FUNCTION_CONFG_STATUS	812660774
Setting.SETTING_FETCH_FUNCTION_DISABLE	629145703
Setting.SETTING_FETCH_FUNCTION_DISABLE_hal_only	533725215
Setting.SETTING_FIELD_SCENCE_ACTROT_SPEED	681574533
Setting.SETTING_FIELD_SCENCE_ACTROT_SPEED_SET	507514907
Setting.SETTING_FIRST_GEAR_DRIVER_SEAT_VENTILATING_STATUS	979370006
Setting.SETTING_FIRST_REFRIGERATOR_LOCATION_FLAG	591405104
Setting.SETTING_FIXED_WHEEL_ROTATION_OUTER_EIGHT_EFFECT	513811811
Setting.SETTING_FLEXIBLE_SPACE_COMFORT_FULL_LOAD_CONFIG_1AA	446709824
Setting.SETTING_FLEXIBLE_SPACE_COMFORT_FULL_LOAD_CONFIG_1EB	514867264
Setting.SETTING_FLEXIBLE_SPACE_COMFORT_FULL_LOAD_CONFIG_35D	902840364
Setting.SETTING_FLEXIBLE_SPACE_COMFORT_FULL_LOAD_CONFIG_363	909131820
Setting.SETTING_FLEXIBLE_SPACE_FOUR_PEOPLE_COMFORT_CONFIG_1AA	446705702
Setting.SETTING_FLEXIBLE_SPACE_FOUR_PEOPLE_COMFORT_CONFIG_1EB	514863126
Setting.SETTING_FLEXIBLE_SPACE_FOUR_PEOPLE_COMFORT_CONFIG_2FF	804286508
Setting.SETTING_FLEXIBLE_SPACE_FOUR_PEOPLE_COMFORT_CONFIG_35D	902840386
Setting.SETTING_FLEXIBLE_SPACE_FOUR_PEOPLE_COMFORT_CONFIG_363	909131844
Setting.SETTING_FLEXIBLE_SPACE_FR_CINEMA_CONFIG_2E4	775974956
Setting.SETTING_FLEXIBLE_SPACE_FR_CINEMA_CONFIG_2FF	804282430
Setting.SETTING_FLEXIBLE_SPACE_FULL_CAPACITY_TRAVEL_CONFIG_1AA	446705734
Setting.SETTING_FLEXIBLE_SPACE_FULL_CAPACITY_TRAVEL_CONFIG_1EB	514863174
Setting.SETTING_FLEXIBLE_SPACE_FULL_CAPACITY_TRAVEL_CONFIG_2FF	804286510
Setting.SETTING_FLEXIBLE_SPACE_FULL_CAPACITY_TRAVEL_CONFIG_35D	902840388
Setting.SETTING_FLEXIBLE_SPACE_FULL_CAPACITY_TRAVEL_CONFIG_363	909131846
Setting.SETTING_FLEXIBLE_SPACE_LR_TO_FRONT_POSITION_SET	1324687389
Setting.SETTING_FLEXIBLE_SPACE_RR_BED_CONFIG_35D	902832166
Setting.SETTING_FLEXIBLE_SPACE_RR_BED_CONFIG_363	909131842
Setting.SETTING_FLEXIBLE_SPACE_RR_TO_FRONT_POSITION_SET	1324687392
Setting.SETTING_FLEXIBLE_SPACE_THIRD_ROW_LEFT_TO_FRONT_POSITION_SET	1324687394
Setting.SETTING_FLEXIBLE_SPACE_THIRD_ROW_RIGHT_TO_FRONT_POSITION_SET	1324687396
Setting.SETTING_FLOATING_SOC_CONDITION_NOT_MEET_WARNING	754975170
Setting.SETTING_FLOATING_SPEED	754974856
Setting.SETTING_FLOATING_WITHOUT_TRAILER_CONDITION_NOT_MEET_WARNING	754975171
Setting.SETTING_FLOAT_DRIVING_MODE_ACTIVATION_FLAG	754974943
Setting.SETTING_FLOAT_DRIVING_MODE_FAILURE_FLAG	754974944
Setting.SETTING_FLOAT_FUNCTION_TIMEOUT_PROMPT	521695
Setting.SETTING_FLOAT_TURN_MAX_TURN_NUMBER_CONFIG	513807612
Setting.SETTING_FLOAT_TURN_MODE_ACTIVATION_INSTRUCTION_ACTUAL_STATE	794413
Setting.SETTING_FLOAT_TURN_MODE_ACTIVE_STATE_PROMPT	754975178
Setting.SETTING_FLOAT_TURN_MODE_CHOICE_SIGNAL_SET	1276260372
Setting.SETTING_FLOAT_TURN_MODE_CORNER_INSTRUCTION_ACTUAL_STATE	790726
Setting.SETTING_FLOAT_TURN_MODE_EXIT_INSTRUCTION_ACTUAL_STATE	754974855
Setting.SETTING_FLOAT_TURN_MODE_EXIT_STATE_PROMPT	754975179
Setting.SETTING_FLOAT_TURN_MODE_INSTRUCTION_ACTUAL_STATE	754974905
Setting.SETTING_FLOAT_TURN_MODE_ROTATE_INSTRUCTION_ACTUAL_STATE	754974850
Setting.SETTING_FLOAT_TURN_ROTATING_ANGLE_SIGNAL_SET	1276260376
Setting.SETTING_FLOAT_TURN_ROTATING_DIRECTION_SIGNAL_SET	1276260374
Setting.SETTING_FLOAT_TURN_SWITCH_SET	1276317714
Setting.SETTING_FLOAT_TURN_WORK_REQUEST_SIGNAL_SET	1276260378
Setting.SETTING_FLYOVER_FUNCTION_CONFIGURATION_SIGNAL	463618084
Setting.SETTING_FLYOVER_FUNCTION_STATUS_SIGNAL	463618085
Setting.SETTING_FLYOVER_FUNCTION_VEHICLE_SPEED_STATUS_SIGNAL	463618087
Setting.SETTING_FL_WHEEL_SPEED_DIRECTION	248512547
Setting.SETTING_FOUR_DRIVE_LOW_RANGE_CONFIG_FLAG	681574536
Setting.SETTING_FOUR_L_DRIVER_MODE_NON_SATISFY_PROMPT	513807776
Setting.SETTING_FOUR_L_OPERATION_FAIL_MULTIMEDIA_PROMPT	513807600
Setting.SETTING_FOUR_L_SWITCH	398458904
Setting.SETTING_FOUR_L_SWITCH_SET	1324630066
Setting.SETTING_FRONT_CONGESTION_REMINDER_SWITCH	878723100
Setting.SETTING_FRONT_CONGESTION_REMINDER_SWITCH_SET	1276235802
Setting.SETTING_FRONT_CROSSING_LANE_NUMBER_SET	1285554200
Setting.SETTING_FRONT_DIFFERENTIAL_LOCK_REQUEST_SET	1276260368
Setting.SETTING_FRONT_DIFFERENTIAL_LOCK_STATE	512753696
Setting.SETTING_FRONT_DIFFERENTIAL_LOCK_STATE_hal_only	1272971299
Setting.SETTING_FRONT_LUGGAGE_COMPARTMENT_RETRIEVAL_SWITCH	629145686
Setting.SETTING_FRONT_LUGGAGE_COMPARTMENT_RETRIEVAL_SWITCH_SET	1324617768
Setting.SETTING_FRONT_RAIN_WIPER_SPEED	1196425250
Setting.SETTING_FRONT_REFRIGERATOR_STERILIZATION_FLAG	1029701701
Setting.SETTING_FRONT_WHEEL_STEERING_ANGLE	754975056
Setting.SETTING_FRONT_WHEEL_STEERING_ANGLE_hal_only	664799280
Setting.SETTING_FRONT_WHEEL_SUSPENSION_COMBINATION_HEIGHT_ADJUSTMENT_LEVEL	629145736
Setting.SETTING_FRONT_WIPER_CLEAN_VOICE_CTRL_SET	1276178502
Setting.SETTING_FRONT_WIPER_VOICE_CONTROL_SET	1276178496
Setting.SETTING_FR_WHEEL_SPEED_DIRECTION	248512548
Setting.SETTING_FSE_BOSSKEY_CONFIG	1017118751
Setting.SETTING_FSE_BOSS_ONEKEY_CONFIG	1017118752
Setting.SETTING_FSE_CONNECTION_STATUS_SET	973078542
Setting.SETTING_FSE_REQUEST_SYNC_IVI_CONNECT_INFO_SET	459280435
Setting.SETTING_FSE_REQ_ENTER_QUIT_MEDITATION_MODE_SET	459280430
Setting.SETTING_FSE_ROOF_PROJECTION_STATUS	976224264
Setting.SETTING_FSE_SCENE_MODE_SET_GET	973078544
Setting.SETTING_FSE_SCREEN_CARRY_FLAG_SET	973078540
Setting.SETTING_FSE_SEAT_BACKREST_POSITION_SET	1276276760
Setting.SETTING_FSE_SEAT_LEGHOLDER_POSITION_SET	1276276768
Setting.SETTING_FSE_SEAT_MEMORY_CONFIG	1017118753
Setting.SETTING_FSE_SWITCH_MACHINE_STATUS_SET	973078538
Setting.SETTING_FSE_VIEW_CONFIGURATION	881893422
Setting.SETTING_FSE_WIFI_ENCRYPT_MODE_WRITE_FEEDBACK_SET	459280446
Setting.SETTING_FSE_WIFI_PASSWORD_WRITE_FEEDBACK_SET	459280444
Setting.SETTING_FSE_WIFI_USERNAME_WRITE_FEEDBACK_SET	459280422
Setting.SETTING_FTIV_RELIEF_REQUEST_SET	1069547570
Setting.SETTING_FUNCTION_EXIT_REASON	463618064
Setting.SETTING_FUNCTION_FAILURE_STATUS	248512523
Setting.SETTING_GARAGE_LIFT_FUNCTION_CONFIGURATION_SIGNAL	463609912
Setting.SETTING_GARAGE_LIFT_FUNCTION_STATUS_SIGNAL	463609913
Setting.SETTING_GARAGE_LIFT_SWITCH_SIGNAL_SET	850526278
Setting.SETTING_GREEN_WAVE_SPEED_GUIDANCE_SWITCH	878723108
Setting.SETTING_GREEN_WAVE_SPEED_GUIDANCE_SWITCH_SET	1276235810
Setting.SETTING_HAS_SAFETY_ASSISTANCE_ALARM_FUNCTION	1161822268
Setting.SETTING_HAS_SAFETY_ASSISTANCE_EMERGENCY_BRAKING_FUNCTION	1161822270
Setting.SETTING_HAS_SAFETY_ASSISTANCE_PAD_INTERACTIVE_DISPLAY_FUNCTION	1161822276
Setting.SETTING_HEIGHT_CONTROL_OFF_SWITCH_SET	1324617760
Setting.SETTING_HEIGHT_GEAR_INHIBIT_MODE_FIXED	629145700
Setting.SETTING_HEIGHT_GEAR_INHIBIT_MODE_FIXED_hal_only	533725212
Setting.SETTING_HEIGHT_GEAR_INHIBIT_MODE_FOLLOW_SPEED	629145698
Setting.SETTING_HEIGHT_GEAR_INHIBIT_MODE_FOLLOW_SPEED_hal_only	533725210
Setting.SETTING_HEIGHT_NOT_CALIBRATION	629145711
Setting.SETTING_HIGH_SPEED_MANDATORY_EV_ENTER_FAIL_PAD_PROMPT	898656303
Setting.SETTING_HIGH_VOLTAGE_ELECTRIC_WINC_CONTROL_METHOD	1032884243
Setting.SETTING_HIGH_VOLTAGE_ELECTRIC_WINC_FUNCTION_STATUS	1032884256
Setting.SETTING_HIGH_VOLTAGE_ELECTRIC_WINC_PROMPT_BOX	1032884248
Setting.SETTING_HIGH_VOLTAGE_WINCH_CONFIGURATION	1032884240
Setting.SETTING_HIGH_VOLTAGE_WINCH_CONTROL_MODE_SET	850464803
Setting.SETTING_HIGH_VOLTAGE_WINCH_FUNCTION_SET	850464836
Setting.SETTING_HISTORICAL_ACCELERATION_RECORD	542113808
Setting.SETTING_HI_PLAY_MODE_BACKDOOR_STATUS_SET	850538538
Setting.SETTING_HI_PLAY_MODE_CHARGING_GUN_STATUS_SET	850538526
Setting.SETTING_HI_PLAY_MODE_DRIVER_MODE_STATUS_SET	850538540
Setting.SETTING_HI_PLAY_MODE_ENTER_STATUS_SET	850538520
Setting.SETTING_HI_PLAY_MODE_EXIT_REASON_SET	850538546
Setting.SETTING_HI_PLAY_MODE_EXIT_STATUS_SET	850538544
Setting.SETTING_HI_PLAY_MODE_GEAR_P_STATUS_SET	850538524
Setting.SETTING_HI_PLAY_MODE_HOOD_STATUS_SET	850538536
Setting.SETTING_HI_PLAY_MODE_SOC_STATUS_SET	850538522
Setting.SETTING_HI_PLAY_MODE_SUSPENSION_SYSTEM_FAULT_STATUS_SET	850538532
Setting.SETTING_HI_PLAY_MODE_SUSPENSION_TEMP_STATUS_SET	850538530
Setting.SETTING_HI_PLAY_MODE_SUSPENSION_VEHICLE_POSTURE_SET	850538528
Setting.SETTING_HI_PLAY_MODE_VEHICLE_DOOR_STATUS_SET	850538534
Setting.SETTING_HORIZONTAL_ALLOW_ACTIVATION_BUTTON_ILLUMINATED_SIGNS	513807615
Setting.SETTING_HORIZONTAL_CAR_DOOR_WARNING_SIGNS	513807607
Setting.SETTING_HORIZONTAL_FRONT_HATCH_COVER_WARNING_SIGNS	513807608
Setting.SETTING_HORIZONTAL_FRONT_LEFT_CENTER_RADAR_PARTITION_DISPLAY_SIGNS	513807620
Setting.SETTING_HORIZONTAL_FRONT_LEFT_CORNER_RADAR_PARTITION_DISPLAY_SIGNS	513807617
Setting.SETTING_HORIZONTAL_FRONT_RIGHT_CENTER_RADAR_PARTITION_DISPLAY_SIGNS	513807624
Setting.SETTING_HORIZONTAL_FRONT_RIGHT_CORNER_RADAR_PARTITION_DISPLAY_SIGNS	513807627
Setting.SETTING_HORIZONTAL_FRONT_WARNING_LINE_DISTANCE	513807728
Setting.SETTING_HORIZONTAL_INSUFFICIENT_BATTERY_WARNING_SIGNS	513807599
Setting.SETTING_HORIZONTAL_INSUFFICIENT_THERMAL_MANAGEMENT_POP_WARNING_SIGNS	513807605
Setting.SETTING_HORIZONTAL_LEFT_FRONT_PARTITION_DISPLAY_SIGNS	513807648
Setting.SETTING_HORIZONTAL_LEFT_REAR_PARTITION_DISPLAY_SIGNS	513807651
Setting.SETTING_HORIZONTAL_MAXIMUM_TARGET_MOVEMENT_DISTANCE	513807768
Setting.SETTING_HORIZONTAL_MINIMUM_TARGET_MOVEMENT_DISTANCE	513807760
Setting.SETTING_HORIZONTAL_MOVEMENT_ACTION_STATUS_REQUEST_SET	924854296
Setting.SETTING_HORIZONTAL_MOVEMENT_DIRECTION_SET	924854294
Setting.SETTING_HORIZONTAL_MOVEMENT_DISTANCE_SET	924854299
Setting.SETTING_HORIZONTAL_MOVEMENT_FUNCTION_ENTRY_REQUEST_SET	924854292
Setting.SETTING_HORIZONTAL_MOVEMENT_METHOD_SET	924854290
Setting.SETTING_HORIZONTAL_RADAR_SWITCH_SET	924854288
Setting.SETTING_HORIZONTAL_RADAR_SWITCH_STATUS_SIGNS	513807616
Setting.SETTING_HORIZONTAL_RAMP_WARNING_SIGNS	513807610
Setting.SETTING_HORIZONTAL_REAR_LEFT_CENTER_RADAR_PARTITION_DISPLAY_SIGNS	513807635
Setting.SETTING_HORIZONTAL_REAR_LEFT_CORNER_RADAR_PARTITION_DISPLAY_SIGNS	513807632
Setting.SETTING_HORIZONTAL_REAR_RIGHT_CENTER_RADAR_PARTITION_DISPLAY_SIGNS	513807640
Setting.SETTING_HORIZONTAL_REAR_RIGHT_CORNER_RADAR_PARTITION_DISPLAY_SIGNS	513807643
Setting.SETTING_HORIZONTAL_REAR_WARNING_LINE_DISTANCE	513807736
Setting.SETTING_HORIZONTAL_RIGHT_FRONT_PARTITION_DISPLAY_SIGNS	513807656
Setting.SETTING_HORIZONTAL_RIGHT_REAR_PARTITION_DISPLAY_SIGNS	513807659
Setting.SETTING_HORIZONTAL_SPEED_REDUCTION_WARNING_SIGNS	513807583
Setting.SETTING_HORIZONTAL_SPORTS_SIDE_WARNING_LINE_DISTANCE	513807752
Setting.SETTING_HORIZONTAL_STATIONARY_SIDE_WARNING_LINE_DISTANCE	513807744
Setting.SETTING_HORIZONTAL_STEERING_WHEEL_CENTERING_WARNING_SIGNS	513807603
Setting.SETTING_HORIZONTAL_SYNCHRONOUS_LOCK_WARNING_SIGNS	513807591
Setting.SETTING_HORIZONTAL_TRAILER_HOOK_WARNING_SIGNS	513807606
Setting.SETTING_HORIZONTAL_TRUNK_WARNING_SIGNS	513807609
Setting.SETTING_HORIZONTAL_TURN_OFF_DRIVING_ASSISTANCE_WARNING_SIGNS	513807604
Setting.SETTING_HORIZONTAL_UP_OK_WARNING_SIGNS	513807602
Setting.SETTING_HORIZONTAL_VEHICLE_PARKED_STEADILY_WARNING_SIGNS	513807611
Setting.SETTING_HUD_ADAPTIVE_ADJUSTMENT_FUNCTION_FLAG	806354988
Setting.SETTING_HUD_ADAPTIVE_VOICE_PROMPT	806354990
Setting.SETTING_HUD_AVM_SCREEN_CASTING_REQUEST_SWITCH_SET	54525996
Setting.SETTING_HUD_CONTROL_POPUP_ADJUSTMENT_STATUS_SET	884998166
Setting.SETTING_HUD_IMAGE_TEXT_INFO_FUSION_SWITCH_SET	1276174404
Setting.SETTING_HUD_INTEGRATE_CONFIG_FLAG	884998160
Setting.SETTING_HUD_LINKED_DRIVER_SEAT_FEEDBACK	806355024
Setting.SETTING_HUD_LINKED_DRIVER_SEAT_HEIGHT_SET	1276166192
Setting.SETTING_HUD_PROJECTION_STATUS_34C_SET	884998188
Setting.SETTING_HUD_REQUEST_COMMAND_SET	850436164
Setting.SETTING_HUD_REQUEST_ORDER	1274019875
Setting.SETTING_HUD_STEERING_WHEEL_ADJUSTMENT_FLAG_SET	884998192
Setting.SETTING_HUD_STEERING_WHEEL_CTRL_ADJUST_FLAG_SET	1324564532
Setting.SETTING_HUMAN_INTERVENTION_PROMPT_INFORMATION	920649786
Setting.SETTING_IDENTIFY_CONNECTION_METHOD	1341128744
Setting.SETTING_IFB_MASK_STATUS_PROMPT	331110
Setting.SETTING_IMAGE_TEXT_INFO_FUSION_SWITCH_SET	1280311322
Setting.SETTING_INPUT_CONFIRM_SIGNAL_SET	1324630033
Setting.SETTING_INSTRUMENT_BACKLIGHT_BRIGHTNESS_GEAR	592445488
Setting.SETTING_INSTRUMENT_DRIVING_INFORMATION_SET	1276149794
Setting.SETTING_INSTRUMENT_EXPORT_REGION	1032876080
Setting.SETTING_INSTRUMENT_FATIGUE_RELIEF_PROMPT_SET	784334902
Setting.SETTING_INSTRUMENT_SCENE_MODE_SCREEN_PROJECTION_STATUS	1086341150
Setting.SETTING_INSTRUMENT_THEME_SET	1276149788
Setting.SETTING_INTELLIGENT_MAP_ENERGY_MANAGEMENT_CONFIG	1219502102
Setting.SETTING_INTELLIGENT_MAP_ENERGY_MANAGEMENT_SET	753975342
Setting.SETTING_INTELLIGENT_MAP_ENERGY_MANAGEMENT_STATUS	542113835
Setting.SETTING_INTELLIGENT_OBSTACLE_AVOIDANCE_SELF_LEARNING_FLAG	1126170660
Setting.SETTING_INTELLIGENT_OBSTACLE_AVOIDANCE_SWITCH_STATUS	481296560
Setting.SETTING_INTELLIGENT_OBSTACLE_AVOIDANCE_SWITCH_STATUS_SET	1324576818
Setting.SETTING_INTELLIGENT_SURFACE_CONFIG	1201672208
Setting.SETTING_INTELLIGENT_SURFACE_PROMPT_TONE_FEEDBACK	1201672211
Setting.SETTING_INTELLIGENT_SURFACE_PROMPT_TONE_OPTION_SET	850407440
Setting.SETTING_INTELLIGEN_MODE_CONFIGURATION_SIGN	1219518505
Setting.SETTING_INTELLIGEN_MODE_CONFIGURATION_SIGN_hal_only	1244686359
Setting.SETTING_INTELL_VOICE_CONTROL_LO_MIRROR_HOR_PERCENTAGE_SET	850472976
Setting.SETTING_INTELL_VOICE_CONTROL_LO_MIRROR_VER_PERCENTAGE_SET	850472984
Setting.SETTING_INTELL_VOICE_CONTROL_RO_MIRROR_HOR_PERCENTAGE_SET	850472992
Setting.SETTING_INTELL_VOICE_CONTROL_RO_MIRROR_VER_PERCENTAGE_SET	850473000
Setting.SETTING_INTELL_VOICE_CONTROL_STEERING_WHEEL_FB_PERCENTAGE_SET	850473008
Setting.SETTING_INTELL_VOICE_CONTROL_STEERING_WHEEL_UD_PERCENTAGE_SET	850473016
Setting.SETTING_INTERIOR_LIGHT_REQUEST_COMMAND_SET	850436128
Setting.SETTING_INTERSECTION_COLLISION_WARNING_SWITCH	878723089
Setting.SETTING_INTERSECTION_COLLISION_WARNING_SWITCH_SET	1276235792
Setting.SETTING_IPB_DRIFT_MESSAGE_REQUEST	342884361
Setting.SETTING_IPB_DRIFT_MESSAGE_REQUEST_hal_only	338690059
Setting.SETTING_IPB_DRIFT_STANDBY_FLAG	342884365
Setting.SETTING_IPB_DRIFT_STANDBY_FLAG_hal_only	338690064
Setting.SETTING_IPB_DRIFT_STATUS_FLAG	342884360
Setting.SETTING_IPB_DRIFT_STATUS_FLAG_hal_only	338690056
Setting.SETTING_ISA_ALARM_FUNCTION_SWITCH_STATUS	182452239
Setting.SETTING_ISA_ALARM_FUNCTION_SWITCH_STATUS_SET	1324568611
Setting.SETTING_ISA_AUDIBLE_ALARM_SWITCH_STATUS	182452242
Setting.SETTING_ISA_AUDIBLE_ALARM_SWITCH_STATUS_SET	1324568646
Setting.SETTING_ISA_EMERGENCY_BRAKING_SWITCH_STATUS	182452240
Setting.SETTING_ISA_EMERGENCY_BRAKING_SWITCH_STATUS_SET	1324568613
Setting.SETTING_ISA_PAD_DISPLAY_SWITCH_STATUS	182452241
Setting.SETTING_ISA_PAD_DISPLAY_SWITCH_STATUS_SET	1324568644
Setting.SETTING_IS_CRAWL_FUNCTION_CONFIGURED	861929503
Setting.SETTING_IS_DIRECT_DRIVE_DLP_ARHUD	-1728052442
Setting.SETTING_IS_THE_NARROW_PASSAGE_FUNCTION_READY	788529200
Setting.SETTING_ITAC_INTELLIGENT_TORQUE_CONTROL_FLAG	656408620
Setting.SETTING_IVI_MEDITATION_MODE_CONFIG_SET	1083183160
Setting.SETTING_IVI_SCEME_MODE	871366696
Setting.SETTING_IVI_SCENE_MODE_SET_hal_only	1083187256
Setting.SETTING_KNOCK_OPEN_DOOR_CONTROL_SET	850538556
Setting.SETTING_LANE_10_STATES_SET	1285554264
Setting.SETTING_LANE_11_STATES_SET	1285554268
Setting.SETTING_LANE_12_STATES_SET	1285554272
Setting.SETTING_LANE_1_STATES_SET	1285554208
Setting.SETTING_LANE_2_STATES_SET	1285554212
Setting.SETTING_LANE_3_STATES_SET	1285554216
Setting.SETTING_LANE_4_STATES_SET	1285554220
Setting.SETTING_LANE_5_STATES_SET	1285554224
Setting.SETTING_LANE_6_STATES_SET	1285554228
Setting.SETTING_LANE_7_STATES_SET	1285554232
Setting.SETTING_LANE_8_STATES_SET	1285554236
Setting.SETTING_LANE_9_STATES_SET	1285554260
Setting.SETTING_LARGE_SLOPE_MULTIMEDIA_PROMPT	513807572
Setting.SETTING_LAST_ACCELERATION_RECORD	542113856
Setting.SETTING_LAS_REQUEST_MOVIE_MODE	796950544
Setting.SETTING_LAS_REQUEST_THINKING_MODE	796950546
Setting.SETTING_LAUNCH_FUNCTION_ACTIVATION_FLAG	603979798
Setting.SETTING_LAUNCH_INSTRUMENY_BULLET_PROMPT	542113816
Setting.SETTING_LAUNCH_TIMING_LENGTH	542113846
Setting.SETTING_LEFT_BACK_SEAT_MEMORY_SUCESS_FEEDBACK_STATUS	881868843
Setting.SETTING_LEFT_BACK_SEAT_MEMORY_SUCESS_FEEDBACK_STATUS_hal_only	902840344
Setting.SETTING_LEFT_ELECTRIC_PEDAL_ACTION	1284505776
Setting.SETTING_LEFT_ELECTRIC_PEDAL_POSITION	1284505760
Setting.SETTING_LEFT_FIELD_M_WHEEL_FUNCTION_STATUS_FEEDBACK	1032880163
Setting.SETTING_LEFT_FRONT_DOOR_OPEN_ANGLE	957349928
Setting.SETTING_LEFT_FRONT_DOOR_OPEN_ANGLE_SET	1276198928
Setting.SETTING_LEFT_FRONT_MOTOR_ENGERY_STATE	754975185
Setting.SETTING_LEFT_FRONT_MOTOR_TORQUE_LEVEL	754975199
Setting.SETTING_LEFT_FRONT_SUSPENSION_ACTUAL_HEIGHT	424673288
Setting.SETTING_LEFT_FRONT_SUSPENSION_ACTUAL_HEIGHT_109	277872728
Setting.SETTING_LEFT_FRONT_SUSPENSION_COMBINATION_HEIGHT_ADJUSTMENT_LEVEL	629145712
Setting.SETTING_LEFT_FRONT_WHEEL_SKID_CONDITION	754975211
Setting.SETTING_LEFT_FRONT_WHEEL_SKID_CONDITION_GCY_hal_only	576718897
Setting.SETTING_LEFT_FRONT_WHEEL_SKID_CONDITION_hal_only	785383492
Setting.SETTING_LEFT_FRONT_WHEEL_WADING_DEPTH	681574480
Setting.SETTING_LEFT_FRONT_WHEEL_WADING_DEPTH_hal_only	758120464
Setting.SETTING_LEFT_LOAD_CELL_STATE	1039138848
Setting.SETTING_LEFT_OUT_MIRROR_SYSTEM_WORKING_STATUS	1228931092
Setting.SETTING_LEFT_OUT_MIRROR_SYSTEM_WORKING_STATUS_hal_only	1131413541
Setting.SETTING_LEFT_REAR_DOOR_CHILD_LOCK_STATUS	957350032
Setting.SETTING_LEFT_REAR_DOOR_OPEN_ANGLE	957349944
Setting.SETTING_LEFT_REAR_DOOR_OPEN_ANGLE_SET	1276198944
Setting.SETTING_LEFT_REAR_DOOR_STATUS	957349988
Setting.SETTING_LEFT_REAR_FLAT_POSITION_SET	1324679204
Setting.SETTING_LEFT_REAR_HEADREST_STATUS	902832196
Setting.SETTING_LEFT_REAR_MOTOR_ENGERY_STATE	754975189
Setting.SETTING_LEFT_REAR_MOTOR_TORQUE_LEVEL	754975205
Setting.SETTING_LEFT_REAR_RELAX_POSITION_SET	1324679202
Setting.SETTING_LEFT_REAR_ROW_SAFETYBELT_STATUS	824180746
Setting.SETTING_LEFT_REAR_SEAT_BACKREST_ADJUST_SET	850505752
Setting.SETTING_LEFT_REAR_SEAT_BIDET_ADJUST_SET	850505760
Setting.SETTING_LEFT_REAR_SEAT_HEADREST_ADJUST_SET	850513944
Setting.SETTING_LEFT_REAR_SEAT_HEIGHT_ADJUST_SET	850505747
Setting.SETTING_LEFT_REAR_SEAT_HORIZONTAL_ADJUST_SET	850505744
Setting.SETTING_LEFT_REAR_SEAT_LEG_REST_ADJUST_SET	850505755
Setting.SETTING_LEFT_REAR_SEAT_ONE_KEY_LINKAGE_FEEDBACK	902832194
Setting.SETTING_LEFT_REAR_SEAT_SYSTEM_OPERATION_MODE	902828100
Setting.SETTING_LEFT_REAR_SHADE_LINKED_ACTION_STATUS	364904462
Setting.SETTING_LEFT_REAR_STANDARD_POSITION_SET	1324679200
Setting.SETTING_LEFT_REAR_SUSPENSION_ACTUAL_HEIGHT	424673312
Setting.SETTING_LEFT_REAR_SUSPENSION_ACTUAL_HEIGHT_109	277872760
Setting.SETTING_LEFT_REAR_SUSPENSION_COMBINATION_HEIGHT_ADJUSTMENT_LEVEL	629145720
Setting.SETTING_LEFT_REAR_WHEEL_SKID_CONDITION	754975213
Setting.SETTING_LEFT_REAR_WHEEL_SKID_CONDITION_GCY_hal_only	576718901
Setting.SETTING_LEFT_REAR_WHEEL_SKID_CONDITION_hal_only	785383494
Setting.SETTING_LEFT_REAR_WHEEL_WADING_DEPTH	681574504
Setting.SETTING_LEFT_REAR_WINDOW_LINKED_ACTION_STATUS	364904464
Setting.SETTING_LEFT_SUSPENSION_COMBINATION_HEIGHT_ADJUSTMENT_LEVEL	629145728
Setting.SETTING_LEOPARD_TURN_ACTIVATION_VOICE_PROMPT_FLAG	513811610
Setting.SETTING_LEOPARD_TURN_ANGLE_OPTIONAL_FLAG	513807823
Setting.SETTING_LEOPARD_TURN_DRIVE_MODE_PROMPT_FLAG	513807708
Setting.SETTING_LEOPARD_TURN_EXIT_VOICE_PROMPT_FLAG	513811611
Setting.SETTING_LEOPARD_TURN_GEAR_INTERVENTION_PROMPT_FLAG	513811607
Setting.SETTING_LEOPARD_TURN_QUICK_SWITCH_CONFIG	513807631
Setting.SETTING_LEOPARD_TURN_QUICK_SWITCH_REQUEST_STATUS	513807427
Setting.SETTING_LEOPARD_TURN_QUICK_SWITCH_STATUS	513807630
Setting.SETTING_LEOPARD_TURN_QUICK_SWITCH_STATUS_SET	507518998
Setting.SETTING_LEOPARD_TURN_START_ALLOW_FLAG_SET	507519004
Setting.SETTING_LEOPARD_TURN_STATUS_SIGNAL	513807835
Setting.SETTING_LEOPARD_TURN_STEERING_WHEEL_INTERVENTION_PROMPT_FLAG	513811608
Setting.SETTING_LEOPARD_TURN_STEERING_WHEEL_OPERATION_PROMPT_FLAG	513811614
Setting.SETTING_LEOPARD_TURN_STEERING_WHEEL_RESET_PROMPT_FLAG	513811609
Setting.SETTING_LEOPARD_TURN_STEP_ON_THE_ACCELERATOR_PROMPTS	513807837
Setting.SETTING_LEOPARD_TURN_TARGET_ROTATION_ANGLE_FEEDBACK	513807812
Setting.SETTING_LEOPARD_TURN_TARGET_ROTATION_ANGLE_SET	507514916
Setting.SETTING_LEOPARD_TURN_TARGET_ROTATION_DIRECT_SET	507519000
Setting.SETTING_LEOPARD_TURN_TURN_DIAMETER_TARGET_GEAR_CONFIG	513807727
Setting.SETTING_LEOPARD_TURN_TURN_DIAMETER_TARGET_GEAR_STATUS	513807709
Setting.SETTING_LEOPARD_TURN_TURN_DIAMETER_TARGET_GEAR_STATUS_SET	507519002
Setting.SETTING_LEOPARD_TURN_YAW_VELOCITY_STATUS	513807720
Setting.SETTING_LF_ELECTRIC_CONFIG	1131413528
Setting.SETTING_LF_ELECTRIC_CONFIG_HAL	1228931114
Setting.SETTING_LF_HEADREST_CONFIG	1131413561
Setting.SETTING_LF_HEADREST_CONFIG_HAL	1228931121
Setting.SETTING_LF_HEADREST_HORIZONTAL_SIGNAL_SET	1276186642
Setting.SETTING_LF_LEG_REST_CONFIG	1131413560
Setting.SETTING_LF_LEG_REST_CONFIG_HAL	1228931120
Setting.SETTING_LF_MASSAGE_CONFIG	1131413539
Setting.SETTING_LF_MASSAGE_WORK_INTENSITY	175615
Setting.SETTING_LF_MASSAGE_WORK_MODE	598071
Setting.SETTING_LF_SEAT_BACKREST_UNINITIALIZED	1228931139
Setting.SETTING_LF_SEAT_BACKREST_UNINITIALIZED_437_hal_only	1131413533
Setting.SETTING_LF_SEAT_BIDET_ADJUST_SET	850501664
Setting.SETTING_LF_SEAT_CUSHION_UNINITIALIZED	1228931141
Setting.SETTING_LF_SEAT_CUSHION_UNINITIALIZED_437_hal_only	1131413535
Setting.SETTING_LF_SEAT_HEADREST_ADJUST_SET	850513936
Setting.SETTING_LF_SEAT_HEIGHT_ADJUST_SET	850501651
Setting.SETTING_LF_SEAT_HEIGHT_UNINITIALIZED	1228931140
Setting.SETTING_LF_SEAT_HEIGHT_UNINITIALIZED_437_hal_only	1131413534
Setting.SETTING_LF_SEAT_HORIZONTAL_UNINITIALIZED	1228931138
Setting.SETTING_LF_SEAT_HORIZONTAL_UNINITIALIZED_437_hal_only	1131413532
Setting.SETTING_LF_SEAT_LEG_REST_ADJUST_SET	850501659
Setting.SETTING_LIFT_MODE_CONFIG_SIGNAL	789594256
Setting.SETTING_LIFT_MODE_STATUS_SIGNAL	789594258
Setting.SETTING_LIFT_MODE_SWITCH_SIGNAL_SET	850485279
Setting.SETTING_LIGHT_STAR_RING_ATMOSPHERE_LAMP_BRIGHTNESS	-1364197368
Setting.SETTING_LIGHT_STAR_RING_ATMOSPHERE_LAMP_COLOR	-1364197360
Setting.SETTING_LIGHT_STAR_SKY_ATMOSPHERE_LAMP_BRIGHTNESS	-1364197364
Setting.SETTING_LIGHT_STAR_SKY_ATMOSPHERE_LAMP_COLOR	-1364197352
Setting.SETTING_LONG_TERM_COOLANT_LIFE_RESET_BUTTON_SET	782237753
Setting.SETTING_LOW_BATTERY_MANDATORY_EV_ENTER_FAIL_PAD_PROMPT	450889767
Setting.SETTING_LOW_BATTERY_MANDATORY_EV_EXIT_PAD_PROMPT	450889764
Setting.SETTING_LOW_BATTERY_MODE_UNAVAILABLE_MULTIMEDIA_REMINDER_FLAG	681574424
Setting.SETTING_LOW_BATTERY_REMINDER	754975072
Setting.SETTING_LOW_DISCHARGE_POWER_MANDATORY_EV_ENTER_FAIL_PAD_PROMPT	450889766
Setting.SETTING_LRSE_LR_CUSHION_ADJUST_SET	412180502
Setting.SETTING_LRSE_LR_HEAD_REST_HORIZONTAL_ADJUST_SET	412180506
Setting.SETTING_LRSE_LR_HEAD_REST_VERTICAL_ADJUST_SET	412180508
Setting.SETTING_LRSE_LR_LEG_REST_ADJUST_SET	412180500
Setting.SETTING_LRSE_LR_SEAT_HORIZONTAL_ADJUST_SET	412180498
Setting.SETTING_LRSE_LR_SEAT_VERTICAL_ADJUST_SET	412180504
Setting.SETTING_LRSE_REQUEST_REST_MODE	796946482
Setting.SETTING_LRSE_REQ_ENTER_QUIT_MEDITATION_MODE_SET	412188690
Setting.SETTING_LRSE_REST_MODE_SWITCH_SET	1083183168
Setting.SETTING_LRSE_REST_TIME_LENGTH	796946484
Setting.SETTING_LRSE_RR_CUSHION_ADJUST_SET	412180514
Setting.SETTING_LRSE_RR_HEAD_REST_HORIZONTAL_ADJUST_SET	412180518
Setting.SETTING_LRSE_RR_HEAD_REST_VERTICAL_ADJUST_SET	412180520
Setting.SETTING_LRSE_RR_LEG_REST_ADJUST_SET	412180512
Setting.SETTING_LRSE_RR_SEAT_HORIZONTAL_ADJUST_SET	412180510
Setting.SETTING_LRSE_RR_SEAT_VERTICAL_ADJUST_SET	412180516
Setting.SETTING_LR_BACKREST_CONFIG	1214251056
Setting.SETTING_LR_BACKREST_CONFIG_486	1214251056
Setting.SETTING_LR_BACKREST_CONFIG_486_hal_only	-933232592
Setting.SETTING_LR_BACKREST_CONFIG_hal_only	1075839009
Setting.SETTING_LR_BACK_MASSAGE_STATE	1310720036
Setting.SETTING_LR_BACK_MASSAGE_STATE_SET	589373480
Setting.SETTING_LR_BACK_MASSAGE_STATE_SET_IVI_hal_only	850534450
Setting.SETTING_LR_BACK_MASSAGE_STATE_SET_RSE_hal_only	412237874
Setting.SETTING_LR_BALANCE_CONFIG	1214251058
Setting.SETTING_LR_BALANCE_CONFIG_486	1214251058
Setting.SETTING_LR_BALANCE_CONFIG_486_hal_only	-933232590
Setting.SETTING_LR_BALANCE_CONFIG_hal_only	1075839008
Setting.SETTING_LR_BIDET_CONFIG	1075839011
Setting.SETTING_LR_FOOTREST_HEATING_LEVEL_STATE	713031724
Setting.SETTING_LR_FOOTREST_HEATING_LEVEL_STATE_SET	589373468
Setting.SETTING_LR_FOOTREST_HEATING_LEVEL_STATE_SET_IVI_hal_only	850534428
Setting.SETTING_LR_FOOTREST_HEATING_LEVEL_STATE_SET_RSE_hal_only	412237852
Setting.SETTING_LR_FOOTREST_HEATING_MODE_STATE	713031722
Setting.SETTING_LR_FOOTREST_HEATING_MODE_STATE_SET	589373466
Setting.SETTING_LR_FOOTREST_HEATING_MODE_STATE_SET_IVI_hal_only	850534426
Setting.SETTING_LR_FOOTREST_HEATING_MODE_STATE_SET_RSE_hal_only	412237850
Setting.SETTING_LR_FOOTREST_HEATING_STATE	713031720
Setting.SETTING_LR_FOOTREST_HEATING_STATE_SET	589373464
Setting.SETTING_LR_FOOTREST_HEATING_STATE_SET_IVI_hal_only	850534424
Setting.SETTING_LR_FOOTREST_HEATING_STATE_SET_RSE_hal_only	412237848
Setting.SETTING_LR_HEADREST_HEIGHT_CONFIG	1075839014
Setting.SETTING_LR_HEADREST_HORIZONTAL_CONFIG	1075839013
Setting.SETTING_LR_HEIGHT_CONFIG	1075839012
Setting.SETTING_LR_LATERAL_ADJUST_SWITCH_CONFIG	1075839044
Setting.SETTING_LR_LATERAL_ADJUST_SWITCH_SET	850411588
Setting.SETTING_LR_LEG_REST_CONFIG	1214251068
Setting.SETTING_LR_LEG_REST_CONFIG_486	1214251068
Setting.SETTING_LR_LEG_REST_CONFIG_486_hal_only	-933232580
Setting.SETTING_LR_LEG_REST_CONFIG_hal_only	1075839010
Setting.SETTING_LR_MEMORY_MEDIA_CONGIF	1214251070
Setting.SETTING_LR_MEMORY_MEDIA_CONGIF_486_hal_only	-933232578
Setting.SETTING_LR_MEMORY_MEDIA_TIPS	1075839003
Setting.SETTING_LR_MEMORY_MEDIA_TIPS_hal_only	1214251060
Setting.SETTING_LR_NECK_HEATING_LEVEL_STATE	713031716
Setting.SETTING_LR_NECK_HEATING_LEVEL_STATE_SET	589373460
Setting.SETTING_LR_NECK_HEATING_LEVEL_STATE_SET_IVI_hal_only	850534420
Setting.SETTING_LR_NECK_HEATING_LEVEL_STATE_SET_RSE_hal_only	412237844
Setting.SETTING_LR_NECK_HEATING_MODE_STATE	713031714
Setting.SETTING_LR_NECK_HEATING_MODE_STATE_SET	589373458
Setting.SETTING_LR_NECK_HEATING_MODE_STATE_SET_IVI_hal_only	850534418
Setting.SETTING_LR_NECK_HEATING_MODE_STATE_SET_RSE_hal_only	412237842
Setting.SETTING_LR_NECK_HEATING_STATE	713031712
Setting.SETTING_LR_NECK_HEATING_STATE_SET	589373456
Setting.SETTING_LR_NECK_HEATING_STATE_SET_IVI_hal_only	850534416
Setting.SETTING_LR_NECK_HEATING_STATE_SET_RSE_hal_only	412237840
Setting.SETTING_LR_NECK_MASSAGE_STATE	1310720034
Setting.SETTING_LR_NECK_MASSAGE_STATE_SET	589373478
Setting.SETTING_LR_NECK_MASSAGE_STATE_SET_IVI_hal_only	850534448
Setting.SETTING_LR_NECK_MASSAGE_STATE_SET_RSE_hal_only	412237872
Setting.SETTING_LR_ONE_CLICK_DOWN_2F8_SET	796921907
Setting.SETTING_LR_ONE_CLICK_DOWN_4EF_SET_hal_only	1324650512
Setting.SETTING_LR_PYGAL_MASSAGE_STATE	1310720038
Setting.SETTING_LR_PYGAL_MASSAGE_STATE_SET	589373482
Setting.SETTING_LR_PYGAL_MASSAGE_STATE_SET_IVI_hal_only	850534452
Setting.SETTING_LR_PYGAL_MASSAGE_STATE_SET_RSE_hal_only	412237876
Setting.SETTING_LR_SEAT_FOOT_REST_ADJUST_CONFIG	1310720071
Setting.SETTING_LR_SEAT_FOOT_REST_ADJUST_SET	589373476
Setting.SETTING_LR_SEAT_FOOT_REST_ADJUST_SET_IVI_hal_only	850501670
Setting.SETTING_LR_SEAT_FOOT_REST_ADJUST_SET_RSE_hal_only	412192836
Setting.SETTING_LR_SEAT_HEADREST_HORIZONTAL_SET	589373472
Setting.SETTING_LR_SEAT_HEADREST_HORIZONTAL_SET_IVI_hal_only	850501654
Setting.SETTING_LR_SEAT_LEG_REST_TELESCOPING_CONFIG	1310720070
Setting.SETTING_LR_SEAT_LEG_REST_TELESCOPING_SET	589373474
Setting.SETTING_LR_SEAT_LEG_REST_TELESCOPING_SET_IVI_hal_only	850501662
Setting.SETTING_LR_SEAT_LEG_REST_TELESCOPING_SET_RSE_hal_only	412192832
Setting.SETTING_LR_SEAT_MASSAGE_REGION_CONFIG	1310720067
Setting.SETTING_LR_SEAT_MEMORY1_BACKREST_POSITION_FEEDBACK	881872944
Setting.SETTING_LR_SEAT_MEMORY1_BACKREST_POSITION_FEEDBACK_35D_hal_only	902832176
Setting.SETTING_LR_SEAT_MEMORY2_BACKREST_POSITION_FEEDBACK	881872952
Setting.SETTING_LR_SEAT_MEMORY2_BACKREST_POSITION_FEEDBACK_35D_hal_only	902832184
Setting.SETTING_LR_SEAT_ONE_KEY_DOWN_CONFIG	1075839031
Setting.SETTING_LR_WINDOW_SUNSHADE_CURRENT_ACTION_STATUS	919398
Setting.SETTING_LR_WINDOW_SUNSHADE_INITIALIZATION_STATUS	1025507386
Setting.SETTING_LR_WINDOW_SUNSHADE_MOTOR_THERMAL_PROTECTION	1025507383
Setting.SETTING_LR_WINDOW_SUNSHADE_POSITION	1025507390
Setting.SETTING_LR_WINDOW_SUNSHADE_POSITION_PERCENTAGE	1025507392
Setting.SETTING_L_FSE_BOSS_RESET_SET	412180496
Setting.SETTING_MAINTENANCE_REMINDER_OF_BLADE_BATTERY_COOLANT	953155650
Setting.SETTING_MAINTENANCE_REMINDER_OF_BLADE_BATTERY_COOLANT_SET	850432020
Setting.SETTING_MAINTENANCE_REMINDER_OF_BRAKE_FLUID	953155646
Setting.SETTING_MAINTENANCE_REMINDER_OF_BRAKE_FLUID_SET	850432018
Setting.SETTING_MAINTENANCE_REMINDER_OF_ENGINE_OIL	953155642
Setting.SETTING_MAINTENANCE_REMINDER_OF_ENGINE_OIL_SET	850432016
Setting.SETTING_MAINTENANCE_REMINDER_OF_LONG_LIFE_COOLANT	953155648
Setting.SETTING_MAINTENANCE_REMINDER_OF_LONG_LIFE_COOLANT_SET	850432019
Setting.SETTING_MAINTENANCE_REMINDER_OF_TRANSMISSION_OIL	953155644
Setting.SETTING_MAINTENANCE_REMINDER_OF_TRANSMISSION_OIL_SET	850432017
Setting.SETTING_MAIN_DRIVE_SEAT_SYSTEM_WORKING_STATUS	1228931084
Setting.SETTING_MAIN_DRIVE_SEAT_SYSTEM_WORKING_STATUS_hal_only	1131413516
Setting.SETTING_MAIN_DRIVE_VOICE_LINKAGE_ATMOSPHERE_LAMP_SET	455082032
Setting.SETTING_MANDATORY_EV_MODE_CONFIGURATION_SYMBOL	898656278
Setting.SETTING_MANDATORY_EV_MODE_GRAY_FLAG	450889765
Setting.SETTING_MANDATORY_EV_MODE_SPEED_PROMPT	898656320
Setting.SETTING_MANDATORY_EV_MODE_SWITCH_COMMAND_SET	753971268
Setting.SETTING_MANDATORY_EV_MODE_SWITCH_STATUS	450889768
Setting.SETTING_MATTRESS_INFLATION_GEAR	996147212
Setting.SETTING_MATTRESS_INFLATION_GEAR_SET	1324621884
Setting.SETTING_MATTRESS_MOTION_STATUS	996147208
Setting.SETTING_MATTRESS_MOTION_STATUS_SET	1324621881
Setting.SETTING_MATTRESS_WARNING_PLS_CHECK_MATTRESS	353370143
Setting.SETTING_MATTRESS_WARNING_PLS_LEAVE_SEAT_RETRY	353370141
Setting.SETTING_MATTRESS_WARNING_PLS_P_GEAR_RETRY	353370156
Setting.SETTING_MATTRESS_WARNING_PLS_STOP_RCS_RETRY	353370142
Setting.SETTING_MAXEV_MODE_WARNING_SIGNS	513807422
Setting.SETTING_MAX_ALLOW_WADING_DEPTH	681574467
Setting.SETTING_MAX_TORQUE_MODE_CONFIGURATION_FLAG	1219518510
Setting.SETTING_MEDIA_MIX_MUSIC_SOURCE_FM_CONFIG_STATUS	1083215900
Setting.SETTING_MEDIA_MIX_MUSIC_SOURCE_HIMALAYAN_CONFIG_STATUS	1083215896
Setting.SETTING_MEDIA_MIX_MUSIC_SOURCE_KUGOU_CONFIG_STATUS	1083215890
Setting.SETTING_MEDIA_MIX_MUSIC_SOURCE_KUWO_CONFIG_STATUS	1083215892
Setting.SETTING_MEDIA_MIX_MUSIC_SOURCE_NETEASE_CONFIG_STATUS	1083215894
Setting.SETTING_MEDIA_MIX_MUSIC_SOURCE_ONLINE_RADIO_CONFIG_STATUS	1083215898
Setting.SETTING_MEDIA_MIX_MUSIC_SOURCE_QQ_CONFIG_STATUS	1083215888
Setting.SETTING_MEDIA_STATE_DURING_BOOT_PROCESS_SET_GET	1276239908
Setting.SETTING_MEDITATION_MODE_OPEN_STATUS_FEEDBACK_SET	1083183161
Setting.SETTING_MIDDLE_LEFT_REST_MODE	836763692
Setting.SETTING_MIDDLE_LEFT_SEAT_WELCOME_FUNCTION_CONFIG	1075838992
Setting.SETTING_MIDDLE_LEFT_SEAT_WELCOME_FUNCTION_CONFIG_SET	1276248114
Setting.SETTING_MIDDLE_RIGHT_REST_MODE	836763694
Setting.SETTING_MIDDLE_RIGHT_SEAT_WELCOME_FUNCTION_CONFIG	1123024912
Setting.SETTING_MILLAGE_INFO_DISPLAY_SET	1276149784
Setting.SETTING_MOBILE_BLUETOOTH_INFO	-1728052623
Setting.SETTING_MOBILE_BLUETOOTH_INFO_SET	-1442839963
Setting.SETTING_MOTOR_ELECTRONIC_CONTROL_COOLANT_LIFE	953155672
Setting.SETTING_MOTOR_ELECTRONIC_CONTROL_COOLANT_LIFE_RESET_BUTTON_SET	850407445
Setting.SETTING_MOTOR_ELECTRONIC_CONTROL_COOLANT_LIFE_RESET_FEEDBACK	953155726
Setting.SETTING_MOTOR_ELECTRONIC_CONTROL_COOLANT_LIFE_SELF_LEARNING_STATUS	953155706
Setting.SETTING_MOTOR_ELECTRONIC_CONTROL_COOLANT_MAINTENANCE_REMINDER	953155716
Setting.SETTING_MOTOR_ELECTRONIC_CONTROL_COOLANT_NO_LONGER_REMIND_SET	850407455
Setting.SETTING_MOUNTAIN_MODE_CONFIGURATION_SIGN	1219518502
Setting.SETTING_MOVE_SPEED_GEAR_SET	1324630038
Setting.SETTING_MOVING_DIRECTION_SIGNAL_SET	1324630034
Setting.SETTING_MPC_IFC_NAVI_ST_SET	1285554251
Setting.SETTING_MPC_ZONE_CODE_SET	1285554253
Setting.SETTING_MUD_MODE_CONFIGURATION_SIGN	1219518500
Setting.SETTING_MUD_MODE_CONFIGURATION_SIGN_hal_only	1244686357
Setting.SETTING_MULTIMEDIA_INFO_FUSION_SWITCH_SET	1280311320
Setting.SETTING_MULTI_LEVEL_TAIL_CONTROL_SET	1276268566
Setting.SETTING_MULTI_LEVEL_TAIL_CURRENT_STATUS	1200619944
Setting.SETTING_MULTI_TAIL_VOICE_SWITCH_ORDER_SET	1276268569
Setting.SETTING_M_WHEEL_CONFIG	248512640
Setting.SETTING_M_WHEEL_EMERGENCY_BRAKE_SIGNAL	248512641
Setting.SETTING_M_WHEEL_EMERGENCY_BRAKE_SIGNAL_SET	1324630046
Setting.SETTING_M_WHEEL_FUNCTION_ALLOW_OPEN_FLAG	248512520
Setting.SETTING_M_WHEEL_FUNCTION_STATE	248512605
Setting.SETTING_M_WHEEL_FUNCTION_SWITCH_SET	1324630032
Setting.SETTING_M_WHEEL_IVI_SHOW_CAR_OPEN_SYNC_SET	1324630072
Setting.SETTING_M_WHEEL_LF_TORQUE_RATING	248512612
Setting.SETTING_M_WHEEL_LR_TORQUE_RATING	248512618
Setting.SETTING_M_WHEEL_OPEN_FAIL_PROMPT	248512636
Setting.SETTING_M_WHEEL_RF_TORQUE_RATING	248512615
Setting.SETTING_M_WHEEL_RR_TORQUE_RATING	248512621
Setting.SETTING_M_WHEEL_START_RESULT_MARK	248512632
Setting.SETTING_NARROW_AUTO_PASS_EXIT_BUTTON	1262485669
Setting.SETTING_NARROW_EXIT_BUTTON	1262485670
Setting.SETTING_NARROW_FLOAT_WINDOW_ENLARGE_BUTTON	1262485671
Setting.SETTING_NARROW_FUNCTION_VIDEO_DISTANCE_CONFIG	1324646439
Setting.SETTING_NARROW_LANE_AUTOMATIC_PASS_ACTIVATE_BUTTON_SET	1324572730
Setting.SETTING_NARROW_LANE_AUTOMATIC_PASS_QUIT_BUTTON_SIGNAL_SET	1324568597
Setting.SETTING_NARROW_LANE_AUTOMATIC_PASS_RESUME_BUTTON_SET	1324572731
Setting.SETTING_NARROW_LANE_AUTOMATIC_PASS_STATUS	788529208
Setting.SETTING_NARROW_LANE_BUTTON_STATUS_SET	1324568598
Setting.SETTING_NARROW_LANE_FUNCTION_STATUS	788529184
Setting.SETTING_NARROW_LANE_SELF_LEARNING_FLAG	1161822274
Setting.SETTING_NARROW_LANE_STATUS	788529202
Setting.SETTING_NARROW_MODE_REQUEST	1262485672
Setting.SETTING_NARROW_PASSAGE_PERMANENT_BUTTON_SET	1324646452
Setting.SETTING_NARROW_PASSAGE_SWITCH_STATUS	788529187
Setting.SETTING_NARROW_PASSAGE_SWITCH_STATUS_SET	1324560448
Setting.SETTING_NAVI_CORP_SET	1285554248
Setting.SETTING_NEGATIVE_ROLL_MODE_ACTIVE_EXIT_PROMPT	789594408
Setting.SETTING_NEGATIVE_ROLL_MODE_CONFIG_SIGNAL	463618089
Setting.SETTING_NEGATIVE_ROLL_MODE_STATUS_SIGNAL	463618091
Setting.SETTING_NEGATIVE_ROLL_MODE_SWITCH_SIGNAL_SET	1324564542
Setting.SETTING_NFC_UNLOCKING_LEFT_FRONT_DOOR_LINKAGE	957350040
Setting.SETTING_NFC_UNLOCKING_LEFT_FRONT_DOOR_LINKAGE_SET	1276198966
Setting.SETTING_NFC_UNLOCK_START_TIME_SET	415457296
Setting.SETTING_NON_INDUCTIVE_LOCK_SETTING_STATUS_SWITCH	1130364950
Setting.SETTING_NON_INDUCTIVE_UNLOCK_SETTING_STATUS_SWITCH	1130364948
Setting.SETTING_NON_INDUCTIVE_WELCOME_SETTING_STATUS_SWITCH	1130364952
Setting.SETTING_NON_OK_MANDATORY_EV_ENTER_FAIL_PAD_PROMPT	450889763
Setting.SETTING_NOR_MODE_CONFIGURATION_SIGN	1219518497
Setting.SETTING_NOR_MODE_CONFIGURATION_SIGN_hal_only	1244686353
Setting.SETTING_NOT_INDUCTIVE_SWITCH_SET	1084842012
Setting.SETTING_NO_BUMPS_MODE_ACTIVE_EXIT_PROMPT	789594411
Setting.SETTING_NO_BUMPS_MODE_CONFIG_SIGNAL	789594268
Setting.SETTING_NO_BUMPS_MODE_STATUS_SIGNAL	789594270
Setting.SETTING_NO_BUMPS_MODE_SWITCH_SIGNAL_SET	850485277
Setting.SETTING_OBSTACLE_DETECTION_SWITCH_CONFIG_FLAG	513811802
Setting.SETTING_OBSTACLE_DETECTION_TURN_OFF_PROMPT	513811805
Setting.SETTING_OFF_FRONT_CROSSING_DIS_SET	1285554184
Setting.SETTING_OFF_FRONT_TUNNEL_DIS_SET	1285554192
Setting.SETTING_ONEKEY_BEDDING_CONFIG	881860630
Setting.SETTING_ONEKEY_BEDDING_MODE_STATUS	353370139
Setting.SETTING_ONEKEY_BEDDING_MODE_STATUS_SET	850448414
Setting.SETTING_ONEKEY_ENTER_PIT_CONFIG	881864758
Setting.SETTING_ONE_CLICK_ACCESS_CONFIG	881860638
Setting.SETTING_ONE_CLICK_FLAT_COMMAND_SET	850513954
Setting.SETTING_ONE_CLICK_FLAT_COMMAND_SET_RCS_hal_only	589353020
Setting.SETTING_ONE_CLICK_FLAT_CONFIG	881856566
Setting.SETTING_OPEN_CLOSE_DOOR_SPEED	957349968
Setting.SETTING_OPEN_CLOSE_DOOR_SPEED_SET	1276198960
Setting.SETTING_OPTIMIZE_CHANGE_CONFIG	513811823
Setting.SETTING_OVERALL_VEHICLE_SPEED_DIRECTION	248512595
Setting.SETTING_OVERWEIGHT_ALARM_SIGNAL	1003487638
Setting.SETTING_PAD_CLEAR_VEHICLE_FAULT_WARNING	1244690474
Setting.SETTING_PAD_CLEAR_VEHICLE_FAULT_WARNING_4A3	-902793174
Setting.SETTING_PAD_CLEAR_VEHICLE_FAULT_WARNING_hal_only	898660411
Setting.SETTING_PAD_DOOR_CLOSED_WARNING	1244690473
Setting.SETTING_PAD_PARK_VEHICLE_STABLE_WARNING	1244690476
Setting.SETTING_PAD_REQUEST_TO_STANDBY_SET	1324564513
Setting.SETTING_PAD_SHIFT_TO_P_WARNING	1244690472
Setting.SETTING_PAD_SHIFT_TO_P_WARNING_4A3	-902793176
Setting.SETTING_PAD_SHIFT_TO_P_WARNING_hal_only	898660410
Setting.SETTING_PAD_SHOW_FL_WHEEL_SPEEED	248512551
Setting.SETTING_PAD_SHOW_FR_WHEEL_SPEEED	248512559
Setting.SETTING_PAD_SHOW_RL_WHEEL_SPEEED	248512567
Setting.SETTING_PAD_SHOW_RR_WHEEL_SPEEED	248512575
Setting.SETTING_PARKING_PROMPT_PROHIBIT_HEIGHT_ADJUSTMENT	871153
Setting.SETTING_PARK_VEHICLE_STEADY_MULTIMEDIA_PROMPT	513807574
Setting.SETTING_PASSENGER_BOSS_KEY_BACK_ADJUST_SET	750780438
Setting.SETTING_PASSENGER_BOSS_KEY_HORIZONTAL_ADJUST_SET	750780436
Setting.SETTING_PASSENGER_FLAT_POSITION_SET	1324679188
Setting.SETTING_PASSENGER_FOOT_REST_BOARD_CONFIG	1017118782
Setting.SETTING_PASSENGER_FOOT_REST_BOARD_SET	589353018
Setting.SETTING_PASSENGER_FOOT_REST_BOARD_SET_IVI_hal_only	850448422
Setting.SETTING_PASSENGER_HEADREST_HEIGHT_UNINITIALIZED	1017118769
Setting.SETTING_PASSENGER_INCAR_PROJECTION	824180784
Setting.SETTING_PASSENGER_PROJECTION_MODE_SWITCH_SET	87031816
Setting.SETTING_PASSENGER_RELAX_POSITION_SET	1324679186
Setting.SETTING_PASSENGER_SEAT_BACKREST_ADJUST_SET	850501688
Setting.SETTING_PASSENGER_SEAT_EXECUTION_RESULT_FEEDBACK	804261952
Setting.SETTING_PASSENGER_SEAT_HEATING_STATE_3CA	1017118787
Setting.SETTING_PASSENGER_SEAT_HORIZONTAL_ADJUST_SET	850501680
Setting.SETTING_PASSENGER_SEAT_LEG_REST_TELESCOPING_CONFIG	1017118780
Setting.SETTING_PASSENGER_SEAT_MEMORY1_BACKREST_POSITION_FEEDBACK	881872928
Setting.SETTING_PASSENGER_SEAT_MEMORY1_BACKREST_POSITION_FEEDBACK_2FF_hal_only	804286480
Setting.SETTING_PASSENGER_SEAT_MEMORY2_BACKREST_POSITION_FEEDBACK	881872936
Setting.SETTING_PASSENGER_SEAT_MEMORY2_BACKREST_POSITION_FEEDBACK_2FF_hal_only	804286488
Setting.SETTING_PASSENGER_SEAT_MEMORY_SUCESS_FEEDBACK_STATUS	881868840
Setting.SETTING_PASSENGER_SEAT_MEMORY_SUCESS_FEEDBACK_STATUS_hal_only	804278328
Setting.SETTING_PASSENGER_SEAT_POSITION_SIGNAL_SET	850501694
Setting.SETTING_PASSENGER_SEAT_REQUEST_COMMAND_SET	850440259
Setting.SETTING_PASSENGER_SEAT_REST_CONFIGURATION	792723898
Setting.SETTING_PASSENGER_SEAT_VENTILATING_STATE_3CA	1017118784
Setting.SETTING_PASSENGER_SEAT_WELCOME_FUNCTION_CONFIG	1017118736
Setting.SETTING_PASSENGER_SEAT_WELCOME_FUNCTION_CONFIG_SET	1276248112
Setting.SETTING_PASSENGER_STANDARD_POSITION_SET	1324679184
Setting.SETTING_PASSENGER_VOICE_LINKAGE_ATMOSPHERE_LAMP_SET	455082035
Setting.SETTING_PCT_REQUEST_ACTIVE_EMERGENCY_EXIT_FUNCTION_INDICATION_FLAG	513811616
Setting.SETTING_PET_MODE_CONFIG	558948370
Setting.SETTING_PITCHING_WARNING_ANGLE	754974813
Setting.SETTING_PITCH_ANGLE_CALCULATION	754975024
Setting.SETTING_PITCH_ANGLE_CALCULATION_GCY_hal_only	576718856
Setting.SETTING_PITCH_ANGLE_CALCULATION_hal_only	587202624
Setting.SETTING_PITCH_ANGLE_SIGNAL_VALID_FLAG	754975018
Setting.SETTING_PITCH_ANGLE_SIGNAL_VALID_FLAG_GCY_hal_only	576718872
Setting.SETTING_PITCH_ANGLE_SIGNAL_VALID_FLAG_hal_only	587202621
Setting.SETTING_POWERTRAIN_SYSTEM_FAULT_PAD_INDICATOR_FLAG	898664486
Setting.SETTING_POWERTRAIN_SYSTEM_FAULT_PAD_INDICATOR_FLAG_COMPATIBLE	-1248819162
Setting.SETTING_POWER_GENERATION_TRANSMISSION_OIL_LIFE	953155680
Setting.SETTING_POWER_GENERATION_TRANSMISSION_OIL_LIFE_RESET_BUTTON_SET	850407447
Setting.SETTING_POWER_GENERATION_TRANSMISSION_OIL_LIFE_RESET_FEEDBACK	953155728
Setting.SETTING_POWER_GENERATION_TRANSMISSION_OIL_LIFE_SELF_LEARNING_STATUS	953155708
Setting.SETTING_POWER_GENERATION_TRANSMISSION_OIL_MAINTENANCE_REMINDER	953155718
Setting.SETTING_POWER_GENERATION_TRANSMISSION_OIL_NO_LONGER_REMIND_SET	850407457
Setting.SETTING_POWER_NOT_SATISFIED_VOT_FLAG	754974940
Setting.SETTING_POWER_RESPONSE_ACTUAL_STATUS	795871286
Setting.SETTING_POWER_RESPONSE_ACTUAL_STATUS_hal_only	812660776
Setting.SETTING_PRESELECTED_DRIVING_MODE_SET	1276260400
Setting.SETTING_PRESS_ACCELERATOR_TO_SPEED_UP_PROMPT	513811809
Setting.SETTING_PREVIOUS_100KMH_ACCELERATION_TIME_RECORD	799014950
Setting.SETTING_PRE_SALE_MODE_CONFIG	879755272
Setting.SETTING_PRE_SALE_MODE_SET	782237748
Setting.SETTING_PRE_SALE_MODE_STATE	879755273
Setting.SETTING_PRIVATE_CHAT_MODE_SET	422674459
Setting.SETTING_PRIVATE_MODE_REQUEST	980418620
Setting.SETTING_PROJECTION_AUTO_FOCUS_SET	850419742
Setting.SETTING_PROJECTION_FAULT_REMIND	976224272
Setting.SETTING_PROJECTION_POSITION_ADJUST_ROTATE_GEAR	976224274
Setting.SETTING_PROJECTION_POSITION_ADJUST_ROTATE_GEAR_SET	850419734
Setting.SETTING_PROJECTION_SCREEN_CROP	976224278
Setting.SETTING_PROJECTION_SCREEN_CROP_SET	850419738
Setting.SETTING_PROJECTION_SCREEN_FLIPP	976224280
Setting.SETTING_PROJECTION_SCREEN_FLIPP_SET	850419740
Setting.SETTING_PROJECTION_SWITCH_SET	850419728
Setting.SETTING_PROJECTOR_LIGHT_MACHINE_SWITCH_SET	85983240
Setting.SETTING_PROMPT_WADING_DRIVING_MODE	754974760
Setting.SETTING_PROXY_MODE_CONFIG	861929496
Setting.SETTING_PSS_ACCELERATOR_EXIT_FLAG	513811487
Setting.SETTING_PSS_ACTIVATION_TIMEOUT_PROMPT_FLAG	513807871
Setting.SETTING_PSS_ACTIVE_NOT_SATISFIED_PROMPT	513807854
Setting.SETTING_PSS_ACTIVE_SATISFIED_FLAG	513807867
Setting.SETTING_PSS_ACTUAL_ROTATION_ANGLE	513811512
Setting.SETTING_PSS_AUTO_BRAKE_PROMPT_FLAG	513811490
Setting.SETTING_PSS_BATTERY_DISCHARGE_POWER_LOW_PROMPT	513807855
Setting.SETTING_PSS_BRAKE_EXIT_FLAG	513811488
Setting.SETTING_PSS_BRAKE_NOT_APPLIED_FLAG	513807869
Setting.SETTING_PSS_CAR_COMPLETE_STOP_FLAG	513807864
Setting.SETTING_PSS_CAR_SPEED_NOT_SATISFIED_INDICATION_FLAG	513811590
Setting.SETTING_PSS_CLOSE_DRIVER_ASSISTANCE_PROMPT	513807852
Setting.SETTING_PSS_CMAX_ANGLE_ONLINE	513807796
Setting.SETTING_PSS_CONFIG	513807780
Setting.SETTING_PSS_CONTROL_STATUS	513807856
Setting.SETTING_PSS_DISABLE_PROMPT	513807781
Setting.SETTING_PSS_DOOR_PROMPT_FLAG	513807860
Setting.SETTING_PSS_DRIVE_MODE_DISCONTENT_PROMPT	513811591
Setting.SETTING_PSS_DRIVING_MODE_NOT_SATISFIED_EXIT_FLAG	513811631
Setting.SETTING_PSS_FAILURE_EXIT_FLAG	513811485
Setting.SETTING_PSS_FRONT_HATCH_COVER_TIPS_FLAG	513807861
Setting.SETTING_PSS_GEAR_INTERVENT_EXIT_PROMPT	513811588
Setting.SETTING_PSS_HORIZONTAL_POWER_LIMIT_VALUE	513811651
Setting.SETTING_PSS_IMPROPER_OPERATION_EXIT_FLAG	513807870
Setting.SETTING_PSS_LATERAL_SPEED_LIMIT_VALUE	513811656
Setting.SETTING_PSS_LOW_BATTERY_EXIT_PROMPT_FLAG	513811493
Setting.SETTING_PSS_LOW_BATTERY_PROMPT	513807782
Setting.SETTING_PSS_LOW_TIRE_PRESSURE_PROMPT	513807850
Setting.SETTING_PSS_OK_PROMPT	513807849
Setting.SETTING_PSS_POWER_LIMITED_EXIT_PROMPT_FLAG	513811494
Setting.SETTING_PSS_PPS_OK_EXIT_PROMPT_FLAG	513811495
Setting.SETTING_PSS_PRESET_ROTATION_ANGEL	1324646424
Setting.SETTING_PSS_PRESET_ROTATION_DIRECTION	1324646422
Setting.SETTING_PSS_PRESET_ROTATION_PIVOT_WHEEL	1324646419
Setting.SETTING_PSS_RADAR_EXIT_FLAG	513811486
Setting.SETTING_PSS_RAMP_PROMPT_FLAG	513807863
Setting.SETTING_PSS_RELEASE_STEERING_WHEEL_SATISFIED_FLAG	513807868
Setting.SETTING_PSS_RESPOND_ROTATION_ANGLE	513811472
Setting.SETTING_PSS_RESPOND_ROTATION_DIRECTION	513807874
Setting.SETTING_PSS_RESPOND_ROTATION_PIVOT_WHEEL	513807872
Setting.SETTING_PSS_SAFETYBELT_PROMPT_FLAG	513807859
Setting.SETTING_PSS_SAFETY_CIRCLE_DISPLAY_RANGE_FLAG_POSITION	513811483
Setting.SETTING_PSS_STEERING_WHEEL_INTERVENTION_EXIT_FLAG	513811489
Setting.SETTING_PSS_STEERING_WHEEL_RIGHTING_PROMPT_FLAG	513807865
Setting.SETTING_PSS_SYSTEM_RESTRICTED_PROMPT	513811589
Setting.SETTING_PSS_THERMAL_MANAGEMENT_INSUFFICIENT_EXIT_PROMPT_FLAG	513811491
Setting.SETTING_PSS_THERMAL_MANAGE_LACK_POP_PROMPT	513807853
Setting.SETTING_PSS_TRAILER_ACTIVE_EXIT_PROMPT_FLAG	513811492
Setting.SETTING_PSS_TRAILER_HOOK_PROMPT	513807851
Setting.SETTING_PSS_TRUNK_TIPS_FLAG	513807862
Setting.SETTING_PSS_YAW_VELOCITY	513807876
Setting.SETTING_PTOJECTION_BRIGHTNESS_ADJUST	976224266
Setting.SETTING_PTOJECTION_BRIGHTNESS_ADJUST_SET	850419730
Setting.SETTING_QUICK_START_ACCELERATION_LIMIT_CONFIG	888143917
Setting.SETTING_QUICK_START_ACCELERATION_LIMIT_STATUS	888143913
Setting.SETTING_RACE_MODE_ACC_TIMER_CONFIG_FLAG	898664496
Setting.SETTING_RACE_MODE_ACC_TIMER_SWITCH_STATUS	898664498
Setting.SETTING_RACE_REGULAR_TIME_SCORE_SETTLEMENT_MARKER	898664502
Setting.SETTING_RACE_TIMER_PAD_REMINDER_FLAG	898664504
Setting.SETTING_RACING_ENTERING_OPEN_MAGNETIC_MODE_SET	850432030
Setting.SETTING_RACING_MODE_CONFIGURATION_FLAG	1244686386
Setting.SETTING_RACING_MODE_CONFIGURATION_SIGN	1219518507
Setting.SETTING_RACING_MODE_SWITCH_CONFIGURATION	705691675
Setting.SETTING_RACING_PRESET_MODE_SELECTION_SET	850432037
Setting.SETTING_RACING_SWITCH_STATUS	338690083
Setting.SETTING_RADAR_COVER_TIPS_FLAG	754975086
Setting.SETTING_RAIN_SNOW_INSIDE_EIGHT_CONFIG	1219534911
Setting.SETTING_RALLY_MODE_CONFIGURATION_SIGN	1219518508
Setting.SETTING_RAS_REQUEST_MOVIE_MODE	801144848
Setting.SETTING_RAS_REQUEST_THINKING_MODE	801144850
Setting.SETTING_RCS_PAD_CONFIG_SET	1082130445
Setting.SETTING_RCS_REAR_SEAT_ONE_KEY_SET_hal_only	589303868
Setting.SETTING_RCS_REQUEST_SYNC_IVI_CONNECT_INFO_SET	589344788
Setting.SETTING_RCS_STATUS_REQUEST_COMMAND_SET	850436152
Setting.SETTING_RCS_TO_LRSE_MOUSE_BUTTON_INFOR_SET	796925968
Setting.SETTING_RCS_TO_RRSE_MOUSE_BUTTON_INFOR_SET	801120272
Setting.SETTING_RCS_WIFI_ENCRYPT_MODE_WRITE_FEEDBACK_SET	589344789
Setting.SETTING_RCS_WIFI_PASSWORD_WRITE_FEEDBACK_SET	589344786
Setting.SETTING_RCS_WIFI_USERNAME_WRITE_FEEDBACK_SET	589344784
Setting.SETTING_REAR_AXLE_CENTER_VALID_SIGNAL_FLAG	513807866
Setting.SETTING_REAR_DIFFERENTIAL_LOCK_REQUEST_SET	1276260370
Setting.SETTING_REAR_DIFFERENTIAL_LOCK_STATE	512753699
Setting.SETTING_REAR_DIFFERENTIAL_LOCK_STATE_hal_only	1272971303
Setting.SETTING_REAR_DRIVE_TRANSMISSION_OIL_LIFE	953155664
Setting.SETTING_REAR_DRIVE_TRANSMISSION_OIL_LIFE_RESET_BUTTON_SET	850407443
Setting.SETTING_REAR_DRIVE_TRANSMISSION_OIL_LIFE_RESET_FEEDBACK	953155724
Setting.SETTING_REAR_DRIVE_TRANSMISSION_OIL_LIFE_SELF_LEARNING_STATUS	953155704
Setting.SETTING_REAR_DRIVE_TRANSMISSION_OIL_MAINTENANCE_REMINDER	953155714
Setting.SETTING_REAR_DRIVE_TRANSMISSION_OIL_NO_LONGER_REMIND_SET	850407453
Setting.SETTING_REAR_LEFT_SEAT_SYSTEM_WORKING_STATUS	1075838988
Setting.SETTING_REAR_LUGGAGE_COMPARTMENT_RETRIEVAL_SWITCH	629145688
Setting.SETTING_REAR_LUGGAGE_COMPARTMENT_RETRIEVAL_SWITCH_SET	1324617770
Setting.SETTING_REAR_LUGGAGE_COMPARTMENT_RETRIEVAL_SWITCH_hal_only	533725200
Setting.SETTING_REAR_PANEL_STATUS_REQUEST_COMMAND_SET	850436156
Setting.SETTING_REAR_RAIN_WIPER_SPEED	1196425264
Setting.SETTING_REAR_REFRIGERATOR_DOOR_BUTTON_TYPE_FLAG	591405084
Setting.SETTING_REAR_REFRIGERATOR_REFRIGERATION_RANGE_FLAG	591400992
Setting.SETTING_REAR_REFRIGERATOR_STERILIZATION_FLAG	591405082
Setting.SETTING_REAR_REFRIGERATOR_WORKING_MODE	591405088
Setting.SETTING_REAR_RIGHT_SEAT_SYSTEM_WORKING_STATUS	1123024908
Setting.SETTING_REAR_ROW_MODE_REQUEST_SET	422674464
Setting.SETTING_REAR_SEAT_ONE_KEY_DOWN_CONFIG	1214251072
Setting.SETTING_REAR_SEAT_ONE_KEY_DOWN_CONFIG_271_hal_only	655360038
Setting.SETTING_REAR_SEAT_ONE_KEY_DOWN_CONFIG_486_hal_only	-933232576
Setting.SETTING_REAR_SEAT_ONE_KEY_SET	1276186676
Setting.SETTING_REAR_VEHICLE_REFRIGERATOR_CONTROL_RESULT_FEEDBACK	987758638
Setting.SETTING_REAR_VEHICLE_REFRIGERATOR_DELAY_POWEROFF_TIME_SET	850550818
Setting.SETTING_REAR_VEHICLE_REFRIGERATOR_DELAY_POWEROFF_TIME_SET_RCS_hal_only	589381672
Setting.SETTING_REAR_VEHICLE_REFRIGERATOR_DELAY_POWER_OUTAGE	987758626
Setting.SETTING_REAR_VEHICLE_REFRIGERATOR_DELAY_PWOEROFF_SWITCH	987758624
Setting.SETTING_REAR_VEHICLE_REFRIGERATOR_DELAY_PWOEROFF_SWITCH_SET	850550816
Setting.SETTING_REAR_VEHICLE_REFRIGERATOR_DELAY_PWOEROFF_SWITCH_SET_RCS_hal_only	589381664
Setting.SETTING_REAR_VEHICLE_REFRIGERATOR_DOOR_STATUS	987758614
Setting.SETTING_REAR_VEHICLE_REFRIGERATOR_EXCLUSIVE_SAVE_FLAG	591400990
Setting.SETTING_REAR_VEHICLE_REFRIGERATOR_EXCLUSIVE_SAVE_SHORTCUT_KEY	987758656
Setting.SETTING_REAR_VEHICLE_REFRIGERATOR_EXCLUSIVE_SAVE_SHORTCUT_KEY_SET	850550826
Setting.SETTING_REAR_VEHICLE_REFRIGERATOR_EXCLUSIVE_SAVE_SHORTCUT_KEY_SET_RCS_hal_only	589381677
Setting.SETTING_REAR_VEHICLE_REFRIGERATOR_MOBINE_PUSH_REMIND	987758651
Setting.SETTING_REAR_VEHICLE_REFRIGERATOR_POPUP_REMIND	987758648
Setting.SETTING_REAR_VEHICLE_REFRIGERATOR_STERILIZATION_STATUS	987758605
Setting.SETTING_REAR_VEHICLE_REFRIGERATOR_TEMP_FEEDBACK	987758640
Setting.SETTING_REAR_VEHICLE_REFRIGERATOR_TEMP_REGULATION_COLD	987758608
Setting.SETTING_REAR_VEHICLE_REFRIGERATOR_TEMP_REGULATION_FRESH	987758621
Setting.SETTING_REAR_VEHICLE_REFRIGERATOR_TEMP_REGULATION_HEAT	987758616
Setting.SETTING_REAR_VEHICLE_REFRIGERATOR_TEMP_REGULATION_SET	850550808
Setting.SETTING_REAR_VEHICLE_REFRIGERATOR_TEMP_REGULATION_SET_RCS_hal_only	589381656
Setting.SETTING_REAR_VEHICLE_REFRIGERATOR_WORKING_STATUS	987758600
Setting.SETTING_REAR_VIEWING_MODE_CONFIG	792723900
Setting.SETTING_REAR_WHEEL_SUSPENSION_COMBINATION_HEIGHT_ADJUSTMENT_LEVEL	629145740
Setting.SETTING_REAR_WINDOW_SUNSHADE_CONFIG	1025507378
Setting.SETTING_REAR_WIND_SUN_CURTRAIN_CONFIG	1025507388
Setting.SETTING_REAR_WIND_SUN_CURTRAIN_CURRENT_ACTION_STATUS	1143996436
Setting.SETTING_REAR_WIND_SUN_CURTRAIN_INITIALIZATION_STATUS	1143996440
Setting.SETTING_REAR_WIND_SUN_CURTRAIN_MOTOR_THERMAL_PROTECTION	1143996439
Setting.SETTING_REAR_WIND_SUN_CURTRAIN_PERCENTAGE	1143996448
Setting.SETTING_REAR_WIND_SUN_CURTRAIN_POSITION	1143996444
Setting.SETTING_REAR_WING_SECONDARY_CONFIRMATION_POPUP_ENABLED	1200619911
Setting.SETTING_REAR_WIPER_CLEAN_VOICE_CTRL_SET	1276178503
Setting.SETTING_REAR_WIPER_VOICE_CONTROL_SET	1276178500
Setting.SETTING_RED_LIGHT_RUNNING_WARNING_SWITCH	878723106
Setting.SETTING_RED_LIGHT_RUNNING_WARNING_SWITCH_SET	1276235808
Setting.SETTING_REFRIGERATOR_KID_LOCK_FLAG	1029701642
Setting.SETTING_REFRIGERATOR_KID_LOCK_STATE	1029701656
Setting.SETTING_REFRIGERATOR_KID_LOCK_STATE_SET	850427942
Setting.SETTING_REFRIGERATOR_KID_LOCK_STATE_SET_RCS_hal_only	589332524
Setting.SETTING_REFRIGERATOR_POWEROFF_PROMPT	591401004
Setting.SETTING_REFRIGERATOR_POWEROFF_PROMPT_CONFIG_FLAG	591401002
Setting.SETTING_REGISTER_APPLE_KEY_SET	415457301
Setting.SETTING_REMAINING_LIFE_OF_BLADE_BATTERY_COOLANT	953155616
Setting.SETTING_REMAINING_LIFE_OF_BLADE_BATTERY_COOLANT_FUNC_FLAG	953155660
Setting.SETTING_REMAINING_LIFE_OF_BLADE_BATTERY_COOLANT_RESET_FEEDBACK	953155636
Setting.SETTING_REMAINING_LIFE_OF_BRAKE_FLUID	953155608
Setting.SETTING_REMAINING_LIFE_OF_BRAKE_FLUID_FUNC_FLAG	953155656
Setting.SETTING_REMAINING_LIFE_OF_BRAKE_FLUID_RESET_FEEDBACK	953155640
Setting.SETTING_REMAINING_LIFE_OF_ENGINE_OIL	953155592
Setting.SETTING_REMAINING_LIFE_OF_ENGINE_OIL_FUNC_FLAG	953155652
Setting.SETTING_REMAINING_LIFE_OF_ENGINE_OIL_RESET_FEEDBACK	953155632
Setting.SETTING_REMAINING_LIFE_OF_LONG_LIFE_COOLANT	953155624
Setting.SETTING_REMAINING_LIFE_OF_LONG_LIFE_COOLANT_FUNC_FLAG	953155658
Setting.SETTING_REMAINING_LIFE_OF_LONG_LIFE_COOLANT_RESET_FEEDBACK	953155638
Setting.SETTING_REMAINING_LIFE_OF_TRANSMISSION_OIL	953155600
Setting.SETTING_REMAINING_LIFE_OF_TRANSMISSION_OIL_FUNC_FLAG	953155654
Setting.SETTING_REMAINING_LIFE_OF_TRANSMISSION_OIL_RESET_FEEDBACK	953155634
Setting.SETTING_REMOTE_CONTROL_COMMAND	169869320
Setting.SETTING_REMOTE_UP_HIGH_VOLTAGE_FUNCTION_CONFIG	792723706
Setting.SETTING_REPORTS_DISUS_X_ENTRY_FAILURE_TO_PHONE_CLOUD_SET	1262485648
Setting.SETTING_REQUEST_AIR_COND_SELFCHECK_SET	784334874
Setting.SETTING_REQUEST_CLOSE_UNP_HNP_SET	784334894
Setting.SETTING_REQUEST_ENTER_FATIGUE_RELIEF_SET	784334875
Setting.SETTING_REQUEST_EXIT_FATIGUE_RELIEF_SET	784334898
Setting.SETTING_REQUEST_FOR_BIAS_SELECTION_MODE_SET	850399268
Setting.SETTING_REQUEST_OPEN_RCS_WIFI_SET	457179184
Setting.SETTING_REQUEST_SAS_CALIBRATION_SET	734003263
Setting.SETTING_REST_MODE_CONFIG	980418604
Setting.SETTING_RETEST_ALLOWED_FLAG	898664492
Setting.SETTING_RETEST_ALLOWED_FLAG_COMPATIBLE	-1248819156
Setting.SETTING_RETEST_STATUS_FLAG	1244686390
Setting.SETTING_REVERSE_OVERTAKING_WARNING_SWITCH	878723091
Setting.SETTING_REVERSE_OVERTAKING_WARNING_SWITCH_SET	1276235794
Setting.SETTING_RF_ELECTRIC_CONFIG	1017118764
Setting.SETTING_RF_HEADREST_CONFIG	1017118777
Setting.SETTING_RF_HEADREST_CONFIG_3CA_hal_only	-1130364871
Setting.SETTING_RF_HEADREST_CONFIG_hal_only	989610
Setting.SETTING_RF_HEADREST_HORIZONTAL_SIGNAL_SET	1276186640
Setting.SETTING_RF_LEG_REST_CONFIG	1017118776
Setting.SETTING_RF_LEG_REST_CONFIG_3CA_hal_only	-1130364872
Setting.SETTING_RF_LEG_REST_CONFIG_hal_only	259419
Setting.SETTING_RF_LEG_REST_UNINITIALIZED	1017118768
Setting.SETTING_RF_MEMORY_MEDIA_TIPS	1017118748
Setting.SETTING_RF_SEAT_BACKREST_UNINITIALIZED	1017118761
Setting.SETTING_RF_SEAT_BIDET_ADJUST_SET	850501667
Setting.SETTING_RF_SEAT_CUSHION_UNINITIALIZED	1017118763
Setting.SETTING_RF_SEAT_HEADREST_ADJUST_SET	850513940
Setting.SETTING_RF_SEAT_HEIGHT_ADJUST_SET	850501683
Setting.SETTING_RF_SEAT_HEIGHT_UNINITIALIZED	1017118762
Setting.SETTING_RF_SEAT_HORIZONTAL_UNINITIALIZED	1017118760
Setting.SETTING_RF_SEAT_LEG_REST_ADJUST_SET	850501691
Setting.SETTING_RIGHT_BACK_SEAT_MEMORY_SUCESS_FEEDBACK_STATUS	881868848
Setting.SETTING_RIGHT_BACK_SEAT_MEMORY_SUCESS_FEEDBACK_STATUS_hal_only	909131800
Setting.SETTING_RIGHT_ELECTRIC_PEDAL_ACTION	1284505779
Setting.SETTING_RIGHT_ELECTRIC_PEDAL_POSITION	1284505768
Setting.SETTING_RIGHT_FRONT_DOOR_OPEN_ANGLE	957349936
Setting.SETTING_RIGHT_FRONT_DOOR_OPEN_ANGLE_SET	1276198936
Setting.SETTING_RIGHT_FRONT_MOTOR_ENGERY_STATE	754975187
Setting.SETTING_RIGHT_FRONT_MOTOR_TORQUE_LEVEL	754975202
Setting.SETTING_RIGHT_FRONT_SUSPENSION_ACTUAL_HEIGHT	424673300
Setting.SETTING_RIGHT_FRONT_SUSPENSION_ACTUAL_HEIGHT_109	277872744
Setting.SETTING_RIGHT_FRONT_SUSPENSION_COMBINATION_HEIGHT_ADJUSTMENT_LEVEL	629145716
Setting.SETTING_RIGHT_FRONT_WHEEL_SKID_CONDITION	754975212
Setting.SETTING_RIGHT_FRONT_WHEEL_SKID_CONDITION_GCY_hal_only	576718899
Setting.SETTING_RIGHT_FRONT_WHEEL_SKID_CONDITION_hal_only	785383493
Setting.SETTING_RIGHT_FRONT_WHEEL_WADING_DEPTH	681574492
Setting.SETTING_RIGHT_OUT_MIRROR_SYSTEM_WORKING_STATUS	1103101976
Setting.SETTING_RIGHT_OUT_MIRROR_SYSTEM_WORKING_STATUS_hal_only	1131413549
Setting.SETTING_RIGHT_REAR_DOOR_CHILD_LOCK_STATUS	957350034
Setting.SETTING_RIGHT_REAR_DOOR_OPEN_ANGLE	957349952
Setting.SETTING_RIGHT_REAR_DOOR_OPEN_ANGLE_SET	1276198952
Setting.SETTING_RIGHT_REAR_DOOR_STATUS	957349989
Setting.SETTING_RIGHT_REAR_FLAT_POSITION_SET	1324679220
Setting.SETTING_RIGHT_REAR_FRONT_WHEEL_SKID_CONDITION	754975214
Setting.SETTING_RIGHT_REAR_FRONT_WHEEL_SKID_CONDITION_GCY_hal_only	576718903
Setting.SETTING_RIGHT_REAR_FRONT_WHEEL_SKID_CONDITION_hal_only	785383495
Setting.SETTING_RIGHT_REAR_HEADREST_STATUS	909123652
Setting.SETTING_RIGHT_REAR_MOTOR_ENGERY_STATE	754975191
Setting.SETTING_RIGHT_REAR_MOTOR_TORQUE_LEVEL	754975208
Setting.SETTING_RIGHT_REAR_RELAX_POSITION_SET	1324679218
Setting.SETTING_RIGHT_REAR_ROW_SAFETYBELT_STATUS	824180748
Setting.SETTING_RIGHT_REAR_SEAT_BACKREST_ADJUST_SET	850505784
Setting.SETTING_RIGHT_REAR_SEAT_BIDET_ADJUST_SET	850505763
Setting.SETTING_RIGHT_REAR_SEAT_HEADREST_ADJUST_SET	850513948
Setting.SETTING_RIGHT_REAR_SEAT_HEIGHT_ADJUST_SET	850505779
Setting.SETTING_RIGHT_REAR_SEAT_HORIZONTAL_ADJUST_SET	850505776
Setting.SETTING_RIGHT_REAR_SEAT_LEG_REST_ADJUST_SET	850505787
Setting.SETTING_RIGHT_REAR_SEAT_ONE_KEY_LINKAGE_FEEDBACK	909123650
Setting.SETTING_RIGHT_REAR_SEAT_SYSTEM_OPERATION_MODE	909119556
Setting.SETTING_RIGHT_REAR_SHADE_LINKED_ACTION_STATUS	471859246
Setting.SETTING_RIGHT_REAR_STANDARD_POSITION_SET	1324679216
Setting.SETTING_RIGHT_REAR_SUSPENSION_ACTUAL_HEIGHT	424673324
Setting.SETTING_RIGHT_REAR_SUSPENSION_ACTUAL_HEIGHT_109	277872776
Setting.SETTING_RIGHT_REAR_SUSPENSION_COMBINATION_HEIGHT_ADJUSTMENT_LEVEL	629145724
Setting.SETTING_RIGHT_REAR_WHEEL_WADING_DEPTH	304209
Setting.SETTING_RIGHT_REAR_WINDOW_LINKED_ACTION_STATUS	471859258
Setting.SETTING_RIGHT_SUSPENSION_COMBINATION_HEIGHT_ADJUSTMENT_LEVEL	629145732
Setting.SETTING_RL_WHEEL_SPEED_DIRECTION	248512549
Setting.SETTING_ROCK_MODE_CONFIGURATION_SIGN	1219518503
Setting.SETTING_RODE_TYPE_SET	1285554256
Setting.SETTING_ROLL_ANGLE_CALCULATION	754975032
Setting.SETTING_ROLL_ANGLE_CALCULATION_GCY_hal_only	576718864
Setting.SETTING_ROLL_ANGLE_CALCULATION_hal_only	587202592
Setting.SETTING_ROLL_ANGLE_SIGNAL_VALID_FLAG	754975019
Setting.SETTING_ROLL_ANGLE_SIGNAL_VALID_FLAG_GCY_hal_only	576718873
Setting.SETTING_ROLL_ANGLE_SIGNAL_VALID_FLAG_hal_only	587202622
Setting.SETTING_ROLL_WARNING_ANGLE	754974821
Setting.SETTING_ROTATING_AUXILIARY_BRAKE_STOP_LIMITED_PROMPT	513811807
Setting.SETTING_ROTATION_ANGULAR_VELOCITY	248512539
Setting.SETTING_ROTATION_ANGULAR_VELOCITY_GEAR_SET	1324630040
Setting.SETTING_ROTATION_MODE_SET	1324630042
Setting.SETTING_RRSE_REQUEST_REST_MODE	801140786
Setting.SETTING_RRSE_REQ_ENTER_QUIT_MEDITATION_MODE_SET	422674450
Setting.SETTING_RRSE_RESR_MODE_SWITCH_SET	1083183170
Setting.SETTING_RRSE_REST_TIME_LENGTH	801140788
Setting.SETTING_RR_BACKREST_CONFIG	1214251057
Setting.SETTING_RR_BACKREST_CONFIG_486	1214251057
Setting.SETTING_RR_BACKREST_CONFIG_486_hal_only	-933232591
Setting.SETTING_RR_BACKREST_CONFIG_hal_only	1123024929
Setting.SETTING_RR_BACK_MASSAGE_STATE	1321205796
Setting.SETTING_RR_BACK_MASSAGE_STATE_SET	589373508
Setting.SETTING_RR_BACK_MASSAGE_STATE_SET_IVI_hal_only	850534456
Setting.SETTING_RR_BACK_MASSAGE_STATE_SET_RSE_hal_only	412237880
Setting.SETTING_RR_BALANCE_CONFIG	1214251059
Setting.SETTING_RR_BALANCE_CONFIG_486	1214251059
Setting.SETTING_RR_BALANCE_CONFIG_486_hal_only	-933232589
Setting.SETTING_RR_BALANCE_CONFIG_hal_only	1123024928
Setting.SETTING_RR_BIDET_CONFIG	1123024931
Setting.SETTING_RR_FOOTREST_HEATING_LEVEL_STATE	1270874172
Setting.SETTING_RR_FOOTREST_HEATING_LEVEL_STATE_SET	589373496
Setting.SETTING_RR_FOOTREST_HEATING_LEVEL_STATE_SET_IVI_hal_only	850534444
Setting.SETTING_RR_FOOTREST_HEATING_LEVEL_STATE_SET_RSE_hal_only	412237868
Setting.SETTING_RR_FOOTREST_HEATING_MODE_STATE	1270874170
Setting.SETTING_RR_FOOTREST_HEATING_MODE_STATE_SET	589373494
Setting.SETTING_RR_FOOTREST_HEATING_MODE_STATE_SET_IVI_hal_only	850534442
Setting.SETTING_RR_FOOTREST_HEATING_MODE_STATE_SET_RSE_hal_only	412237866
Setting.SETTING_RR_FOOTREST_HEATING_STATE	1270874168
Setting.SETTING_RR_FOOTREST_HEATING_STATE_SET	589373492
Setting.SETTING_RR_FOOTREST_HEATING_STATE_SET_IVI_hal_only	850534440
Setting.SETTING_RR_FOOTREST_HEATING_STATE_SET_RSE_hal_only	412237864
Setting.SETTING_RR_HEADREST_HEIGHT_CONFIG	1123024934
Setting.SETTING_RR_HEADREST_HORIZONTAL_CONFIG	1123024933
Setting.SETTING_RR_HEIGHT_CONFIG	1123024932
Setting.SETTING_RR_LATERAL_ADJUST_SWITCH_CONFIG	1123024961
Setting.SETTING_RR_LATERAL_ADJUST_SWITCH_SET	850411590
Setting.SETTING_RR_LEG_REST_CONFIG	1214251069
Setting.SETTING_RR_LEG_REST_CONFIG_486	1214251069
Setting.SETTING_RR_LEG_REST_CONFIG_486_hal_only	-933232579
Setting.SETTING_RR_LEG_REST_CONFIG_hal_only	1123024930
Setting.SETTING_RR_MEMORY_MEDIA_TCONFIG	1214251071
Setting.SETTING_RR_MEMORY_MEDIA_TCONFIG_486_hal_only	-933232577
Setting.SETTING_RR_MEMORY_MEDIA_TIPS	1123024923
Setting.SETTING_RR_MEMORY_MEDIA_TIPS_hal_only	1214251064
Setting.SETTING_RR_NECK_HEATING_LEVEL_STATE	1270874180
Setting.SETTING_RR_NECK_HEATING_LEVEL_STATE_SET	589373488
Setting.SETTING_RR_NECK_HEATING_LEVEL_STATE_SET_IVI_hal_only	850534436
Setting.SETTING_RR_NECK_HEATING_LEVEL_STATE_SET_RSE_hal_only	412237860
Setting.SETTING_RR_NECK_HEATING_MODE_STATE	1270874178
Setting.SETTING_RR_NECK_HEATING_MODE_STATE_SET	589373486
Setting.SETTING_RR_NECK_HEATING_MODE_STATE_SET_IVI_hal_only	850534434
Setting.SETTING_RR_NECK_HEATING_MODE_STATE_SET_RSE_hal_only	412237858
Setting.SETTING_RR_NECK_HEATING_STATE	1270874176
Setting.SETTING_RR_NECK_HEATING_STATE_SET	589373484
Setting.SETTING_RR_NECK_HEATING_STATE_SET_IVI_hal_only	850534432
Setting.SETTING_RR_NECK_HEATING_STATE_SET_RSE_hal_only	412237856
Setting.SETTING_RR_NECK_MASSAGE_STATE	1321205794
Setting.SETTING_RR_NECK_MASSAGE_STATE_SET	589373506
Setting.SETTING_RR_NECK_MASSAGE_STATE_SET_IVI_hal_only	850534454
Setting.SETTING_RR_NECK_MASSAGE_STATE_SET_RSE_hal_only	412237878
Setting.SETTING_RR_ONE_CLICK_DOWN_2FC_SET	801116211
Setting.SETTING_RR_ONE_CLICK_DOWN_4EF_SET_hal_only	1324650514
Setting.SETTING_RR_ONE_CLICK_RELAX_STATUS	881856552
Setting.SETTING_RR_PYGAL_MASSAGE_STATE	1321205798
Setting.SETTING_RR_PYGAL_MASSAGE_STATE_SET	589373510
Setting.SETTING_RR_PYGAL_MASSAGE_STATE_SET_IVI_hal_only	850534458
Setting.SETTING_RR_PYGAL_MASSAGE_STATE_SET_RSE_hal_only	412237882
Setting.SETTING_RR_SEAT_FOOT_REST_ADJUST_CONFIG	1321205831
Setting.SETTING_RR_SEAT_FOOT_REST_ADJUST_SET	589373504
Setting.SETTING_RR_SEAT_FOOT_REST_ADJUST_SET_IVI_hal_only	850505766
Setting.SETTING_RR_SEAT_FOOT_REST_ADJUST_SET_RSE_hal_only	412192838
Setting.SETTING_RR_SEAT_HEADREST_HORIZONTAL_SET	589373500
Setting.SETTING_RR_SEAT_HEADREST_HORIZONTAL_SET_IVI_hal_only	850505750
Setting.SETTING_RR_SEAT_LEFT_RAIL_GROUND_LOCK_STATUS_FEEDBACK	881864772
Setting.SETTING_RR_SEAT_LEG_REST_TELESCOPING_CONFIG	1321205830
Setting.SETTING_RR_SEAT_LEG_REST_TELESCOPING_SET	589373502
Setting.SETTING_RR_SEAT_LEG_REST_TELESCOPING_SET_IVI_hal_only	850505758
Setting.SETTING_RR_SEAT_LEG_REST_TELESCOPING_SET_RSE_hal_only	412192834
Setting.SETTING_RR_SEAT_MASSAGE_REGION_CONFIG	1321205827
Setting.SETTING_RR_SEAT_MEMORY1_BACKREST_POSITION_FEEDBACK	881872960
Setting.SETTING_RR_SEAT_MEMORY1_BACKREST_POSITION_FEEDBACK_363_hal_only	909123632
Setting.SETTING_RR_SEAT_MEMORY2_BACKREST_POSITION_FEEDBACK	881868864
Setting.SETTING_RR_SEAT_MEMORY2_BACKREST_POSITION_FEEDBACK_363_hal_only	909123640
Setting.SETTING_RR_SEAT_ONE_KEY_DOWN_CONFIG	1123024951
Setting.SETTING_RR_SEAT_RIGHT_RAIL_GROUND_LOCK_STATUS_FEEDBACK	881864774
Setting.SETTING_RR_WHEEL_SPEED_DIRECTION	248512550
Setting.SETTING_RR_WINDOW_SUNSHADE_CURRENT_ACTION_STATUS	203232
Setting.SETTING_RR_WINDOW_SUNSHADE_INITIALIZATION_STATUS	899678522
Setting.SETTING_RR_WINDOW_SUNSHADE_MOTOR_THERMAL_PROTECTION	899678519
Setting.SETTING_RR_WINDOW_SUNSHADE_POSITION	899678526
Setting.SETTING_RR_WINDOW_SUNSHADE_POSITION_PERCENTAGE	899678528
Setting.SETTING_SAND_ABS_CONFIGURED	572523574
Setting.SETTING_SAND_ABS_ENABLE_SIGNAL_SET	1324564530
Setting.SETTING_SAND_ABS_ENABLE_STATUS	572523572
Setting.SETTING_SAND_ABS_PAD_TEXT_PROMPT_REQUEST	572523582
Setting.SETTING_SAND_MODE_CONFIGURATION_SIGN	1219518501
Setting.SETTING_SAND_MODE_CONFIGURATION_SIGN_hal_only	1244686356
Setting.SETTING_SAVE_CONFIG_FLAG	795871251
Setting.SETTING_SCENE_CHANNEL_KEY	1038094384
Setting.SETTING_SCENE_MODE	1086337044
Setting.SETTING_SCENE_MODE_BLUETOOTH_CONTROL_COMMAND	1048752144
Setting.SETTING_SCENE_MODE_DISABLE_REASON	463618069
Setting.SETTING_SEAT0_SEATBELT_RESPONSE_REQUEST_SET	850399252
Setting.SETTING_SEAT1_SEATBELT_RESPONSE_REQUEST_SET	850399254
Setting.SETTING_SEAT2_SEATBELT_RESPONSE_REQUEST_SET	850399256
Setting.SETTING_SEAT3_SEATBELT_RESPONSE_REQUEST_SET	850399258
Setting.SETTING_SEAT4_SEATBELT_RESPONSE_REQUEST_SET	850399260
Setting.SETTING_SEAT5_SEATBELT_RESPONSE_REQUEST_SET	850399262
Setting.SETTING_SEAT6_SEATBELT_RESPONSE_REQUEST_SET	850399264
Setting.SETTING_SEAT7_SEATBELT_RESPONSE_REQUEST_SET	850399266
Setting.SETTING_SEATBELT_UNFASTENED_PAD_INDICATOR_FLAG	898664478
Setting.SETTING_SEATBELT_UNFASTENED_PAD_INDICATOR_FLAG_COMPATIBLE	-1248819170
Setting.SETTING_SEAT_BELT_VIBRATION_REMINDER_SET	784334896
Setting.SETTING_SEAT_CONFIGURATION_2AA	715132974
Setting.SETTING_SEAT_DISTRIBUTION_FORM_1AA_hal_only	446701624
Setting.SETTING_SEAT_DISTRIBUTION_FORM_1EB_hal_only	514859064
Setting.SETTING_SEAT_DISTRIBUTION_FORM_2E4_hal_only	775974976
Setting.SETTING_SEAT_DISTRIBUTION_FORM_2EF_hal_only	804286528
Setting.SETTING_SEAT_DISTRIBUTION_FORM_35D_hal_only	902840368
Setting.SETTING_SEAT_DISTRIBUTION_FORM_363_hal_only	909131824
Setting.SETTING_SEAT_LAYOUT	824180804
Setting.SETTING_SEAT_MEMORY_POSITION_SET	750780464
Setting.SETTING_SEAT_MEMORY_POSITION_WAKEUP_SET	750780466
Setting.SETTING_SEAT_MEMORY_POSITION_WAKEUP_SET_hal_only	1324650520
Setting.SETTING_SEAT_REQUEST_COMMAND_SET	850436144
Setting.SETTING_SECONDARY_BRAKING_CONFIG_SIGN	513811832
Setting.SETTING_SECOND_REFRIGERATOR_LOCATION_FLAG	591405107
Setting.SETTING_SECOND_ROW_LEFT_REAR_VOICE_LINKAGE_ATMOSPHERE_LAMP_SET	455082038
Setting.SETTING_SECOND_ROW_LEFT_SEAT_BACKREST_DIRECTION_INITIALIZATION_STATUS	902828056
Setting.SETTING_SECOND_ROW_LEFT_SEAT_BACKREST_DIRECTION_INITIALIZATION_STATUS_452_hal_only	1159725290
Setting.SETTING_SECOND_ROW_LEFT_SEAT_BASIN_HEIGHT_DIRECTION_INITIALIZATION_STATUS	902828058
Setting.SETTING_SECOND_ROW_LEFT_SEAT_BASIN_HEIGHT_DIRECTION_INITIALIZATION_STATUS_452_hal_only	1159725292
Setting.SETTING_SECOND_ROW_LEFT_SEAT_EXECUTION_RESULT_FEEDBACK	902840336
Setting.SETTING_SECOND_ROW_LEFT_SEAT_FOOTREST_DIRECTION_INITIALIZATION_STATUS	902828063
Setting.SETTING_SECOND_ROW_LEFT_SEAT_HEADREST_HEIGHT_DIRECTION_INITIALIZATION_STATUS	902828060
Setting.SETTING_SECOND_ROW_LEFT_SEAT_HEADREST_HEIGHT_DIRECTION_INITIALIZATION_STATUS_452_hal_only	1159725294
Setting.SETTING_SECOND_ROW_LEFT_SEAT_HEADREST_HORIZONTAL_DIRECTION_INITIALIZATION_STATUS	902828061
Setting.SETTING_SECOND_ROW_LEFT_SEAT_HEADREST_HORIZONTAL_DIRECTION_INITIALIZATION_STATUS_452_hal_only	1159725295
Setting.SETTING_SECOND_ROW_LEFT_SEAT_HEIGHT_DIRECTION_INITIALIZATION_STATUS	902828057
Setting.SETTING_SECOND_ROW_LEFT_SEAT_HEIGHT_DIRECTION_INITIALIZATION_STATUS_452_hal_only	1159725291
Setting.SETTING_SECOND_ROW_LEFT_SEAT_HORIZONTAL_DIRECTION_INITIALIZATION_STATUS	902828055
Setting.SETTING_SECOND_ROW_LEFT_SEAT_HORIZONTAL_DIRECTION_INITIALIZATION_STATUS_452_hal_only	1159725289
Setting.SETTING_SECOND_ROW_LEFT_SEAT_LEG_SUPPORT_DIRECTION_INITIALIZATION_STATUS	902828059
Setting.SETTING_SECOND_ROW_LEFT_SEAT_LEG_SUPPORT_DIRECTION_INITIALIZATION_STATUS_452_hal_only	1159725293
Setting.SETTING_SECOND_ROW_LEFT_SEAT_LEG_SUPPORT_TELESCOPING_DIRECTION_INITIALIZATION_STATUS	902828062
Setting.SETTING_SECOND_ROW_LEFT_SEAT_ONE_KEY_DOWN_FAIL_REASON	1159725320
Setting.SETTING_SECOND_ROW_LEFT_SEAT_TRANSVERSE_DIRECTION_INITIALIZATION_STATUS	902828071
Setting.SETTING_SECOND_ROW_LOCK_REQUEST_COMMAND_SET	850436118
Setting.SETTING_SECOND_ROW_L_SEAT_SET	850444312
Setting.SETTING_SECOND_ROW_RIGHT_REAR_VOICE_LINKAGE_ATMOSPHERE_LAMP_SET	455082041
Setting.SETTING_SECOND_ROW_RIGHT_SEAT_BACKREST_DIRECTION_INITIALIZATION_STATUS	909119512
Setting.SETTING_SECOND_ROW_RIGHT_SEAT_BACKREST_DIRECTION_INITIALIZATION_STATUS_452_hal_only	1159725297
Setting.SETTING_SECOND_ROW_RIGHT_SEAT_BASIN_HEIGHT_DIRECTION_INITIALIZATION_STATUS	909119514
Setting.SETTING_SECOND_ROW_RIGHT_SEAT_BASIN_HEIGHT_DIRECTION_INITIALIZATION_STATUS_452_hal_only	1159725299
Setting.SETTING_SECOND_ROW_RIGHT_SEAT_EXECUTION_RESULT_FEEDBACK	909131792
Setting.SETTING_SECOND_ROW_RIGHT_SEAT_FOOTREST_DIRECTION_INITIALIZATION_STATUS	909119519
Setting.SETTING_SECOND_ROW_RIGHT_SEAT_HEADREST_HEIGHT_DIRECTION_INITIALIZATION_STATUS	909119516
Setting.SETTING_SECOND_ROW_RIGHT_SEAT_HEADREST_HEIGHT_DIRECTION_INITIALIZATION_STATUS_452_hal_only	1159725301
Setting.SETTING_SECOND_ROW_RIGHT_SEAT_HEADREST_HORIZONTAL_DIRECTION_INITIALIZATION_STATUS	909119517
Setting.SETTING_SECOND_ROW_RIGHT_SEAT_HEADREST_HORIZONTAL_DIRECTION_INITIALIZATION_STATUS_452_hal_only	1159725302
Setting.SETTING_SECOND_ROW_RIGHT_SEAT_HEIGHT_DIRECTION_INITIALIZATION_STATUS	909119513
Setting.SETTING_SECOND_ROW_RIGHT_SEAT_HEIGHT_DIRECTION_INITIALIZATION_STATUS_452_hal_only	1159725298
Setting.SETTING_SECOND_ROW_RIGHT_SEAT_HORIZONTAL_DIRECTION_INITIALIZATION_STATUS	909119511
Setting.SETTING_SECOND_ROW_RIGHT_SEAT_HORIZONTAL_DIRECTION_INITIALIZATION_STATUS_452_hal_only	1159725296
Setting.SETTING_SECOND_ROW_RIGHT_SEAT_LEG_SUPPORT_DIRECTION_INITIALIZATION_STATUS	909119515
Setting.SETTING_SECOND_ROW_RIGHT_SEAT_LEG_SUPPORT_DIRECTION_INITIALIZATION_STATUS_452_hal_only	1159725300
Setting.SETTING_SECOND_ROW_RIGHT_SEAT_LEG_SUPPORT_TELESCOPING_DIRECTION_INITIALIZATION_STATUS	909119518
Setting.SETTING_SECOND_ROW_RIGHT_SEAT_ONE_KEY_DOWN_FAIL_REASON	1159725324
Setting.SETTING_SECOND_ROW_RIGHT_SEAT_TRANSVERSE_DIRECTION_INITIALIZATION_STATUS	909119527
Setting.SETTING_SECOND_ROW_R_SEAT_SET	850444320
Setting.SETTING_SECOND_THIRD_ROW_SEAT_ONE_KEY_DOWN_CONFIG	655360070
Setting.SETTING_SECOND_THIRD_ROW_SEAT_ONE_KEY_SET	850411566
Setting.SETTING_SECRETOBD_DYNAMIC_DATA_CALLBACK	-1728052671
Setting.SETTING_SECRETOBD_SENT_MONITOR_TABLE_SET	-1442839999
Setting.SETTING_SENSOR_SIDE_SLIDING_DOOR_SET	1276166173
Setting.SETTING_SENTRY_REQUEST_VCU_TO_ENGAGE_ACC_RELAY_SET	1276317716
Setting.SETTING_SET_MULTIMEDIA_INFO_FUSION_SWITCH_SET	1276174398
Setting.SETTING_SGS_STATUS_PROMPT_INFO	929038360
Setting.SETTING_SHIFT_TO_P_GEAR_PAD_INDICATOR_FLAG	898664480
Setting.SETTING_SHOCK_ABSORBER_OIL_LIFE	953155688
Setting.SETTING_SHOCK_ABSORBER_OIL_LIFE_RESET_BUTTON_SET	850407449
Setting.SETTING_SHOCK_ABSORBER_OIL_LIFE_RESET_FEEDBACK	953155730
Setting.SETTING_SHOCK_ABSORBER_OIL_LIFE_SELF_LEARNING_STATUS	953155710
Setting.SETTING_SHOCK_ABSORBER_OIL_MAINTENANCE_REMINDER	953155720
Setting.SETTING_SHOCK_ABSORBER_OIL_NO_LONGER_REMIND_SET	850407459
Setting.SETTING_SIDE_IMPACT_BUTTON_SETTING_STATUS_SIGNAL	463601698
Setting.SETTING_SIDE_IMPACT_PROTECTION_TECHNOLOGY_SWITCH_SET	850485273
Setting.SETTING_SIDE_IMPACT_SAFETY_FUNCTION_CONFIG_SIGNAL	463601681
Setting.SETTING_SIDE_WINDOW_SUNSHADE_CONFIGURATION	1025507380
Setting.SETTING_SIGNAL_5D_CINEMA_FUNCTION_STATUS	789594214
Setting.SETTING_SIGNAL_5D_MOVIE_TRACK_SET	850485289
Setting.SETTING_SIGNAL_MOVIE_SKIP_SECOND_SET	850485294
Setting.SETTING_SKYLIGHT_OPERATING_PROMPT_STATUS	754974976
Setting.SETTING_SMART_UNLOCKING_DOOR_LINKAGE	957349970
Setting.SETTING_SMART_UNLOCKING_DOOR_LINKAGE_SET	1276198972
Setting.SETTING_SMART_UNLOCKING_LEFT_FRONT_DOOR_LINKAGE	944380
Setting.SETTING_SMART_UNLOCKING_LEFT_FRONT_DOOR_LINKAGE_SET	61101
Setting.SETTING_SNOW_CHAIN_FUNCTION_SETTING_ITEM	603979795
Setting.SETTING_SNOW_CHAIN_FUNCTION_SETTING_ITEM_SET	1276260418
Setting.SETTING_SNOW_MODE_CONFIGURATION_SIGN	1219518499
Setting.SETTING_SNOW_MODE_CONFIGURATION_SIGN_hal_only	1244686355
Setting.SETTING_SOC_MANAGEMENT_CONFIG_STATUS	1155530790
Setting.SETTING_SOUND_M_WHEEL_FUNCTION_SWITCH_SIGNAL_SET	1324630058
Setting.SETTING_SPECIAL_DRIVING_MODE	1272971312
Setting.SETTING_SPEED_LIMIT_CHANGE_CONFIG	1161822229
Setting.SETTING_SPEED_LIMIT_CHANGE_SWITCH	725614643
Setting.SETTING_SPEED_LIMIT_CHANGE_SWITCH_SET	1324572734
Setting.SETTING_SPEED_LIMIT_FAIL_PROMPT_FLAG	812656662
Setting.SETTING_SPEED_LIMIT_SET	1285554240
Setting.SETTING_SPEED_OVERRUN_EXIT_PROMPT	754974957
Setting.SETTING_SPEED_SIGNAL	353370120
Setting.SETTING_SPEED_SIGNAL_0A0	167772168
Setting.SETTING_SPOILER_NEXT_RESPONSE_SWITCH_ACTION	1200619776
Setting.SETTING_SPO_MODE_CONFIGURATION_SIGN	1219518498
Setting.SETTING_SPO_MODE_CONFIGURATION_SIGN_hal_only	1244686354
Setting.SETTING_STANDING_JUMP_FUNCTION_CONFIG	463601680
Setting.SETTING_STANDING_JUMP_FUNCTION_DISABLE	463601697
Setting.SETTING_STANDING_JUMP_FUNCTION_STATUS	463601718
Setting.SETTING_STANDING_JUMP_FUNCTION_STATUS_SET	850526238
Setting.SETTING_START_CHECK_APPLE_KEY_SET	415457299
Setting.SETTING_STEERING_WHEEL_REQUEST_COMMAND_SET	850440252
Setting.SETTING_STEERING_WHEEL_SHOCK_ALARM	784334869
Setting.SETTING_STOPWATCH_TIME	762314800
Setting.SETTING_STRAIGHT_ACC_CONFIG	1244686374
Setting.SETTING_STRAIGHT_LINE_ACCELERATION_MODE_CONFIGURATION_FLAG	898664474
Setting.SETTING_STRAIGHT_LINE_ACCELERATION_MODE_CONFIGURATION_FLAG_COMPATIBLE	-1248819174
Setting.SETTING_STRAIGHT_RACING_INSUFFICIENT_BATTERY_PAD_INDICATOR_FLAG	898664476
Setting.SETTING_STUCK_ASSIST_CONFIG	1272971308
Setting.SETTING_STUCK_ASSIST_CONFIG_hal_only	898660409
Setting.SETTING_STUCK_ASSIST_DRIVE_MODE_NOT_SATISFY_MEDIA_PROMPT	898660412
Setting.SETTING_STUCK_ASSIST_DRIVE_MODE_NOT_SATISFY_MEDIA_PROMPT_hal_only	1244702738
Setting.SETTING_STUCK_ASSIST_GRAY_SIGN	1244702736
Setting.SETTING_STUCK_ASSIST_GRAY_SIGN_hal_only	450889784
Setting.SETTING_STUCK_ASSIST_SWITCH_SET	507514912
Setting.SETTING_STUCK_ASSIST_SWITCH_STATUS	450889778
Setting.SETTING_SUGGEST_HIGH_SPEED_PROMPT	513811808
Setting.SETTING_SUNROOF_BLIND_REQUEST_COMMAND_SET	850436113
Setting.SETTING_SUPER_HIGH_SELF_LEARNING	629145886
Setting.SETTING_SUPER_HIGH_SUPER_LOW_FUNCTION_MUTUALLY_EXCLUSIVE	629145893
Setting.SETTING_SUPER_ITAC	656408616
Setting.SETTING_SUPER_ITAC_CONFIG_BIT	1244686378
Setting.SETTING_SUPER_ITAC_EXIT_FLAG	656408622
Setting.SETTING_SUPER_ITAC_EXIT_TIP	677380105
Setting.SETTING_SUPER_ITAC_MODEL	656408618
Setting.SETTING_SUPER_ITAC_MODEL_SET	1324376104
Setting.SETTING_SUPER_ITAC_SECOND_CONFIG	656408627
Setting.SETTING_SUPER_ITAC_SECOND_EXIT_FLAG	656408623
Setting.SETTING_SUPER_ITAC_SECOND_MODE_STATUS_FEEDBACK	656408632
Setting.SETTING_SUPER_ITAC_SECOND_MODE_STATUS_FEEDBACK_SET	1276268562
Setting.SETTING_SUPER_ITAC_SET	1324376102
Setting.SETTING_SUPER_ITAC_STATUS	656408617
Setting.SETTING_SUPER_LOW_SELF_LEARNING	629145663
Setting.SETTING_SUSPENSION_ADJUSTMENT_PROMPT	629145760
Setting.SETTING_SUSPENSION_ADJUSTMENT_PROMPT_hal_only	443547667
Setting.SETTING_SUSPENSION_ADJUSTMENT_SWITCH_INFO	1250951226
Setting.SETTING_SUSPENSION_CUSTOM_COMPOSITION_HEIGHT_ADJUSTMENT_ENABLE_SIGNAL	629145752
Setting.SETTING_SUSPENSION_CUSTOM_SINGLE_WHEEL_HEIGHT_ADJUSTMENT_ENABLE_SIGNAL	629145754
Setting.SETTING_SUSPENSION_HEIGHT_ADJUSTMENT_FAULT	443547658
Setting.SETTING_SUSPENSION_HEIGHT_ADJUSTMENT_PROCESS	629145644
Setting.SETTING_SUSPENSION_HEIGHT_ADJUSTMENT_PROCESS_hal_only	443547660
Setting.SETTING_SUSPENSION_HEIGHT_MODE_SWITCH	629145680
Setting.SETTING_SUSPENSION_HEIGHT_MODE_SWITCH_CONFIG	629145679
Setting.SETTING_SUSPENSION_HEIGHT_MODE_SWITCH_CONFIG_hal_only	533725234
Setting.SETTING_SUSPENSION_HEIGHT_MODE_SWITCH_hal_only	533725192
Setting.SETTING_SUSPENSION_REPAIR_FUNCTION	629145694
Setting.SETTING_SUSPENSION_REPAIR_FUNCTION_HEIGHT_INHIBITION	629145696
Setting.SETTING_SUSPENSION_REPAIR_FUNCTION_HEIGHT_INHIBITION_hal_only	533725208
Setting.SETTING_SUSPENSION_REPAIR_FUNCTION_SET	1324617762
Setting.SETTING_SUSPENSION_REPAIR_FUNCTION_hal_only	533725206
Setting.SETTING_SUSPENSION_SINGLE_SIDE_REGULATION	629145751
Setting.SETTING_SUSPENSION_SINGLE_WHEEL_REGULATION	629145750
Setting.SETTING_SUSPENSION_STATUS_INDICATION_CONFIG_WORD	513811664
Setting.SETTING_SUSPENSION_SYSTEM_FAULT_INDICATOR_FLAG	812660754
Setting.SETTING_SUSPENSION_SYSTEM_FAULT_PAD_INDICATOR_FLAG	898664488
Setting.SETTING_SUSPENSION_SYSTEM_FAULT_PAD_INDICATOR_FLAG_COMPATIBLE	-1248819160
Setting.SETTING_SUSPENSION_TYPE	-1869610728
Setting.SETTING_SUSPENSION_TYPE_DIFF_TO_R2	277872920
Setting.SETTING_SUSPENSION_TYPE_DIFF_TO_UXE	443547687
Setting.SETTING_SWITCH_ADAPTIVE_MIRROR_LINKED_SEAT_SET	1276166177
Setting.SETTING_SWITCH_PGEAR_INFO_SIGN	656408621
Setting.SETTING_SYNCHRONIZATION_LOCK_ACTION_STATUS_WARNING	754975172
Setting.SETTING_TAB_LEOPARD_FORBID_FOUR_L_EXIT_PROMPT	513807778
Setting.SETTING_TARGET_DRIVING_MODE	255852712
Setting.SETTING_TARGET_DRIVING_MODE_VALID_SIGN	255852720
Setting.SETTING_TARGET_DRIVING_MODE_hal_only	1272971280
Setting.SETTING_TARGET_DYNAMIC_MODE_SET	1083183172
Setting.SETTING_TARGET_STATE_01	926945328
Setting.SETTING_TARGET_STATE_01_36F	921702448
Setting.SETTING_TARGET_STATE_02	926949424
Setting.SETTING_TARGET_STATE_02_36F	921706544
Setting.SETTING_TARGET_STATE_03	926953520
Setting.SETTING_TARGET_STATE_03_36F	921710640
Setting.SETTING_TARGET_STATE_1_01	926945331
Setting.SETTING_TARGET_STATE_1_01_36F	921702451
Setting.SETTING_TARGET_STATE_1_02	926949427
Setting.SETTING_TARGET_STATE_1_02_36F	921706547
Setting.SETTING_TARGET_STATE_1_03	926953523
Setting.SETTING_TARGET_STATE_1_03_36F	921710643
Setting.SETTING_TARGET_SUSPENSION_HEIGHT_MODE	443547674
Setting.SETTING_TARGET_SUSPENSION_HEIGHT_MODE_258	629145660
Setting.SETTING_TARGET_TYPE_01	926945332
Setting.SETTING_TARGET_TYPE_01_36F	921702452
Setting.SETTING_TARGET_TYPE_02	926949428
Setting.SETTING_TARGET_TYPE_02_36F	921706548
Setting.SETTING_TARGET_TYPE_03	926953524
Setting.SETTING_TARGET_TYPE_03_36F	921710644
Setting.SETTING_TARGET_X_AXIS_01	926945296
Setting.SETTING_TARGET_X_AXIS_01_36F	921702416
Setting.SETTING_TARGET_X_AXIS_02	926949392
Setting.SETTING_TARGET_X_AXIS_02_36F	921706512
Setting.SETTING_TARGET_X_AXIS_03	926953488
Setting.SETTING_TARGET_X_AXIS_03_36F	921710608
Setting.SETTING_TARGET_X_RELATIVE_VELOCITY_01	926945320
Setting.SETTING_TARGET_X_RELATIVE_VELOCITY_01_36F	921702440
Setting.SETTING_TARGET_X_RELATIVE_VELOCITY_02	926949416
Setting.SETTING_TARGET_X_RELATIVE_VELOCITY_02_36F	921706536
Setting.SETTING_TARGET_X_RELATIVE_VELOCITY_03	926953512
Setting.SETTING_TARGET_X_RELATIVE_VELOCITY_03_36F	921710632
Setting.SETTING_TARGET_Y_AXIS_01	926945304
Setting.SETTING_TARGET_Y_AXIS_01_36F	921702424
Setting.SETTING_TARGET_Y_AXIS_02	926949400
Setting.SETTING_TARGET_Y_AXIS_02_36F	921706520
Setting.SETTING_TARGET_Y_AXIS_03	926953496
Setting.SETTING_TARGET_Y_AXIS_03_36F	921710616
Setting.SETTING_TARGET_Y_RELATIVE_VELOCITY_01	926945312
Setting.SETTING_TARGET_Y_RELATIVE_VELOCITY_01_36F	921702432
Setting.SETTING_TARGET_Y_RELATIVE_VELOCITY_02	926949408
Setting.SETTING_TARGET_Y_RELATIVE_VELOCITY_02_36F	921706528
Setting.SETTING_TARGET_Y_RELATIVE_VELOCITY_03	926953504
Setting.SETTING_TARGET_Y_RELATIVE_VELOCITY_03_36F	921710624
Setting.SETTING_TEMP_TRANSITIONS_DRIVING_MODE	754975136
Setting.SETTING_TEMP_TRANSITIONS_DRIVING_MODE_hal_only	1304428552
Setting.SETTING_TEST_DRIVE_MODE_CONFIG_FLAG	812656658
Setting.SETTING_TEST_DRIVE_MODE_SWITCH_SET	507518992
Setting.SETTING_TEST_DRIVE_MODE_SWITCH_SET_STATUS	812656660
Setting.SETTING_TEST_DRIVE_MODE_TARGET_SPEED_LIMIT_MAX_SPEED_SET	507518994
Setting.SETTING_TEST_DRIVE_MODE_TARGET_SPEED_LIMIT_MAX_SPEED_SET_STATUS	812656664
Setting.SETTING_TEST_DRIVE_MODE_UNIT_SETTING_STATUS	812656668
Setting.SETTING_THEME_COLOR_FEEDBACK	1162870825
Setting.SETTING_THEME_COLOR_SWITCH_STATE	1162870823
Setting.SETTING_THEME_LINKED_AMBIENCE_LIGHT_COLOR_SET	1078984765
Setting.SETTING_THE_REFRIGERATOR_DOOR_AND_THE_SEAT_INTERFERENCE_MARKER_POSITION	1029701695
Setting.SETTING_THE_SECOND_ROW_RIGHT_SIDE_SEAT_EXECUTION_RESULTS_FEEDBACK	881856568
Setting.SETTING_THIRD_REFRIGERATOR_LOCATION_FLAG	56640
Setting.SETTING_THIRD_ROW_LEFT_BACKREST_DIRECTION_STATUS	446701585
Setting.SETTING_THIRD_ROW_LEFT_BACKREST_DIRECTION_STATUS_452_hal_only	1159725276
Setting.SETTING_THIRD_ROW_LEFT_CHAIR	824180766
Setting.SETTING_THIRD_ROW_LEFT_HEADREST_UNLOCK_CONFIG	1159725272
Setting.SETTING_THIRD_ROW_LEFT_ONE_TOUCH_FOLD_MODE_SET	1324679222
Setting.SETTING_THIRD_ROW_LEFT_REAR_SEAT_ONE_KEY_DOWN_CONFIG	655360030
Setting.SETTING_THIRD_ROW_LEFT_REAR_VOICE_LINKAGE_ATMOSPHERE_LAMP_SET	455082044
Setting.SETTING_THIRD_ROW_LEFT_SAFETYBELT_STATUS	824180752
Setting.SETTING_THIRD_ROW_LEFT_SEAT_BACKREST_ADJUST_SET	1276158002
Setting.SETTING_THIRD_ROW_LEFT_SEAT_BALANCE_ADJUST_SET	850497592
Setting.SETTING_THIRD_ROW_LEFT_SEAT_BASIN_HEIGHT_DIRECTION_INITIALIZATION_STATUS	446701587
Setting.SETTING_THIRD_ROW_LEFT_SEAT_BASIN_HEIGHT_DIRECTION_INITIALIZATION_STATUS_452_hal_only	1159725278
Setting.SETTING_THIRD_ROW_LEFT_SEAT_BIDET_ADJUST_SET	1324650552
Setting.SETTING_THIRD_ROW_LEFT_SEAT_EXECUTION_RESULT_FEEDBACK	446701632
Setting.SETTING_THIRD_ROW_LEFT_SEAT_HEADREST_HEIGHT_DIRECTION_INITIALIZATION_STATUS	446701589
Setting.SETTING_THIRD_ROW_LEFT_SEAT_HEADREST_HEIGHT_DIRECTION_INITIALIZATION_STATUS_452_hal_only	1159725280
Setting.SETTING_THIRD_ROW_LEFT_SEAT_HEADREST_HORIZONTAL_DIRECTION_INITIALIZATION_STATUS	446701590
Setting.SETTING_THIRD_ROW_LEFT_SEAT_HEADREST_HORIZONTAL_DIRECTION_INITIALIZATION_STATUS_452_hal_only	1159725281
Setting.SETTING_THIRD_ROW_LEFT_SEAT_HEIGHT_DIRECTION_INITIALIZATION_STATUS	446701586
Setting.SETTING_THIRD_ROW_LEFT_SEAT_HEIGHT_DIRECTION_INITIALIZATION_STATUS_452_hal_only	1159725277
Setting.SETTING_THIRD_ROW_LEFT_SEAT_HORIZONTAL_DIRECTION_INITIALIZATION_STATUS	446701584
Setting.SETTING_THIRD_ROW_LEFT_SEAT_HORIZONTAL_DIRECTION_INITIALIZATION_STATUS_452_hal_only	1159725275
Setting.SETTING_THIRD_ROW_LEFT_SEAT_LEG_SUPPORT_DIRECTION_INITIALIZATION_STATUS	446701588
Setting.SETTING_THIRD_ROW_LEFT_SEAT_LEG_SUPPORT_DIRECTION_INITIALIZATION_STATUS_452_hal_only	1159725279
Setting.SETTING_THIRD_ROW_LEFT_SEAT_SYSTEM_OPERATION_MODE	446701596
Setting.SETTING_THIRD_ROW_LEFT_STANDARD_POSITION_SET	1324679224
Setting.SETTING_THIRD_ROW_MIDDLE_CHAIR	824180768
Setting.SETTING_THIRD_ROW_MID_HEADREST_UNLOCK_CONFIG	1159725273
Setting.SETTING_THIRD_ROW_RIGHT_BACKREST_DIRECTION_STATUS	514859025
Setting.SETTING_THIRD_ROW_RIGHT_BACKREST_DIRECTION_STATUS_452_hal_only	1159725283
Setting.SETTING_THIRD_ROW_RIGHT_CHAIR	824180770
Setting.SETTING_THIRD_ROW_RIGHT_HEADREST_UNLOCK_CONFIG	1159725274
Setting.SETTING_THIRD_ROW_RIGHT_ONE_TOUCH_FOLD_MODE_SET	1324679230
Setting.SETTING_THIRD_ROW_RIGHT_REAR_SEAT_ONE_KEY_DOWN_CONFIG	655360031
Setting.SETTING_THIRD_ROW_RIGHT_REAR_VOICE_LINKAGE_ATMOSPHERE_LAMP_SET	455082047
Setting.SETTING_THIRD_ROW_RIGHT_SAFETYBELT_STATUS	824180756
Setting.SETTING_THIRD_ROW_RIGHT_SEAT_BACKREST_ADJUST_SET	1276158005
Setting.SETTING_THIRD_ROW_RIGHT_SEAT_BALANCE_ADJUST_SET	850497595
Setting.SETTING_THIRD_ROW_RIGHT_SEAT_BASIN_HEIGHT_DIRECTION_INITIALIZATION_STATUS	514859027
Setting.SETTING_THIRD_ROW_RIGHT_SEAT_BASIN_HEIGHT_DIRECTION_INITIALIZATION_STATUS_452_hal_only	1159725285
Setting.SETTING_THIRD_ROW_RIGHT_SEAT_BIDET_ADJUST_SET	1324650555
Setting.SETTING_THIRD_ROW_RIGHT_SEAT_EXECUTION_RESULT_FEEDBACK	514859072
Setting.SETTING_THIRD_ROW_RIGHT_SEAT_HEADREST_HEIGHT_DIRECTION_INITIALIZATION_STATUS	514859029
Setting.SETTING_THIRD_ROW_RIGHT_SEAT_HEADREST_HEIGHT_DIRECTION_INITIALIZATION_STATUS_452_hal_only	1159725287
Setting.SETTING_THIRD_ROW_RIGHT_SEAT_HEADREST_HORIZONTAL_DIRECTION_INITIALIZATION_STATUS	514859030
Setting.SETTING_THIRD_ROW_RIGHT_SEAT_HEADREST_HORIZONTAL_DIRECTION_INITIALIZATION_STATUS_452_hal_only	1159725288
Setting.SETTING_THIRD_ROW_RIGHT_SEAT_HEIGHT_DIRECTION_INITIALIZATION_STATUS	514859026
Setting.SETTING_THIRD_ROW_RIGHT_SEAT_HEIGHT_DIRECTION_INITIALIZATION_STATUS_452_hal_only	1159725284
Setting.SETTING_THIRD_ROW_RIGHT_SEAT_HORIZONTAL_DIRECTION_INITIALIZATION_STATUS	514859024
Setting.SETTING_THIRD_ROW_RIGHT_SEAT_HORIZONTAL_DIRECTION_INITIALIZATION_STATUS_452_hal_only	1159725282
Setting.SETTING_THIRD_ROW_RIGHT_SEAT_LEG_SUPPORT_DIRECTION_INITIALIZATION_STATUS	514859028
Setting.SETTING_THIRD_ROW_RIGHT_SEAT_LEG_SUPPORT_DIRECTION_INITIALIZATION_STATUS_452_hal_only	1159725286
Setting.SETTING_THIRD_ROW_RIGHT_SEAT_SYSTEM_OPERATION_MODE	514859036
Setting.SETTING_THIRD_ROW_RIGHT_STANDARD_POSITION_SET	1324679232
Setting.SETTING_THIRD_ROW_SEAT_LEFT_BACKREST_CONFIG	655360057
Setting.SETTING_THIRD_ROW_SEAT_LEFT_BACKREST_CONFIG_1AA_hal_only	446701601
Setting.SETTING_THIRD_ROW_SEAT_LEFT_BACKREST_POSITION	1159725144
Setting.SETTING_THIRD_ROW_SEAT_LEFT_BACKREST_POSITION_hal_only	446697496
Setting.SETTING_THIRD_ROW_SEAT_LEFT_BACKREST_SIGNAL_SET	850411540
Setting.SETTING_THIRD_ROW_SEAT_LEFT_BALANCE_CONFIG	655360056
Setting.SETTING_THIRD_ROW_SEAT_LEFT_BALANCE_CONFIG_1AA_hal_only	446701600
Setting.SETTING_THIRD_ROW_SEAT_LEFT_BALANCE_POSITION	1159725136
Setting.SETTING_THIRD_ROW_SEAT_LEFT_BALANCE_POSITION_hal_only	446697488
Setting.SETTING_THIRD_ROW_SEAT_LEFT_BALANCE_SIGNAL_SET	850411536
Setting.SETTING_THIRD_ROW_SEAT_LEFT_BIDET_CONFIG	655360059
Setting.SETTING_THIRD_ROW_SEAT_LEFT_BIDET_CONFIG_1AA_hal_only	446701603
Setting.SETTING_THIRD_ROW_SEAT_LEFT_BIDET_POSITION	1159725160
Setting.SETTING_THIRD_ROW_SEAT_LEFT_BIDET_POSITION_hal_only	446697512
Setting.SETTING_THIRD_ROW_SEAT_LEFT_BIDET_SIGNAL_SET	850411542
Setting.SETTING_THIRD_ROW_SEAT_LEFT_HEADREST_BALANCE_POSITION	1159725176
Setting.SETTING_THIRD_ROW_SEAT_LEFT_HEADREST_BALANCE_POSITION_hal_only	446697528
Setting.SETTING_THIRD_ROW_SEAT_LEFT_HEADREST_HEIGHT_CONFIG	655360062
Setting.SETTING_THIRD_ROW_SEAT_LEFT_HEADREST_HEIGHT_CONFIG_1AA_hal_only	446701606
Setting.SETTING_THIRD_ROW_SEAT_LEFT_HEADREST_HEIGHT_POSITION	1159725184
Setting.SETTING_THIRD_ROW_SEAT_LEFT_HEADREST_HEIGHT_POSITION_hal_only	446697536
Setting.SETTING_THIRD_ROW_SEAT_LEFT_HEADREST_HORIZONTAL_CONFIG	655360061
Setting.SETTING_THIRD_ROW_SEAT_LEFT_HEADREST_HORIZONTAL_CONFIG_1AA_hal_only	446701605
Setting.SETTING_THIRD_ROW_SEAT_LEFT_HEADREST_SIGNAL_SET	850411546
Setting.SETTING_THIRD_ROW_SEAT_LEFT_HEIGHT_CONFIG	655360060
Setting.SETTING_THIRD_ROW_SEAT_LEFT_HEIGHT_CONFIG_1AA_hal_only	446701604
Setting.SETTING_THIRD_ROW_SEAT_LEFT_HEIGHT_POSITION	1159725152
Setting.SETTING_THIRD_ROW_SEAT_LEFT_HEIGHT_POSITION_hal_only	446697504
Setting.SETTING_THIRD_ROW_SEAT_LEFT_HEIGHT_SIGNAL_SET	850411538
Setting.SETTING_THIRD_ROW_SEAT_LEFT_LEG_REST_CONFIG	655360058
Setting.SETTING_THIRD_ROW_SEAT_LEFT_LEG_REST_CONFIG_1AA_hal_only	446701602
Setting.SETTING_THIRD_ROW_SEAT_LEFT_LEG_REST_POSITION	1159725168
Setting.SETTING_THIRD_ROW_SEAT_LEFT_LEG_REST_POSITION_hal_only	446697520
Setting.SETTING_THIRD_ROW_SEAT_LEFT_LEG_REST_SIGNAL_SET	850411544
Setting.SETTING_THIRD_ROW_SEAT_LEFT_MEMORY_LOCATION_SET	850411568
Setting.SETTING_THIRD_ROW_SEAT_LEFT_MEMORY_SWITCH	446701607
Setting.SETTING_THIRD_ROW_SEAT_LEFT_MEMORY_WAKE_SET	850411572
Setting.SETTING_THIRD_ROW_SEAT_LEFT_ONE_KEY_SET	850411560
Setting.SETTING_THIRD_ROW_SEAT_ONE_KEY_DOWN_CONFIG	655360039
Setting.SETTING_THIRD_ROW_SEAT_ONE_KEY_SET	850411564
Setting.SETTING_THIRD_ROW_SEAT_RIGHT_BACKREST_CONFIG	655360064
Setting.SETTING_THIRD_ROW_SEAT_RIGHT_BACKREST_CONFIG_1EB_hal_only	514859041
Setting.SETTING_THIRD_ROW_SEAT_RIGHT_BACKREST_POSITION	1159725200
Setting.SETTING_THIRD_ROW_SEAT_RIGHT_BACKREST_POSITION_hal_only	514854936
Setting.SETTING_THIRD_ROW_SEAT_RIGHT_BACKREST_SIGNAL_SET	850411552
Setting.SETTING_THIRD_ROW_SEAT_RIGHT_BALANCE_CONFIG	655360063
Setting.SETTING_THIRD_ROW_SEAT_RIGHT_BALANCE_CONFIG_1EB_hal_only	514859040
Setting.SETTING_THIRD_ROW_SEAT_RIGHT_BALANCE_POSITION	1159725192
Setting.SETTING_THIRD_ROW_SEAT_RIGHT_BALANCE_POSITION_hal_only	514854928
Setting.SETTING_THIRD_ROW_SEAT_RIGHT_BALANCE_SIGNAL_SET	850411548
Setting.SETTING_THIRD_ROW_SEAT_RIGHT_BIDET_CONFIG	655360066
Setting.SETTING_THIRD_ROW_SEAT_RIGHT_BIDET_CONFIG_1EB_hal_only	514859043
Setting.SETTING_THIRD_ROW_SEAT_RIGHT_BIDET_POSITION	1159725216
Setting.SETTING_THIRD_ROW_SEAT_RIGHT_BIDET_POSITION_hal_only	514854952
Setting.SETTING_THIRD_ROW_SEAT_RIGHT_BIDET_SIGNAL_SET	850411554
Setting.SETTING_THIRD_ROW_SEAT_RIGHT_HEADREST_BALANCE_POSITION	1159725232
Setting.SETTING_THIRD_ROW_SEAT_RIGHT_HEADREST_BALANCE_POSITION_hal_only	514854968
Setting.SETTING_THIRD_ROW_SEAT_RIGHT_HEADREST_HEIGHT_CONFIG	655360069
Setting.SETTING_THIRD_ROW_SEAT_RIGHT_HEADREST_HEIGHT_CONFIG_1EB_hal_only	514859046
Setting.SETTING_THIRD_ROW_SEAT_RIGHT_HEADREST_HEIGHT_POSITION	1159725240
Setting.SETTING_THIRD_ROW_SEAT_RIGHT_HEADREST_HEIGHT_POSITION_hal_only	514854976
Setting.SETTING_THIRD_ROW_SEAT_RIGHT_HEADREST_HORIZONTAL_CONFIG	655360068
Setting.SETTING_THIRD_ROW_SEAT_RIGHT_HEADREST_HORIZONTAL_CONFIG_1EB_hal_only	514859045
Setting.SETTING_THIRD_ROW_SEAT_RIGHT_HEADREST_SIGNAL_SET	850411558
Setting.SETTING_THIRD_ROW_SEAT_RIGHT_HEIGHT_CONFIG	655360067
Setting.SETTING_THIRD_ROW_SEAT_RIGHT_HEIGHT_CONFIG_1EB_hal_only	514859044
Setting.SETTING_THIRD_ROW_SEAT_RIGHT_HEIGHT_POSITION	1159725208
Setting.SETTING_THIRD_ROW_SEAT_RIGHT_HEIGHT_POSITION_hal_only	514854944
Setting.SETTING_THIRD_ROW_SEAT_RIGHT_HEIGHT_SIGNAL_SET	850411550
Setting.SETTING_THIRD_ROW_SEAT_RIGHT_LEG_REST_CONFIG	655360065
Setting.SETTING_THIRD_ROW_SEAT_RIGHT_LEG_REST_CONFIG_1EB_hal_only	514859042
Setting.SETTING_THIRD_ROW_SEAT_RIGHT_LEG_REST_POSITION	1159725224
Setting.SETTING_THIRD_ROW_SEAT_RIGHT_LEG_REST_POSITION_hal_only	514854960
Setting.SETTING_THIRD_ROW_SEAT_RIGHT_LEG_REST_SIGNAL_SET	850411556
Setting.SETTING_THIRD_ROW_SEAT_RIGHT_MEMORY_LOCATION_SET	850411570
Setting.SETTING_THIRD_ROW_SEAT_RIGHT_MEMORY_SWITCH	514859047
Setting.SETTING_THIRD_ROW_SEAT_RIGHT_MEMORY_WAKE_SET	850411574
Setting.SETTING_THIRD_ROW_SEAT_RIGHT_ONE_KEY_SET	850411562
Setting.SETTING_THIRD_ROW_SEAT_WORKING_MODE	881868860
Setting.SETTING_TIGHT_SAFEBELT_REQUEST	784334868
Setting.SETTING_TIMEZONE_SET	1309671490
Setting.SETTING_TOUCH_PAD_SHORTCUT_FUNCTION_SET	589344792
Setting.SETTING_TRACKING_REVERSE_SELF_LEARNING_FLAG	1161822278
Setting.SETTING_TRACKING_REVERSE_SWITCH_STATUS	788529189
Setting.SETTING_TRACKING_REVERSE_SWITCH_STATUS_SET	1324568603
Setting.SETTING_TRACK_FOLLOW_PARK_FUNCTION_STATUS	788529191
Setting.SETTING_TRACTION_SCENE_CONFIGURATION_FLAG	513811644
Setting.SETTING_TRAFFIC_INCIDENT_REMINDER_SWITCH	878723114
Setting.SETTING_TRAFFIC_INCIDENT_REMINDER_SWITCH_SET	1276235816
Setting.SETTING_TRAFFIC_SIGNAL_INFORMATION_PUSH_SWITCH	878723104
Setting.SETTING_TRAFFIC_SIGNAL_INFORMATION_PUSH_SWITCH_SET	1276235806
Setting.SETTING_TRAFFIC_SIGNAL_REMINDER_SWITCH	878723112
Setting.SETTING_TRAFFIC_SIGNAL_REMINDER_SWITCH_SET	1276235814
Setting.SETTING_TRAILER_ASSIST_MODE_SET	1324580926
Setting.SETTING_TRAILER_HOOK_ANTI_PLAY_PROTECTION	766509105
Setting.SETTING_TRAILER_HOOK_LOCK_ROTATION_PROTECTION	766509104
Setting.SETTING_TRAILER_HOOK_MALFUNCTION	766509103
Setting.SETTING_TRAILER_HOOK_STATUS_SIGNAL	766509100
Setting.SETTING_TRAILER_NOT_UNLOADED_MODE_UNAVAILABLE_MULTIMEDIA_REMINDER_FLAG	681574421
Setting.SETTING_TRAILER_STATUS_MANDATORY_EV_ENTER_FAIL_PAD_PROMPT	898656319
Setting.SETTING_TRANSMISSION_OIL_LIFE_RESET_BUTTON_SET	782237751
Setting.SETTING_TRANSPORT_MODE	433061928
Setting.SETTING_TRANSPORT_MODE_FUNCTION_STATUS	1274019894
Setting.SETTING_TRANSPORT_MODE_REMINDER_FLAG	1274019901
Setting.SETTING_TRANSPORT_MODE_SET	1324621840
Setting.SETTING_TUNNE_STATES_SET	1285554205
Setting.SETTING_TURN_AROUND_MODE_CONFIGURATION_SIGN	1219518506
Setting.SETTING_TV_LIFTING_SET	850444344
Setting.SETTING_TYRE_CHAIN_CONFIG	681574454
Setting.SETTING_TYRE_CHAIN_STEADY_STOP_MULTI_PROMPT_FLAG	681574455
Setting.SETTING_UAV_CHARGING_CURRENT_FAULT	374346122
Setting.SETTING_UAV_CHARGING_VOLTAGE_FAULT	374346120
Setting.SETTING_UAV_CONTROL_MODE_SET	850440256
Setting.SETTING_UAV_LF_SEAT_ANGLE_RESET_SET	1276137527
Setting.SETTING_UAV_LF_SEAT_RECLINE_STATUS	979369998
Setting.SETTING_UAV_LF_SEAT_RECLINE_STATUS_SET	1276137525
Setting.SETTING_UAV_LOW_TEMPERATURE_ALARM_INDICATION	374346043
Setting.SETTING_UAV_OVER_TEMPERATURE_ALARM_INDICATION	374346040
Setting.SETTING_UAV_RF_SEAT_ANGLE_RESET_SET	1276248124
Setting.SETTING_UAV_RF_SEAT_RECLINE_STATUS	979370018
Setting.SETTING_UAV_RF_SEAT_RECLINE_STATUS_SET	1276248122
Setting.SETTING_UI_PLATFORM_SET	503316488
Setting.SETTING_UPPER_OK_PROMPT_FLAG	754974959
Setting.SETTING_UWB_DIGITAL_KEY_QUANTITY	456130592
Setting.SETTING_V2X_FUNCTION	878723088
Setting.SETTING_VALET_MODE_DRIVING_MODE_CONTROL_SET	850444349
Setting.SETTING_VALET_MODE_PASSENGER_CONTAINER_CONTROL_SET	850444308
Setting.SETTING_VCU_EXIT_GAME_MODE_REQUEST	357564424
Setting.SETTING_VEHICLE_COLLISION_WARNING_SWITCH	878723110
Setting.SETTING_VEHICLE_COLLISION_WARNING_SWITCH_SET	1276235812
Setting.SETTING_VEHICLE_CONTROLLER_M_WHEEL_FUNCTION_STATUS	103809036
Setting.SETTING_VEHICLE_DRIVE_CONFIGURATION	754975182
Setting.SETTING_VEHICLE_LOSE_CONTROL_WARNING_SWITCH	878723098
Setting.SETTING_VEHICLE_LOSE_CONTROL_WARNING_SWITCH_SET	1276235800
Setting.SETTING_VEHICLE_REFRIGERATOR_BOUNCE_SIGNAL	1029701698
Setting.SETTING_VEHICLE_REFRIGERATOR_COFING_FLAG	1220542472
Setting.SETTING_VEHICLE_REFRIGERATOR_CONTROL_RESULT_FEEDBACK	1220542515
Setting.SETTING_VEHICLE_REFRIGERATOR_DELAY_POWEROFF_LOWEST_WORK_POWER_FLAG	1220542479
Setting.SETTING_VEHICLE_REFRIGERATOR_DELAY_POWEROFF_TIME	1220542529
Setting.SETTING_VEHICLE_REFRIGERATOR_DELAY_POWEROFF_TIME_SET	850427938
Setting.SETTING_VEHICLE_REFRIGERATOR_DELAY_POWEROFF_TIME_SET_RCS_hal_only	589332514
Setting.SETTING_VEHICLE_REFRIGERATOR_DELAY_POWER_OUTAGE	1029701690
Setting.SETTING_VEHICLE_REFRIGERATOR_DELAY_POWER_OUTAGE_CONFIG	1029701696
Setting.SETTING_VEHICLE_REFRIGERATOR_DELAY_POWER_OUTAGE_SET	850427952
Setting.SETTING_VEHICLE_REFRIGERATOR_DELAY_POWER_OUTAGE_SET_RCS_hal_only	589332499
Setting.SETTING_VEHICLE_REFRIGERATOR_DELAY_PWOEROFF_SWITCH	1220542527
Setting.SETTING_VEHICLE_REFRIGERATOR_DELAY_PWOEROFF_SWITCH_SET	850427936
Setting.SETTING_VEHICLE_REFRIGERATOR_DELAY_PWOEROFF_SWITCH_SET_RCS_hal_only	589332512
Setting.SETTING_VEHICLE_REFRIGERATOR_DOOR_STATUS	1220542501
Setting.SETTING_VEHICLE_REFRIGERATOR_DOOR_STATUS_SET	850427944
Setting.SETTING_VEHICLE_REFRIGERATOR_DOOR_STATUS_SET_RCS_hal_only	589332526
Setting.SETTING_VEHICLE_REFRIGERATOR_EXCLUSIVE_SAVE_FLAG	1029701640
Setting.SETTING_VEHICLE_REFRIGERATOR_EXCLUSIVE_SAVE_SHORTCUT_KEY	1029701644
Setting.SETTING_VEHICLE_REFRIGERATOR_EXCLUSIVE_SAVE_SHORTCUT_KEY_SET	850427948
Setting.SETTING_VEHICLE_REFRIGERATOR_EXCLUSIVE_SAVE_SHORTCUT_KEY_SET_RCS_hal_only	589332520
Setting.SETTING_VEHICLE_REFRIGERATOR_INTERFACE_FLAG	1029701688
Setting.SETTING_VEHICLE_REFRIGERATOR_KNOB_SCREEN_LOCK_FLAG	591405112
Setting.SETTING_VEHICLE_REFRIGERATOR_MOBINE_PUSH_REMIND	1220542512
Setting.SETTING_VEHICLE_REFRIGERATOR_MOTOR_CURRENT_STATUS	1220542519
Setting.SETTING_VEHICLE_REFRIGERATOR_POPUP_REMIND	1220542505
Setting.SETTING_VEHICLE_REFRIGERATOR_POWEROFF_MEMORY	1220542497
Setting.SETTING_VEHICLE_REFRIGERATOR_POWEROFF_MEMORY_SET	850427924
Setting.SETTING_VEHICLE_REFRIGERATOR_POWEROFF_MEMORY_SET_RCS_hal_only	589332518
Setting.SETTING_VEHICLE_REFRIGERATOR_QUANTITY_FLAG	591405074
Setting.SETTING_VEHICLE_REFRIGERATOR_REFRIGERATION_TEMP_RANGE_FLAG	1220542474
Setting.SETTING_VEHICLE_REFRIGERATOR_SCREEN_AUTO_LOCK_CONTROL_SET	850427965
Setting.SETTING_VEHICLE_REFRIGERATOR_SCREEN_AUTO_LOCK_FEEDBACK	591405114
Setting.SETTING_VEHICLE_REFRIGERATOR_SCREEN_TRIGGER_SOURCE_SET	850427957
Setting.SETTING_VEHICLE_REFRIGERATOR_SCREEN_TRIGGER_SOURCE_SET_RCS_hal_only	589332530
Setting.SETTING_VEHICLE_REFRIGERATOR_STERILIZATION_STATUS	1220542499
Setting.SETTING_VEHICLE_REFRIGERATOR_STERILIZATION_STATUS_SET	850427926
Setting.SETTING_VEHICLE_REFRIGERATOR_STERILIZATION_STATUS_SET_RCS_hal_only	589332528
Setting.SETTING_VEHICLE_REFRIGERATOR_TELESCOPIC_CONTROL_FLAG	1220542477
Setting.SETTING_VEHICLE_REFRIGERATOR_TEMP_FEEDBACK	1220542491
Setting.SETTING_VEHICLE_REFRIGERATOR_TEMP_REGULATION	1220542480
Setting.SETTING_VEHICLE_REFRIGERATOR_TEMP_REGULATION_COLD	1029701674
Setting.SETTING_VEHICLE_REFRIGERATOR_TEMP_REGULATION_FRESH	1029701685
Setting.SETTING_VEHICLE_REFRIGERATOR_TEMP_REGULATION_HEAT	1029701680
Setting.SETTING_VEHICLE_REFRIGERATOR_TEMP_REGULATION_SET	850427928
Setting.SETTING_VEHICLE_REFRIGERATOR_TEMP_REGULATION_SET_RCS_hal_only	589332504
Setting.SETTING_VEHICLE_REFRIGERATOR_TYPE	1220542525
Setting.SETTING_VEHICLE_REFRIGERATOR_WORKING_STATUS	1220542488
Setting.SETTING_VEHICLE_REFRIGERATOR_WORKING_STATUS_SET	850427920
Setting.SETTING_VEHICLE_REFRIGERATOR_WORKING_STATUS_SET_RCS_hal_only	589332496
Setting.SETTING_VEHICLE_REFRIGERATOR_WORK_MODE	591400997
Setting.SETTING_VEHICLE_REFRIGERATOR_WORK_MODE_FLAG	591400995
Setting.SETTING_VEHICLE_REFRIGERATOR_WORK_MODE_SET	850427960
Setting.SETTING_VEHICLE_SPEED	248512583
Setting.SETTING_VEHICLE_STATE_UNSUITABLE_PAD_INDICATOR_FLAG	898664484
Setting.SETTING_VEHICLE_TARGET_DIRECTION	248512524
Setting.SETTING_VEHICLE_VOICE_LINKAGE_ATMOSPHERE_LAMP_SET	455082050
Setting.SETTING_VEHICLE_WASH_PROTECT_FUNTION_EXIT_REASON	1231048734
Setting.SETTING_VEHICLE_WASH_PROTECT_FUNTION_FLAG	980418610
Setting.SETTING_VEHICLE_WASH_PROTECT_FUNTION_STATUS	980418608
Setting.SETTING_VEHICLE_WASH_PROTECT_FUNTION_STATUS_SET	1324363838
Setting.SETTING_VIOLENT_MODE_PAD_PRESELECTED_SCENE_SET	507519006
Setting.SETTING_VIOLENT_MODE_PRESELECTED_SCENE	513811637
Setting.SETTING_VIOLENT_MODE_SCENE_SELECTION_CONFIGURATION_FLAG	513811622
Setting.SETTING_VOICE_CONTROL_SUSPENSION_HEIGHT_ADJUSTMENT_SET	1324617772
Setting.SETTING_VOICE_LIGHT_ALARM_SIGNAL	1003487511
Setting.SETTING_VOICE_POPUP_NOTIFICATION_LR_FLAT	902848528
Setting.SETTING_VOICE_POPUP_PROMPT_LEFT	902844480
Setting.SETTING_VOICE_POPUP_PROMPT_RIGHT	909135936
Setting.SETTING_VOICE_POP_UP_PROMPTS	881868856
Setting.SETTING_VOICE_STATUS_SET	455082024
Setting.SETTING_VOICE_WAKEUP_AREA_SET	455082008
Setting.SETTING_VOICE_WAKEUP_ATMOSPHERE_LAMP_COLOR_SET	455082016
Setting.SETTING_VOICE_WAKEUP_ATMOSPHERE_LAMP_FREQUENCY_SET	455082012
Setting.SETTING_VOT_ACTIVATION_TIMEOUT_PROMPT	681574614
Setting.SETTING_VOT_ACTUAL_CONTROL_MODE	754974963
Setting.SETTING_VOT_ACTUAL_DRIVING_SCENE	754974952
Setting.SETTING_VOT_ACTUAL_EXECUTE_DETECTION_DISTANCE	754975077
Setting.SETTING_VOT_ACTUAL_EXECUTE_NUMBER_LAPS	676331848
Setting.SETTING_VOT_ACTUAL_EXECUTE_TARGET_ROTATION_ANGLE	676331984
Setting.SETTING_VOT_ACTUAL_NUMBER_LAPS	754975068
Setting.SETTING_VOT_ACTUAL_ROTATION_DIRECTION	754974955
Setting.SETTING_VOT_ACTUAL_TARGET_ROTATION_ANGLE	754975048
Setting.SETTING_VOT_CAR_COMPLETE_STOP_FLAG	754974897
Setting.SETTING_VOT_CAR_DOOR_PROMPT_FLAG	754974901
Setting.SETTING_VOT_CLOSE_DRIVER_ASSISTANCE_PROMPT	681574611
Setting.SETTING_VOT_CONTROL_MODE_SET	1276260396
Setting.SETTING_VOT_DOWNTOWN_ACTROT_SPEED	681574530
Setting.SETTING_VOT_DOWNTOWN_ACTROT_SPEED_SET	507514904
Setting.SETTING_VOT_DRIVING_SCENE_SET	1276260381
Setting.SETTING_VOT_FRONT_HATCH_COVER_TIPS_FLAG	754974849
Setting.SETTING_VOT_FUNCTION_DISABLE_PROMPT_FLAG	754974928
Setting.SETTING_VOT_FUNCTION_LIMIT_PROMPT	681574616
Setting.SETTING_VOT_FUNCTION_STATUS_PROMPT_FLAG	754974903
Setting.SETTING_VOT_IMPROPER_OPERATION_EXIT_PROMPT_FLAG	754974929
Setting.SETTING_VOT_NOT_SATISFIED_PROMPT	681574612
Setting.SETTING_VOT_OBSTACLE_TIPS_FLAG	754974908
Setting.SETTING_VOT_OUTOF_ROAD_PROMPT_FLAG	754974902
Setting.SETTING_VOT_POWER_SPEED_LIMIT_WARNING_SIGN	754974967
Setting.SETTING_VOT_P_MODE_PROMPT_FLAG	754974896
Setting.SETTING_VOT_RADAR_DETECTION_DISTANCE_SELECTION_SET	558133
Setting.SETTING_VOT_RADAR_SWITCH_SET	1324630070
Setting.SETTING_VOT_RADAR_SWITCH_STATUS_FLAG	676331812
Setting.SETTING_VOT_RAMP_PROMPT_FLAG	754974898
Setting.SETTING_VOT_REQUEST_NUMBER_LAPS_SET	924850216
Setting.SETTING_VOT_ROTATE_CENTER_SET	924850226
Setting.SETTING_VOT_ROTATE_CENTER_STATUS	754974968
Setting.SETTING_VOT_ROTATION_DEMAND_ANGLE_SET	1276260386
Setting.SETTING_VOT_ROTATION_DIRECTION_SET	1276260384
Setting.SETTING_VOT_ROTATION_STATUS_REQUEST_SIGNAL_SET	1276260408
Setting.SETTING_VOT_SAFETY_BELT_PROMPT_FLAG	754974900
Setting.SETTING_VOT_SPEED_REDUCTION_WARNING_SIGN	754974958
Setting.SETTING_VOT_STEERING_WHEEL_RIGHTING_PROMPT_FLAG	754974899
Setting.SETTING_VOT_SYNCHRONOUS_LOCK_TIPS_FLAG	754974907
Setting.SETTING_VOT_SYNC_LOCK_LINK_EXIT_PROMPT_FLAG	754974961
Setting.SETTING_VOT_TERRAIN_NOT_SATISFIED_PROMPT	681574613
Setting.SETTING_VOT_THERMAL_MANAGE_LACK_EXIT_PROMPT	754974768
Setting.SETTING_VOT_THERMAL_MANAGE_LACK_POP_PROMPT	754974767
Setting.SETTING_VOT_TRAILER_HOOK_CONNECT_EXIT_FLAG	754974962
Setting.SETTING_VOT_TRAILER_HOOK_TIPS_FLAG	754974936
Setting.SETTING_VOT_TRUNK_TIPS_FLAG	754974895
Setting.SETTING_VOT_TURN_SIGNAL_TIPS_FLAG	754974909
Setting.SETTING_VOT_UTURN_SWITCH_SET	1324630068
Setting.SETTING_VOT_UTUTN_REFUSAL_TO_ENTER_SIGN_SET	1276260398
Setting.SETTING_VOT_WORK_STATUS	754974930
Setting.SETTING_VOT_YAW_RATE	754974783
Setting.SETTING_VSW_ACTIVATION_OPERATION_WARNING	513807382
Setting.SETTING_VSW_ACTIVATION_TIMEOUT_WARNING_SIGNS	513807394
Setting.SETTING_VSW_DATA_IMAGE_RECORD_REQUEST_STATE	754975174
Setting.SETTING_VSW_DRIVING_MODE_CONDITIONS_NOT_MEET_WARNING_SIGNS	513807379
Setting.SETTING_VSW_DROP_OK_EXIT_WARNING_SIGNS	513807411
Setting.SETTING_VSW_FAULT_FLAG	255852967
Setting.SETTING_VSW_FUNCTIONALITY_IS_LIMITED_WARNING_SIGNS	513807416
Setting.SETTING_VSW_FUNCTION_ACTIVATION_FLAG	255852966
Setting.SETTING_VSW_FUNCTION_DISABLE_WARNING_SIGNS	513807410
Setting.SETTING_VSW_FUNCTION_ENTERS_STATE	255852965
Setting.SETTING_VSW_POWER_NOT_SATISFIED_WARNING_SIGNS	513807409
Setting.SETTING_VSW_ROTATION_DIRECTION	513807395
Setting.SETTING_VSW_SPEED_EXCEEDS_LIMIT_AND_EXITS_WARNING_SIGNS	513807413
Setting.SETTING_VSW_SYNCHRONIZATION_LOCK_CONNECTION_EXIT_WARNING_SIGNS	513807412
Setting.SETTING_VSW_TARGET_MOVEMENT_DIRECTION	513807380
Setting.SETTING_VSW_TARGET_MOVEMENT_DISTANCE	513807384
Setting.SETTING_VSW_THERMAL_MANAGEMENT_INSUFFICIENT_EXIT_WARNING_SIGNS	513807414
Setting.SETTING_VSW_TRAILER_HOOK_CONNECTION_EXIT_WARNING_SIGNS	513807425
Setting.SETTING_VSW_WARNING_FOR_IMPROPER_OPERATION_AND_FUNCTION_EXIT_FLAG	513807393
Setting.SETTING_VSW_WORK_STATE	255852981
Setting.SETTING_WADE_FAULT_NOT_SATISFIED_PROMPT	681574542
Setting.SETTING_WADE_MODE_CONFIGURATION_SIGN	1219518504
Setting.SETTING_WADE_OK_NOT_SATISFIED_PROMPT	681574541
Setting.SETTING_WADING_CHECK_ENGINE_FORCE_START_CONFIG_SET	1276272692
Setting.SETTING_WADING_DEEP_OVERRUN_FLAG	681574464
Setting.SETTING_WADING_DRIVING_MODE_ACTIVATION_FLAG	754974945
Setting.SETTING_WADING_DRIVING_MODE_FAILURE_FLAG	224777
Setting.SETTING_WADING_ENGINE_CHECK_PROMPT	754974854
Setting.SETTING_WADING_ENGINE_CONDITION_NON_MEET_WARNING	754975224
Setting.SETTING_WADING_EXIT_FAIL_FLAG	681574466
Setting.SETTING_WADING_FLOAT_MODE_OPEN_PROMPT_SATAUS	110363
Setting.SETTING_WADING_FLOAT_TIMING_UNIT_OF_MINUTE	24044
Setting.SETTING_WADING_FLOAT_TIMING_UNIT_OF_SECOND	858682
Setting.SETTING_WADING_SENSING_SYSTEM_CONDITION_NON_MEET_WARNING	681574462
Setting.SETTING_WADING_SENSOR_FAULT_PROMPT	754975176
Setting.SETTING_WADING_SOC_CONDITION_NON_MEET_WARNING	754975221
Setting.SETTING_WADING_SOC_CONDITION_NON_MEET_WARNING_hal_only	681574459
Setting.SETTING_WADING_SOC_MINI_LIMIT	754974831
Setting.SETTING_WADING_SPEED_CONDITION_NON_MEET_WARNING	754975169
Setting.SETTING_WADING_STATUS_MARK	754974763
Setting.SETTING_WADING_VEHICLE_SPEED_CONDITION_NON_MEET_WARNING	681574461
Setting.SETTING_WADING_VEHICLE_STATU_CONDITION_NON_MEET_WARNING	681574463
Setting.SETTING_WADING_WATER_DEPTH_SENSOR_CONDITION_NON_MEET_WARNING	754975223
Setting.SETTING_WARNING_SIGN_FOR_INSUFFICIENT_WATER_POWER	1178599493
Setting.SETTING_WARNING_SIGN_FOR_WADING_DEPTH	1178599478
Setting.SETTING_WCM_CONFIG_STATUS	1003487748
Setting.SETTING_WCM_FUNCTION_STATUS	1003487750
Setting.SETTING_WCM_FUNCTION_STATUS_SET	1276166166
Setting.SETTING_WEIGHING_CALIBRATION_SET	1276264506
Setting.SETTING_WEIGHING_MODE_SET	1276264504
Setting.SETTING_WEIGHT_ALARM_SET	1276264508
Setting.SETTING_WEIGHT_CUE_SIGNAl	1003487620
Setting.SETTING_WEIGHT_MONITOR_SYSTEM_WORK_STATE	1003487619
Setting.SETTING_WELCOME_FUNCTION_DISABLE	629145702
Setting.SETTING_WELCOME_FUNCTION_DISABLE_hal_only	533725214
Setting.SETTING_WELCOME_FUNCTION_PROMPT	629145684
Setting.SETTING_WELCOME_FUNCTION_SIGNAL	629145682
Setting.SETTING_WELCOME_FUNCTION_SIGNAL_SET	1324617764
Setting.SETTING_WELCOME_FUNCTION_SIGNAL_hal_only	533725194
Setting.SETTING_WET_AREA_SOUND_PROMPT_STATUS	591643
Setting.SETTING_WHEEL_STATUS	785383480
Setting.SETTING_WHETHER_DRIVER_IN_CAR_SET	784334870
Setting.SETTING_WHETHER_SUPPORT_VOICE_SIMULTANEOUS_INDEPENDENT_INTERACTION_SET	455082053
Setting.SETTING_WINDOW_SUNSHADE_CONTROL_SET	850538513
Setting.SETTING_WODE_MODE_PAD_PROMPT_MESSAGE	758120512
Setting.SETTING_WORKING_MODE_SWITCH_PROMPT_FLAG	681574422
Setting.SETTING_YAW_VELOCITY	361658
Setting.SETTING_YISIFANG_FLOAT_TURN_ENTER_STATUS	255853045
Setting.SETTINH_LR_SEAT_MEMORY_SWITCH_CONFIG	1075839015
Setting.SETTINH_RR_SEAT_MEMORY_SWITCH_CONFIG	1123024935
Setting.SETTNG_GAME_ATMOSPHERE_LIGHT_FEATURE_FLAG	657457181
Setting.SET_ACCELERATION_SET	90177544
Setting.SET_AC_AUTO_AIR	1301291032
Setting.SET_AC_AUTO_AIR_SET	1311768588
Setting.SET_AC_AUTO_WIND_LV	255978
Setting.SET_AC_AUTO_WIND_LV_SET	1311768592
Setting.SET_AC_BT	1301291030
Setting.SET_AC_BT_SET	1311768608
Setting.SET_AC_PAUSE_CYCLE	1301291028
Setting.SET_AC_PAUSE_CYCLE_ONLINE	-846192620
Setting.SET_AC_PAUSE_CYCLE_SET	1311768594
Setting.SET_AC_TUNNEL_CYCLE	1301291024
Setting.SET_AC_TUNNEL_CYCLE_ONLINE	-846192624
Setting.SET_AC_TUNNEL_CYCLE_SET	1311768586
Setting.SET_ADJUST_AWNING_CURRENT_STATUS	1269825992
Setting.SET_AFS_CONFIG	1254096940
Setting.SET_AFS_STATE	1254096909
Setting.SET_AFS_STATE_SET	1125122094
Setting.SET_AFS_SYS_STATE	193767
Setting.SET_ALTITUDE_SET	1841301542
Setting.SET_ANGEL_GERA_FEEDBACK	951058456
Setting.SET_ANGEL_GERA_SET	1276174380
Setting.SET_ANGULAR_VELOCITY_SET	91226120
Setting.SET_APPEL_NFC_CONFIGURATION	1130364938
Setting.SET_ARHUD_ROTATE_ADJUST_CONFIG	951058491
Setting.SET_ATMOSPHERE_LAMP_BRIGHTNESS_SET	653629
Setting.SET_ATMOSPHERE_LAMP_COLOR_B_VALUE_SET	561293
Setting.SET_ATMOSPHERE_LAMP_COLOR_G_VALUE_SET	787480592
Setting.SET_ATMOSPHERE_LAMP_COLOR_G_VALUE_SET_FSE_hal_only	421527560
Setting.SET_ATMOSPHERE_LAMP_COLOR_G_VALUE_SET_LRSE_hal_only	531628040
Setting.SET_ATMOSPHERE_LAMP_COLOR_G_VALUE_SET_RRSE_hal_only	524288008
Setting.SET_ATMOSPHERE_LAMP_COLOR_R_VALUE_SET	787480584
Setting.SET_ATMOSPHERE_LAMP_COLOR_R_VALUE_SET_FSE_hal_only	421527568
Setting.SET_ATMOSPHERE_LAMP_COLOR_R_VALUE_SET_LRSE_hal_only	531628048
Setting.SET_ATMOSPHERE_LAMP_COLOR_R_VALUE_SET_RRSE_hal_only	524288016
Setting.SET_ATMOSPHERE_LAMP_LINKAGE_SETTING_FEEDBACK	1121976383
Setting.SET_ATMOSPHERE_LAMP_PANEL_STATE	993001480
Setting.SET_ATMOSPHERE_LAMP_PANEL_STATE_SET	1276153872
Setting.SET_ATMOSPHERE_LAMP_TEMPRATURE_SET	871366680
Setting.SET_ATMOSPHERE_LAMP_TEXT_ANIMATION_TYPE_SET	480251960
Setting.SET_ATMOSPHERE_LAMP_TEXT_BACKGROND_SET	480251968
Setting.SET_ATMOSPHERE_LAMP_TEXT_COLOR_BLUE_SET	480251952
Setting.SET_ATMOSPHERE_LAMP_TEXT_COLOR_GREEN_SET	480251944
Setting.SET_ATMOSPHERE_LAMP_TEXT_COLOR_RED_SET	480251936
Setting.SET_ATMOSPHERE_LAMP_TEXT_LENGTH_SET	480251928
Setting.SET_ATMOSPHERE_LAMP_TEXT_PLAY_SPEED_SET	480251964
Setting.SET_ATMOSPHERE_LAMP_TEXT_SET	480907272
Setting.SET_ATMOSPHERE_LAMP_TEXT_STATE	993001492
Setting.SET_ATMOSPHERE_LAMP_TEXT_STATE_SET	480251920
Setting.SET_ATMOSPHERE_LAMP_TEXT_TRIGGER_NUMBER	993001496
Setting.SET_ATMOSPHERE_LAMP_TEXT_TRIGGER_NUMBER_SET	480251922
Setting.SET_ATMOSPHERE_LAMP_WEATHER_SET	871366672
Setting.SET_ATMP_RESET_SET	1043333180
Setting.SET_AUTO_LOCK_TIME	960495644
Setting.SET_AUTO_LOCK_TIME_SET	878147
Setting.SET_AUTO_RAIN_WIPER_ONLINE	1196425248
Setting.SET_AUTO_RAIN_WIPER_SWITCH	321912862
Setting.SET_AUTO_RAIN_WIPER_SWITCH_SET	503316540
Setting.SET_AUTO_STEER_WHEEL_HEATING_GEAR	1116733465
Setting.SET_AUTO_STEER_WHEEL_HEATING_GEAR_SET	1276256274
Setting.SET_AUTO_STEER_WHEEL_HEATING_MODE	1116733462
Setting.SET_AUTO_STEER_WHEEL_HEATING_MODE_SET	1276256272
Setting.SET_AWNING_AUTOMATIC_ADJUST_BRIGHTNESS	1269825996
Setting.SET_AWNING_AUTOMATIC_ADJUST_BRIGHTNESS_SET	1276194848
Setting.SET_AWNING_CONFIGURATION	1269825986
Setting.SET_AWNING_CURRENT_TRANSMITTANCE	1269825988
Setting.SET_AWNING_ELECTRICITY_BACK_DARKEN	1269825998
Setting.SET_AWNING_ELECTRICITY_BACK_DARKEN_SET	1276194850
Setting.SET_AWNING_TRANSMITTING_INSTRUCTION_SET	1276194840
Setting.SET_BABY_MODE_SET	1276141604
Setting.SET_BACKLIGHT_BY_MCU	-1728052984
Setting.SET_BACKLIGHT_BY_MCU_SET	-1442840312
Setting.SET_BACKLIGHT_NIGHTMODE_SET	95914
Setting.SET_BACK_BUTTON	684720165
Setting.SET_BACK_DOOR_OPEN_HEIGHT	1074790408
Setting.SET_BACK_DOOR_OPEN_HEIGHT_SET	1069547584
Setting.SET_BACK_LIGHT_RESET_SET	1043333182
Setting.SET_BLUETOOTH_MAC_VALUE_SET	145688
Setting.SET_BLUETOOTH_PREPARE_PAIR_SET	518870
Setting.SET_BLUETOOTH_RESET_SET	667266
Setting.SET_BRAKE_PRIORITY_FUNCTION	656408607
Setting.SET_BRAKE_PRIORITY_FUNCTION_SET	1324376093
Setting.SET_BRIGHTNESS_GEAR_FEEDBACK	951058448
Setting.SET_BRIGHTNESS_GEAR_SET	1276174360
Setting.SET_BT_CALL_REDUCTION_WIND_MENU	1314914312
Setting.SET_BT_X_CALL_STATE_SET	-1442840237
Setting.SET_BUSINESS_MODE_AND_EXCLUSIVE_BOSS_SET	871366714
Setting.SET_CALL_ID_STATUS_FEEDBACK	951058466
Setting.SET_CALL_ID_STATUS_SET	1276174388
Setting.SET_CALL_STATE_SET	501219360
Setting.SET_CANCEL_CRUISE_BUTTON	684720152
Setting.SET_CAR_ACCOUNT_SET	426774536
Setting.SET_CAR_AUTO_LOCK	1081081876
Setting.SET_CAR_AUTO_LOCK_DET	-1066401772
Setting.SET_CAR_AUTO_LOCK_SET	1312817160
Setting.SET_CAR_AUTO_PANORAMA	448361
Setting.SET_CAR_AUTO_PANORAMA_SET	694577
Setting.SET_CAR_BACK_DOOR_ELECTRIC_MODE	658530
Setting.SET_CAR_BACK_DOOR_ELECTRIC_MODE_DET	1074790427
Setting.SET_CAR_BACK_DOOR_ELECTRIC_MODE_SET	1069547546
Setting.SET_CAR_BACK_HOME_LIGHT_DELAY	6796
Setting.SET_CAR_BACK_HOME_LIGHT_DELAY_SET	667352
Setting.SET_CAR_BACK_HOME_LIGHT_DELAY_VALUE	1072693293
Setting.SET_CAR_BACK_HOME_LIGHT_DELAY_VALUE_SET	1312817170
Setting.SET_CAR_BACK_ROW	93091
Setting.SET_CAR_BACK_ROW_SET	503316496
Setting.SET_CAR_BASE_PAD_AUTO_RISE	672173
Setting.SET_CAR_BASE_PAD_AUTO_RISE_DET	1028300
Setting.SET_CAR_BASE_PAD_AUTO_RISE_SET	169782
Setting.SET_CAR_CTRL_WINDOW	1222639626
Setting.SET_CAR_CTRL_WINDOW_SET	1311768604
Setting.SET_CAR_DOOR_LOCK	190493
Setting.SET_CAR_DOOR_LOCK_SET	515647
Setting.SET_CAR_DRIVER_SEATBK_DET	-918552560
Setting.SET_CAR_DRIVER_SEATBK_DET_hal_only	-918552559
Setting.SET_CAR_DRIVING_RECORD_SWITCH	1000341512
Setting.SET_CAR_DRIVING_RECORD_SWITCH_SET	1306529818
Setting.SET_CAR_DRVING_RECORD_DET	1000341504
Setting.SET_CAR_DUAL_TEMP_AREA_AC_DET	674807
Setting.SET_CAR_DVR_RECORD	1000341536
Setting.SET_CAR_DVR_RECORD_SET	1069547566
Setting.SET_CAR_DV_AUTO_RETURN	1228931088
Setting.SET_CAR_DV_AUTO_RETURN_SET	1312817209
Setting.SET_CAR_DV_AUTO_RETURN_hal_only	1131413520
Setting.SET_CAR_ELEC_HANDBRAKE_DET	562036736
Setting.SET_CAR_EXTREARMIR_FOLLOWUP_SWITCH	1081081884
Setting.SET_CAR_EXTREARMIR_FOLLOWUP_SWITCH_SET	1312817178
Setting.SET_CAR_EXT_REARVIEW_MIRROR_AUTO_FOLD	244159
Setting.SET_CAR_EXT_REARVIEW_MIRROR_AUTO_FOLD_DET	1081081882
Setting.SET_CAR_EXT_REARVIEW_MIRROR_AUTO_FOLD_SET	321467
Setting.SET_CAR_EX_MIRROW_FOLD	632886
Setting.SET_CAR_EX_MIRROW_FOLD_SET	521067
Setting.SET_CAR_FORMAT_MEMORY_CARD_SET	1306529825
Setting.SET_CAR_HOME_LIGHT_DET	-1074790355
Setting.SET_CAR_HOME_OFF_LIGHT_DET	-1074790352
Setting.SET_CAR_INSIDE_REAR_MIRROR_SCREEN_SET	1306529822
Setting.SET_CAR_INSIDE_REAR_MIRROR_SCREEN_SWITCH	999292952
Setting.SET_CAR_INSIDE_REAR_MIRROR_SCREEN_SWITCH_SET	1306529820
Setting.SET_CAR_LEFT_HOME_LIGHT_DELAY	215192
Setting.SET_CAR_LEFT_HOME_LIGHT_DELAY_SET	532975
Setting.SET_CAR_LEFT_HOME_LIGHT_DELAY_VALUE	1072693296
Setting.SET_CAR_LEFT_HOME_LIGHT_DELAY_VALUE_SET	1312817173
Setting.SET_CAR_LIGHT_NIGHT	118614
Setting.SET_CAR_LIGHT_NIGHT_SET	593847
Setting.SET_CAR_LOCK_AUTO_WINDOW_DET	-924844000
Setting.SET_CAR_LOCK_CLOSEWINDOW	1222639648
Setting.SET_CAR_LOCK_CLOSEWINDOW_SET	1311768646
Setting.SET_CAR_LOCK_OFF	1081081878
Setting.SET_CAR_LOCK_OFF_SET	1312817176
Setting.SET_CAR_LOCK_REPLAY_VIDEO_SET	1306529824
Setting.SET_CAR_LOCK_WINDOW_CHILDREN	1222639642
Setting.SET_CAR_LPSWITCH_DNWINDOW_DET	-924844018
Setting.SET_CAR_LPSWITCH_UPWINDOW_DET	-924844020
Setting.SET_CAR_LPUNLOCKWINDOW	1222639630
Setting.SET_CAR_LPUNLOCKWINDOW_SET	1311768642
Setting.SET_CAR_L_VIEW	368501
Setting.SET_CAR_L_VIEW_SET	380901
Setting.SET_CAR_MICRO_SWITCH_LOCK_WINDOW	1222639628
Setting.SET_CAR_MICRO_SWITCH_LOCK_WINDOW_SET	1311768640
Setting.SET_CAR_NIGHT_SYS	950603
Setting.SET_CAR_NIGHT_SYS_SET	964705
Setting.SET_CAR_PANORAMIC_SUNROOF_DET	521280
Setting.SET_CAR_PEDESTRAIN_RECOGNIZE	429
Setting.SET_CAR_PEDESTRAIN_RECOGNIZE_SET	759304
Setting.SET_CAR_PM25_CTRL	42448
Setting.SET_CAR_PM25_CTRL_SET	1330642962
Setting.SET_CAR_PM25_POWER	1331691528
Setting.SET_CAR_PM25_POWER_SET	1330642964
Setting.SET_CAR_PM25_SW_CHECK	1331691532
Setting.SET_CAR_PM25_SW_CHECK_SET	1330642966
Setting.SET_CAR_PM25_TIME	1331691534
Setting.SET_CAR_PM25_TIME_SET	1330642968
Setting.SET_CAR_REAR_AC_DET	1127219226
Setting.SET_CAR_REAR_MIRROR_FLIP_ANGEL_DET	-918552514
Setting.SET_CAR_REAR_MIRROR_FLIP_DET	-918552552
Setting.SET_CAR_REAR_MIRROR_FLIP_DET_hal_only	-918552551
Setting.SET_CAR_REAR_VIEW	1228931096
Setting.SET_CAR_REAR_VIEW_437	1131413544
Setting.SET_CAR_REAR_VIEW_ANGLE	1228931134
Setting.SET_CAR_REAR_VIEW_SET	1312817180
Setting.SET_CAR_REMOTE_CTRL_UPWINDOW	1222639624
Setting.SET_CAR_REMOTE_CTRL_UPWINDOW_SET	1311768602
Setting.SET_CAR_REMOTE_DRIVING_DET	742668
Setting.SET_CAR_R_VIEW	1267728400
Setting.SET_CAR_R_VIEW_SET	673053
Setting.SET_CAR_SAFE_DR	732586
Setting.SET_CAR_SAFE_DR_SET	10657
Setting.SET_CAR_SPEECH_HINT	690565
Setting.SET_CAR_SPEECH_HINT_SET	607527
Setting.SET_CAR_SPEECH_VOL	258855
Setting.SET_CAR_SPEECH_VOL_SET	503316514
Setting.SET_CAR_STEER_BACK_DET	-918552542
Setting.SET_CAR_ST_ACCOUNT_LINKAGE_CONFIG	1261437187
Setting.SET_CAR_ST_ACCOUNT_LINKAGE_CONFIG_hal_only	1291845641
Setting.SET_CAR_ST_AUTO_RETURN	1228931106
Setting.SET_CAR_ST_AUTO_RETURN_SET	1312817211
Setting.SET_CAR_TELECTRL_DNWINDOW_DET	-924844022
Setting.SET_CAR_TELECTRL_UPWINDOW_DET	-924844024
Setting.SET_CAR_UNLOCK_AUTO_WINDOW_DET	358911
Setting.SET_CAR_UNLOCK_SETTING_DET	-1066401770
Setting.SET_CAR_WARN	271462
Setting.SET_CAR_WARN_SET	920793
Setting.SET_CHOOSE_ACCOUNT_SET	871366688
Setting.SET_CMD_BTCALL_STATE_SET	1138753589
Setting.SET_CMD_BT_KEY_MAC	1207975952
Setting.SET_CMD_BT_LOW_POWER_MODE	1085341712
Setting.SET_CMD_BT_MAC_ADDR_SET	1084489744
Setting.SET_CMD_HEADLAMP_HEIGHT_CONFIG	1072693262
Setting.SET_CMD_HEADLAMP_HEIGHT_GEAR_CONFIG	1072693301
Setting.SET_CMD_HEADLAMP_HEIGHT_LEVEL	794524
Setting.SET_CMD_HEADLAMP_HEIGHT_LEVEL_SET	1125122084
Setting.SET_CMD_LEFT_HEAD_LIGHT_LEVEL	985661459
Setting.SET_CMD_LEFT_HEAD_LIGHT_LEVEL_2nd	950009884
Setting.SET_CMD_RIGHT_HEAD_LIGHT_LEVEL	986710035
Setting.SET_CMD_WHEEL_DOOR_KEY	1116733456
Setting.SET_COMFORT_MODE_CONTROL_SWITCH_SIGNAL_SET	944767034
Setting.SET_COOLING_ADJUST	1151336456
Setting.SET_COOLING_ADJUST_SET	1324376096
Setting.SET_COURTESY_LAMP_TIME	960495632
Setting.SET_COURTESY_LAMP_TIME_SET	1043333157
Setting.SET_CO_DRIVER_SEAT_MASSAGE_WORKING_MODE_SET	1276190756
Setting.SET_CO_DRIVING_SEAT_MASSAGE_WORK_INTENSUTY_SET	1276190739
Setting.SET_CRUISE_BUTTON	684720158
Setting.SET_DD_RECALL_AUDIO_VIDEO_SET	207649
Setting.SET_DECOUPLING_ELECTROMAGNETIC_LOCK_STATE	920649784
Setting.SET_DECOUPLING_POSITION_SENSOR_STATE	920649781
Setting.SET_DELETE_ACCOUNT_SET	1324556320
Setting.SET_DIGITAL_PANEL_TEST_MODE_SET	934770
Setting.SET_DIMMING_CANOPY_TOO_LOW_TEMPERATURE_FAULT	1282408802
Setting.SET_DIMMING_CONTROLLER_CONFIG	729228
Setting.SET_DIRECTION_FUNCTION_STATUS_FEEDBACK	1010952
Setting.SET_DIRECTION_FUNCTION_STATUS_SET	16134
Setting.SET_DM_PLATFORM	785383432
Setting.SET_DOOR_WINDOW_RESET_SET	1043333170
Setting.SET_DRIVER_SEAT_BACKREST_SIGNAL_SET	1276137492
Setting.SET_DRIVER_SEAT_BALANCE_SIGNAL_SET	1276137488
Setting.SET_DRIVER_SEAT_BIDET_SIGNAL_SET	1276137494
Setting.SET_DRIVER_SEAT_HEATING_STATE	1335885835
Setting.SET_DRIVER_SEAT_HEATING_STATE1	1000967
Setting.SET_DRIVER_SEAT_HEATING_STATE_SET	1125122068
Setting.SET_DRIVER_SEAT_HEATING_STATE_hal_only	1131413571
Setting.SET_DRIVER_SEAT_HEIGHT_SIGNAL_SET	1276137490
Setting.SET_DRIVER_SEAT_LEGREST_CONFIG	108808
Setting.SET_DRIVER_SEAT_VENTILATING_STATE	1335885832
Setting.SET_DRIVER_SEAT_VENTILATING_STATE_SET	1125122064
Setting.SET_DRIVER_SEAT_VENTILATING_STATE_hal_only	1131413568
Setting.SET_DRIVE_CONFIG_TYPE	873463864
Setting.SET_DRIVING_LAMP_SET	1330642953
Setting.SET_DRIVING_RECORDER_PICTURE_SET	1330643007
Setting.SET_DR_CHARGER_PORT	1196425228
Setting.SET_DR_CHARGER_PORT_2nd	451978
Setting.SET_DR_CHARGER_PORT_SET	1311768630
Setting.SET_DR_ENERGY_FB	873463842
Setting.SET_DR_ENERGY_FB_CONFIG	542115866
Setting.SET_DR_ENERGY_FB_SET	1311768613
Setting.SET_DR_SOC_TARGET	873463848
Setting.SET_DR_SOC_TARGET_SET	1311768632
Setting.SET_DR_ST_ASSIS	616562704
Setting.SET_DR_ST_ASSIS_SET	1311768610
Setting.SET_DYNAMIC_NAVI_FUNCTION_STATUS_FEEDBACK	951058472
Setting.SET_DYNAMIC_NAVI_FUNCTION_STATUS_SET	1276174394
Setting.SET_DYNAMIC_SUSPENSION_ACTUAL_OPERATING_MODE	938475528
Setting.SET_ELECTRIC_RANGE	877658160
Setting.SET_ELECT_STABILITY_SYSTEM_ADIUST	838860825
Setting.SET_ELECT_STABILITY_SYSTEM_ADIUST_SET	997195830
Setting.SET_EMERGENCY_CALL_SIGNAL	1050673192
Setting.SET_ENERGY_GIVE_BACK_STRENGTH	656408608
Setting.SET_ENERGY_GIVE_BACK_STRENGTH_SET	1324376088
Setting.SET_ENGINEOIL_EXIT_UPDATE	89128977
Setting.SET_ENGINEOIL_EXIT_UPDATE_SET	1312817215
Setting.SET_ENGINE_OIL_LEVEL	818937912
Setting.SET_ENGINE_OIL_ONLINE	818937912
Setting.SET_ENGINE_OIL_UPDATE_SIGNAL	590348312
Setting.SET_EPS_PERMISSION	616562707
Setting.SET_EXHIBITION_MODE	836763656
Setting.SET_EXHIBITION_START_ENGINE_PERMIT_SET	782237712
Setting.SET_EXHIBITION_START_ENGINE_PROMPT	1186988092
Setting.SET_E_PEDAL_MODE_CONFIG	888143928
Setting.SET_E_PEDAL_MODE_STATE	888143930
Setting.SET_E_PEDAL_MODE_STATE_SET	734003240
Setting.SET_FACTORY_RESET_ALL_SET	1043333136
Setting.SET_FAULT_ALARM_FEEDBACK	951058464
Setting.SET_FAULT_ALARM_SET	186852
Setting.SET_FESTIVAL_INFORMATION_SET	1083183144
Setting.SET_FRONT_LEFT_SEAT_MASSAGE_CONFIG	1335885879
Setting.SET_FRONT_LEFT_SEAT_MASSAGE_CONFIG_3CE_hal_only	1021313052
Setting.SET_FRONT_LEFT_SEAT_MASSAGE_LEVEL	1335885876
Setting.SET_FRONT_LEFT_SEAT_MASSAGE_LEVEL_3CE_hal_only	1021313068
Setting.SET_FRONT_LEFT_SEAT_MASSAGE_MODE	1335885872
Setting.SET_FRONT_LEFT_SEAT_MASSAGE_MODE_3CE_hal_only	1021313064
Setting.SET_FRONT_RIGHT_SEAT_MASSAGE_CONFIG	1335885887
Setting.SET_FRONT_RIGHT_SEAT_MASSAGE_CONFIG_3D3_hal_only	1026555932
Setting.SET_FRONT_RIGHT_SEAT_MASSAGE_LEVEL	1335885884
Setting.SET_FRONT_RIGHT_SEAT_MASSAGE_LEVEL_3D3_hal_only	1026555948
Setting.SET_FRONT_RIGHT_SEAT_MASSAGE_MODE	1335885880
Setting.SET_FRONT_RIGHT_SEAT_MASSAGE_MODE_3D3_hal_only	1026555944
Setting.SET_FRONT_SHAPE_TYPE	469989
Setting.SET_FRONT_WINDSCREEN_WIPER_OVERHAUL_STATE	1196425244
Setting.SET_FRONT_WINDSCREEN_WIPER_OVERHAUL_STATE_SET	1330642972
Setting.SET_FSE_BOOT_CARTOON_FRAME_SET_GET	459309088
Setting.SET_FSE_HUD_CONFIG_SET	1280311307
Setting.SET_FSE_HUD_MODE_CHOICE_SET	1280311318
Setting.SET_FSE_HUD_MODE_FEEDBACK_SET	1280311304
Setting.SET_FSE_INTELLIGENT_PROIECTION_CONFIG_SET	1280311311
Setting.SET_FSE_INTELLIGENT_PROIECTION_SWITCH_SET	1280311316
Setting.SET_FSE_INTELLIGENT_PROIECTION_SWITCH_SET_1B6	459317264
Setting.SET_FSE_INTERIOR_ATMOSPHERE_LAMP_AREA_SET_hal_only	459300908
Setting.SET_FSE_INTERIOR_ATMOSPHERE_LAMP_COLOR_SET_hal_only	459300920
Setting.SET_FSE_MUSIC_MODE_STATE_SET_hal_only	459280408
Setting.SET_FSE_NAVIGATION_FUSION_SWITCH_SET	1280311314
Setting.SET_FSE_OFF_ROAD_MODE_CONFIG_SET	1280311310
Setting.SET_FSE_SAFETY_DRIVING_AID_FUSION_SWITCH_SET	1280311312
Setting.SET_GAMECAR_AIR_REGULATION_SET	768606248
Setting.SET_GAMECAR_ATMOSPHERE_LAMP_EFFECT_SET	768606240
Setting.SET_GAMECAR_MAX_RESPONSE_ANGEL_SET	768606244
Setting.SET_GAMECAR_PERFUME_CONFIGURATION_SET	1035925
Setting.SET_GAMECAR_SAFETYBELT_STATUS_SET	315762
Setting.SET_GAMECAR_VIRTUAL_SPEED_SET	768606216
Setting.SET_GAME_AC_RELATED_STATE	1301291056
Setting.SET_GAME_AC_RELATED_STATE_SET	734003244
Setting.SET_GAME_AL_RELATED_STATE	845025
Setting.SET_GAME_AL_RELATED_STATE_SET	734003253
Setting.SET_GAME_APADEL_MAP_SET	734003248
Setting.SET_GAME_ATL_COLOR_SET	665845800
Setting.SET_GAME_BPADEL_MAP_SET	734003245
Setting.SET_GAME_CAR_CONFIGURATION	920649748
Setting.SET_GAME_CENTER	771752000
Setting.SET_GAME_GEAR_REAL_LEVEL	133227
Setting.SET_GAME_GEAR_REAL_LEVEL_VALID	557215
Setting.SET_GAME_GEAR_SHIFT_RECOGNISE_STATUS	901775376
Setting.SET_GAME_GEAR_SHIFT_REMIND	901775392
Setting.SET_GAME_GEAR_SHIFT_SYS_STATUS	901775368
Setting.SET_GAME_HFEELING_SETTING	929038356
Setting.SET_GAME_HFEELING_SETTING_2nd	772800549
Setting.SET_GAME_HFEELING_SETTING_SET	665845780
Setting.SET_GAME_MODEL	771751997
Setting.SET_GAME_MODE_CONDITION	920649736
Setting.SET_GAME_MODE_INFOTEXT_SET	665845776
Setting.SET_GAME_MODE_SET	665845768
Setting.SET_GAME_MODE_STATUS_SET	665845770
Setting.SET_GAME_MODE_VCU_STATUS	920649737
Setting.SET_GAME_SGS_COUPLING	929038344
Setting.SET_GAME_SGS_COUPLING_FLAG	929038347
Setting.SET_GAME_SGS_COUPLING_REQ_SET	734003251
Setting.SET_GAME_SGS_RESET_STATUS	929038348
Setting.SET_GAME_SPECIAL_MODE_SET	665845792
Setting.SET_GAME_SWHEEL_ANGLE	337641480
Setting.SET_GAME_SWHEEL_ANGLE_VALID	337641504
Setting.SET_GAME_SWHEEL_SENSOR_CAL_STATUS	337641505
Setting.SET_GAME_SWHEEL_SET	734003256
Setting.SET_GAME_SWS_BT_PAIRED_FLAG_SET	665845773
Setting.SET_GAME_SWS_BT_PAIRING_STATE	771751998
Setting.SET_GAME_SWS_BT_REQ_SET	734003242
Setting.SET_GAME_SWS_BT_STATUS	771751992
Setting.SET_GAME_SWS_CONFIG	87061
Setting.SET_GAME_SWS_MAC_ADDR	771751944
Setting.SET_GAME_SWS_MAC_ADDR_SET	1276162064
Setting.SET_GAME_SWS_MAPPING	771751996
Setting.SET_GAME_SWS_STATUS	771751994
Setting.SET_GAME_VCU_TEXT_INFO	920649740
Setting.SET_GPS_SIGNAL_SET	1841301543
Setting.SET_HANDLE_AUTO_RESET	1081081921
Setting.SET_HANDLE_AUTO_RESET_ONLINE	-1066401727
Setting.SET_HANDLE_AUTO_RESET_SET	1324556312
Setting.SET_HAS_BT_CALL_REDUCTION_WIND	1301291008
Setting.SET_HAS_DRIVER_SEAT_HEATING	-811597813
Setting.SET_HAS_DRIVER_SEAT_HEATING1	-1153433534
Setting.SET_HAS_DRIVER_SEAT_VENTILATING	-811597816
Setting.SET_HAS_DYNAMIC_SUSPENSION	938475585
Setting.SET_HAS_DYNAMIC_SUSPENSION_hal_only	629145651
Setting.SET_HAS_FOUR_WHEEL_DRIVE	873463847
Setting.SET_HAS_FRONT_WINDSCREEN_WIPER_OVERHAUL	-951058404
Setting.SET_HAS_INTERIOR_ATMOSPHERE_LAMP	1072693248
Setting.SET_HAS_LANTERN_LANGUAGE_MODE	-1310719988
Setting.SET_HAS_OVERSPEED_LOCKING	-1066401772
Setting.SET_HAS_PARKING_AUTO_INNER_LOOP	1301291008
Setting.SET_HAS_PASSENGER_SEAT_HEATING	-811597805
Setting.SET_HAS_PASSENGER_SEAT_HEATING1	-1153433532
Setting.SET_HAS_PASSENGER_SEAT_VENTILATING	-811597808
Setting.SET_HAS_POWER_STEERING	616562712
Setting.SET_HAS_REAR_LEFT_SEAT_HEATING	-933232629
Setting.SET_HAS_REAR_LEFT_SEAT_VENTILATING	-933232632
Setting.SET_HAS_REAR_RIGHT_SEAT_HEATING	-933232621
Setting.SET_HAS_REAR_RIGHT_SEAT_VENTILATING	-933232624
Setting.SET_HAS_REAR_WINDSCREEN_WIPER_OVERHAUL	1196425246
Setting.SET_HAS_SEAT_HEATING_AND_VENTILATING	-811597816
Setting.SET_HAS_SOC_TARGET	130532
Setting.SET_HAS_STEERING_WHEEL_VIBRATION_FUNTION	684720140
Setting.SET_HAS_TUNNEL_AUTO_INNER_LOOP	1301291024
Setting.SET_HAVE_REARVIEW_MIRROR_AUTO_FOLD	1081081882
Setting.SET_HEIGHT_DECIMAL_PART_SET	1841301520
Setting.SET_HEIGHT_GEAR_FEEDBACK	951058440
Setting.SET_HEIGHT_GEAR_SET	1276174352
Setting.SET_HEIGHT_INTEGER_PART_SET	1841301528
Setting.SET_HOTSPOT_PASSWORD	-1728052719
Setting.SET_HOTSPOT_USERNAME	-1728052718
Setting.SET_HUD_CONFIG	951058453
Setting.SET_HUD_MODE_CHOICE	951058488
Setting.SET_HUD_MODE_CHOICE_SET	1276174396
Setting.SET_HUD_MODE_FEEDBACK	951058445
Setting.SET_HUD_MODE_SET	1276174373
Setting.SET_HUD_SWITCH_SET	1276174371
Setting.SET_HUD_SWITCH_STATUS_FEEDBACK	951058460
Setting.SET_IAL_ALL_BRIGHTNESS	275985
Setting.SET_IAL_ALL_COLOR	175642
Setting.SET_IAL_AREA_CONFIG	1072693315
Setting.SET_IAL_AREA_SPECIFIC_CONFIG	-1074790333
Setting.SET_IAL_BACK_BRIGHTNESS	1121976332
Setting.SET_IAL_BACK_COLOR	1121976343
Setting.SET_IAL_BRIGHTNESS_CONFIG	1072693312
Setting.SET_IAL_COLOR_CONFIG	1072693258
Setting.SET_IAL_FRONT_BRIGHTNESS	1121976328
Setting.SET_IAL_FRONT_COLOR	1121976336
Setting.SET_INSIDE_LIGHT_DOOR_ONLINE	1072693256
Setting.SET_INSIDE_LIGHT_DOOR_STATE	1121976363
Setting.SET_INSIDE_LIGHT_DOOR_STATE_2nd	1072693286
Setting.SET_INSIDE_LIGHT_DOOR_STATE_SET	1330643000
Setting.SET_INSIDE_LIGHT_ONLINE	1072693257
Setting.SET_INSIDE_LIGHT_STATE	1121976365
Setting.SET_INSIDE_LIGHT_STATE_SET	1330643002
Setting.SET_INSIDE_LIGHT_STATE_SET_rse_hal_only	412233780
Setting.SET_INSTRUEMT_AC_KEY	1313869840
Setting.SET_INSTRUEMT_AC_KEY_2nd	1323298832
Setting.SET_INSTRUMENT_BACKLIGHT_CTL_TYPE	1274019885
Setting.SET_INS_THEME_VALUE	1237319720
Setting.SET_INS_THEME_VALUE_SET	1312817192
Setting.SET_INTELLIGENT_PROIECTION_CONFIG	951058490
Setting.SET_INTELLIGENT_PROIECTION_SWITCH	951058486
Setting.SET_INTELLIGENT_PROIECTION_SWITCH_SET	1276174392
Setting.SET_INTERIOR_ATMOSPHERE_LAMP_AREA	1121976352
Setting.SET_INTERIOR_ATMOSPHERE_LAMP_AREA_SET	1069547540
Setting.SET_INTERIOR_ATMOSPHERE_LAMP_BRIGHTNESS	522414
Setting.SET_INTERIOR_ATMOSPHERE_LAMP_BRIGHTNESS_SET	1069547536
Setting.SET_INTERIOR_ATMOSPHERE_LAMP_BRIGHTNESS_SET_FSE_hal_only	459300904
Setting.SET_INTERIOR_ATMOSPHERE_LAMP_COLOR	283586
Setting.SET_INTERIOR_ATMOSPHERE_LAMP_COLOR_SET	1069547528
Setting.SET_INTERIOR_ATMOSPHERE_LAMP_SOURCE_SET	1069547575
Setting.SET_INTERIOR_LAMP_DURATION	960495637
Setting.SET_INTERIOR_LAMP_DURATION_SET	1043333154
Setting.SET_ITAC_CONFIG	656408614
Setting.SET_ITAC_STATE	656408615
Setting.SET_ITAC_STATE_SET	1324376094
Setting.SET_IVI_BOOT_CARTOON_FRAME_SET_GET	1276239912
Setting.SET_IVI_SCENE_MODE_SET	871366696
Setting.SET_K_MODE_ATMOSPHERE_LAMP_STATE	679477517
Setting.SET_K_MODE_ATMOSPHERE_LAMP_STATE_FSE_SET_hal_only	1278214152
Setting.SET_K_MODE_ATMOSPHERE_LAMP_STATE_SET	1276153883
Setting.SET_K_MODE_ATMOSPHERE_LAMP_STATE_SET_hal_only	412106780
Setting.SET_K_MODE_ATMOSPHERE_LAMP_STATE_hal_only	1121976386
Setting.SET_LANE_LINE_CURVATURE	883949604
Setting.SET_LANGUAGE_RESET_SET	1043333189
Setting.SET_LANGUAGE_TYPE	1237319690
Setting.SET_LANGUAGE_TYPE_OVERSEA_SET	1276149800
Setting.SET_LANGUAGE_TYPE_SET	1312817162
Setting.SET_LANTERN_LANGUAGE_FUNCTION	836763667
Setting.SET_LANTERN_LANGUAGE_MODE	836763660
Setting.SET_LANTERN_LANGUAGE_MODE_SET	1276157994
Setting.SET_LEARNER_DRIVER_ACC_LIMIT_STATE	888143912
Setting.SET_LEARNER_DRIVER_MODE_CONIG	888143916
Setting.SET_LEARNER_DRIVER_MODE_STATE	888143909
Setting.SET_LEARNER_DRIVER_MODE_STATE_SET	734003208
Setting.SET_LEFT_BUTTON	684720167
Setting.SET_LEFT_FIELD_PLATFORM	692060202
Setting.SET_LEFT_LANE_LINE_TYPE	883949576
Setting.SET_LEFT_LANE_LINE_Y_DISTANCE	883949580
Setting.SET_LEFT_OUT_MIRROR_POS_UPDATE_STATE	1228931136
Setting.SET_LEFT_REAR_SEAT_MASSAGE_WORKING_MODE_SET	1276190760
Setting.SET_LEFT_ROCKER_XDIRECTION	684720168
Setting.SET_LEFT_ROCKER_YDIRECTION	684720176
Setting.SET_LF_HEADREST_SIGNAL_SET	1276137520
Setting.SET_LF_LEG_REST_SIGNAL_SET	1276137523
Setting.SET_LF_MEMORY_LOCATION_SET	1276186678
Setting.SET_LF_MEMORY_LOCATION_WAKE_SET	1276186686
Setting.SET_LOCK_RESET_SET	1043333171
Setting.SET_LOCK_WELCOME_MODE	1261437163
Setting.SET_LOCK_WELCOME_MODE_SET	1276219453
Setting.SET_LR_BACKREST_SIGNAL_SET	1276186656
Setting.SET_LR_BALANCE_SIGNAL_SET	1276186652
Setting.SET_LR_BIDET_SIGNAL_SET	1276186658
Setting.SET_LR_HEADREST_SIGNAL_SET	1276186662
Setting.SET_LR_HEIGHT_SIGNAL_SET	1276186654
Setting.SET_LR_LEG_REST_SIGNAL_SET	1276186660
Setting.SET_LR_MEMORY_LOCATION_SET	1276186682
Setting.SET_LR_MEMORY_LOCATION_SET_LRSE_hal_only	412110904
Setting.SET_LR_MEMORY_LOCATION_WAKE_SET	1276186690
Setting.SET_LR_MEMORY_LOCATION_WAKE_SET_LRSE_hal_only	412110908
Setting.SET_MAINDRIVER_SEAT_BACK_SWITCH_SIGNAL_SET	1276215314
Setting.SET_MAINDRIVER_SEAT_BASIN_SWITCH_SIGNAL_SET	1276215316
Setting.SET_MAINDRIVER_SEAT_HORIZONTAL_POSITION_SIGNAL_SET	1276215312
Setting.SET_MAINFRIVER_SEAT_HEIGHT_SWITCH_SIGNAL_SET	1276215318
Setting.SET_MAINTAIN_REMIND_STATE	89128986
Setting.SET_MAIN_DRIVER_SEAT_MASSAGE_WORKING_MODE_SET	1276190752
Setting.SET_MAIN_DRIVING_SEAT_ACTIVE_FLANK_ADJUST	1261437360
Setting.SET_MAIN_DRIVING_SEAT_ACTIVE_FLANK_ADJUST_3CE_hal_only	1021313074
Setting.SET_MAIN_DRIVING_SEAT_ACTIVE_FLANK_ADJUST_SET	1276190776
Setting.SET_MAIN_DRIVING_SEAT_ACTIVE_FLANK_CONFIG	1261437363
Setting.SET_MAIN_DRIVING_SEAT_ACTIVE_FLANK_CONFIG_3CE_hal_only	1021313054
Setting.SET_MAIN_DRIVING_SEAT_ACTIVE_FLANK_WORK_INTENSITY	1261437364
Setting.SET_MAIN_DRIVING_SEAT_ACTIVE_FLANK_WORK_INTENSITY_3CE_hal_only	1021313086
Setting.SET_MAIN_DRIVING_SEAT_ACTIVE_FLANK_WORK_INTENSITY_SET	1276190744
Setting.SET_MAIN_DRIVING_SEAT_ACTIVE_FLANK_WORK_STATUS_SET	1276190742
Setting.SET_MAIN_DRIVING_SEAT_HOT_STONE_MASSAGE_CONFIG	1261437416
Setting.SET_MAIN_DRIVING_SEAT_HOT_STONE_MASSAGE_CONFIG_3CE_hal_only	1021313053
Setting.SET_MAIN_DRIVING_SEAT_MASSAGE_WORK_INTENSUTY_SET	1276190736
Setting.SET_MAP_SENDING_STATUS_SET	1276174365
Setting.SET_MAX_EV_MEMORY_GUIDE_STATE	1175453713
Setting.SET_MAX_EV_MEMORY_ONLINE	-972029940
Setting.SET_MAX_EV_MEMORY_STATE	1175453708
Setting.SET_MAX_EV_MEMORY_STATE_SET	734003268
Setting.SET_MCU_INFORM_IVI_POWER_OFF	-1728053178
Setting.SET_MCU_REBOOT_COMPLETE	-1728052943
Setting.SET_MEB_SWITCH_SET	348370
Setting.SET_MEDIA_INFO_OF_SEAT_POSITION_SAVE	-918552520
Setting.SET_MEM_SET_METHOD_SIGNAL	1228931137
Setting.SET_MESSAGE_COUNTER_SET	665845820
Setting.SET_METER_DEPTH_MODE_SET	1276174368
Setting.SET_MIC_ROUTE_TYPE	-1728052921
Setting.SET_MIC_TYPE	-1728052942
Setting.SET_MILEAGE_DISPLAY_STANDARD_CONFIGUTATION	879755296
Setting.SET_MILEAGE_DISPLAY_STANDARD_STATUS	879755297
Setting.SET_MILEAGE_DISPLAY_STANDARD_STATUS_SET	782237755
Setting.SET_MMS_AUTO_TIME	237704
Setting.SET_MMS_AUTO_TIME_SET	579340
Setting.SET_MMS_BELT	171154
Setting.SET_MMS_BELT_SET	10723
Setting.SET_MMS_DOOR_CLOSE	225854
Setting.SET_MMS_DOOR_CLOSE_SET	59493
Setting.SET_MMS_FREE_P	535851
Setting.SET_MMS_FREE_P_SET	610546
Setting.SET_MMS_KEY_LOW	44967
Setting.SET_MMS_KEY_LOW_SET	81614
Setting.SET_MMS_LEAVE_P	518029
Setting.SET_MMS_LEAVE_P_SET	975481
Setting.SET_MMS_LOW_BAT	602227
Setting.SET_MMS_LOW_BAT_SET	783365
Setting.SET_MMS_LOW_OIL	970419
Setting.SET_MMS_LOW_OIL_SET	790407
Setting.SET_MMS_MIS_KEY	629218
Setting.SET_MMS_MIS_KEY_SET	327418
Setting.SET_MMS_NIGHT_DR	458696
Setting.SET_MMS_NIGHT_DR_SET	701003
Setting.SET_MMS_START_F	131880
Setting.SET_MMS_START_F_SET	359486
Setting.SET_MMS_STOP_REMOTECTRL_DRIVE	137669
Setting.SET_MMS_STOP_REMOTECTRL_DRIVE_SET	461735
Setting.SET_MODE_BUTTON	684720164
Setting.SET_MULTIMEDIA_ELECTRIC_MOTOR_DIRECTION	1106247692
Setting.SET_MULTIMEDIA_ELECTRIC_MOTOR_EVENTS_TRIGGER	1106247694
Setting.SET_MULTIMEDIA_ELECTRIC_MOTOR_STATUS	1106247688
Setting.SET_MULTIMEDIA_ELECTRIC_MOTOR_SWITCH_TRIGGER	1106247696
Setting.SET_MULTIMEDIA_ELECTRIC_MOTOR_TEMP	1106247706
Setting.SET_MULTIMEDIA_ELECTRIC_MOTOR_VOLTAGE_CONDITION	1106247704
Setting.SET_MUSIC_DISPLAY_FUNCTION_STATUS_FEEDBACK	878697
Setting.SET_MUSIC_DISPLAY_FUNCTION_STATUS_SET	513031
Setting.SET_MUSIC_MODE_STATE	1121976384
Setting.SET_MUSIC_MODE_STATE_ONLINE	-1025507264
Setting.SET_MUSIC_MODE_STATE_SET	1276153881
Setting.SET_MUTE_BUTTON	485932
Setting.SET_NAP_MODE_ENTER_SET	850436160
Setting.SET_NAP_MODE_SET	230867
Setting.SET_NAVIGATION_FUSION_SWITCH	951058484
Setting.SET_NAVIGATION_FUSION_SWITCH_SET	1276174390
Setting.SET_NAVI_SCREEN_STATUS_SET	1276174357
Setting.SET_NFC_KEY_SERIAL_NO	-1728052888
Setting.SET_NFC_MODULE_ASSEMBLY_IDENTIFICATION	1130364946
Setting.SET_NIGHT_DRIVE_LIGHT_ON_REMINDER	1072693263
Setting.SET_OFF_ROAD_MODE_CONFIG	951058468
Setting.SET_OIL_LIFE	590348352
Setting.SET_OIL_PROMPT	590348346
Setting.SET_OIL_RESET_SET	782237706
Setting.SET_OUTSIDE_REARVIEW_MIRROR_FOLD_SET	1276157992
Setting.SET_OVERSPEED_LOCKING_STATE	1081081876
Setting.SET_OVERSPEED_LOCKING_STATE_SET	1312817160
Setting.SET_PAD_ROTATION_SET	1330643005
Setting.SET_PANORAMIC_IMAGE_BUTTON	684720155
Setting.SET_PASSENGER_SEAT_ACTIVE_FLANK_ADJUST	1261437368
Setting.SET_PASSENGER_SEAT_ACTIVE_FLANK_ADJUST_3D3_hal_only	1026555954
Setting.SET_PASSENGER_SEAT_ACTIVE_FLANK_ADJUST_SET	1276190781
Setting.SET_PASSENGER_SEAT_ACTIVE_FLANK_CONFIG	1261437371
Setting.SET_PASSENGER_SEAT_ACTIVE_FLANK_CONFIG_3D3_hal_only	1026555934
Setting.SET_PASSENGER_SEAT_ACTIVE_FLANK_INTENSITY	1261437366
Setting.SET_PASSENGER_SEAT_ACTIVE_FLANK_INTENSITY_3D3_hal_only	1026555966
Setting.SET_PASSENGER_SEAT_ACTIVE_FLANK_WORK_INTENSITY_SET	1276190784
Setting.SET_PASSENGER_SEAT_ACTIVE_FLANK_WORK_STATUS_SET	1276190779
Setting.SET_PASSENGER_SEAT_BACK_ADJUST_SET	412110898
Setting.SET_PASSENGER_SEAT_ELEC_ADJUST_CONFIG	1017118764
Setting.SET_PASSENGER_SEAT_HEATING_STATE	1335885843
Setting.SET_PASSENGER_SEAT_HEATING_STATE1	448381
Setting.SET_PASSENGER_SEAT_HEATING_STATE_2nd	1103101963
Setting.SET_PASSENGER_SEAT_HEATING_STATE_SET	1125122076
Setting.SET_PASSENGER_SEAT_HORIZONTAL_ADJUST_SET	412110896
Setting.SET_PASSENGER_SEAT_HOT_STONE_MASSAGE_CONFIG	1261437417
Setting.SET_PASSENGER_SEAT_HOT_STONE_MASSAGE_CONFIG_3D3_hal_only	1026555933
Setting.SET_PASSENGER_SEAT_VENTILATING_STATE	1335885840
Setting.SET_PASSENGER_SEAT_VENTILATING_STATE_2nd	1103101960
Setting.SET_PASSENGER_SEAT_VENTILATING_STATE_SET	1125122072
Setting.SET_PET_MODE_SET	1083183139
Setting.SET_PHONE_BUTTON	684720166
Setting.SET_POWER_OFF_REMINDER	1128267784
Setting.SET_POWER_OFF_REMINDER_SET	503316492
Setting.SET_QUERY_ALL_STATE_SET	845399
Setting.SET_RCS_AWNING_AUTOMATIC_ADJUST_BRIGHTNESS_SET_hal_only	589312032
Setting.SET_RCS_AWNING_ELECTRICITY_BACK_DARKEN_SET_hal_only	589312034
Setting.SET_RCS_AWNING_TRANSMITTING_INSTRUCTION_SET_hal_only	589312024
Setting.SET_RCS_INTERIOR_ATMOSPHERE_LAMP_AREA_SET_hal_only	786432044
Setting.SET_RCS_INTERIOR_ATMOSPHERE_LAMP_BRIGHTNESS_SET_hal_only	786432040
Setting.SET_RCS_INTERIOR_ATMOSPHERE_LAMP_COLOR_SET	589320233
Setting.SET_RCS_INTERIOR_ATMOSPHERE_LAMP_COLOR_SET_hal_only	589320256
Setting.SET_RCS_LEFT_REAR_SEAT_MASSAGE_WORKING_MODE_SET_hal_only	750780448
Setting.SET_RCS_LR_BACKREST_SIGNAL_SET_hal_only	589303848
Setting.SET_RCS_LR_BALANCE_SIGNAL_SET_hal_only	589303844
Setting.SET_RCS_LR_BIDET_SIGNAL_SET_hal_only	589303850
Setting.SET_RCS_LR_HEADREST_SIGNAL_SET_hal_only	589303854
Setting.SET_RCS_LR_HEIGHT_SIGNAL_SET_hal_only	589303846
Setting.SET_RCS_LR_LEG_REST_SIGNAL_SET_hal_only	589303852
Setting.SET_RCS_LR_MEMORY_LOCATION_SET_hal_only	589303870
Setting.SET_RCS_LR_MEMORY_LOCATION_WAKE_SET_hal_only	589303874
Setting.SET_RCS_MUSIC_MODE_STATE_SET_hal_only	589320240
Setting.SET_RCS_REAR_LEFT_SEAT_HEATING_STATE_SET_hal_only	750780427
Setting.SET_RCS_REAR_LEFT_SEAT_VENTILATING_STATE_SET_hal_only	750780424
Setting.SET_RCS_REAR_RIGHT_SEAT_HEATING_STATE_SET_hal_only	750780469
Setting.SET_RCS_REAR_RIGHT_SEAT_VENTILATING_STATE_SET_hal_only	750780444
Setting.SET_RCS_REAR_SUNSHADE_PANEL_PERCENT_SET_hal_only	589312016
Setting.SET_RCS_RIGHT_REAR_SEAT_MASSAGE_WORKING_MODE_SET_hal_only	750780456
Setting.SET_RCS_RR_BACKREST_SIGNAL_SET_hal_only	589303860
Setting.SET_RCS_RR_BALANCE_SIGNAL_SET_hal_only	589303856
Setting.SET_RCS_RR_BIDET_SIGNAL_SET_hal_only	589303862
Setting.SET_RCS_RR_HEADREST_SIGNAL_SET_hal_only	589303866
Setting.SET_RCS_RR_HEIGHT_SIGNAL_SET_hal_only	589303858
Setting.SET_RCS_RR_LEG_REST_SIGNAL_SET_hal_only	589303864
Setting.SET_RCS_RR_MEMORY_LOCATION_SET_hal_only	589303872
Setting.SET_RCS_RR_MEMORY_LOCATION_WAKE_SET_hal_only	589303876
Setting.SET_RCS_WORKING_INTENSITY_OF_LEFT_REAR_SEAT_MASSAGE_SET_hal_only	750780452
Setting.SET_RCS_WORKING_INTENSITY_OF_RIGHT_REAR_SEAT_MASSAGE_SET_hal_only	750780460
Setting.SET_READING_LIGHT_RESET_SET	1043333181
Setting.SET_REARVIEW_ACCOUNT_LINKAGE_CONFIG	1261437188
Setting.SET_REARVIEW_ACCOUNT_LINKAGE_CONFIG_hal_only	1291845642
Setting.SET_REAR_AC_PANEL_LOCK_TIME	1058013197
Setting.SET_REAR_AC_PANEL_LOCK_TIME_CONFIG	-1089470451
Setting.SET_REAR_AC_PANEL_LOCK_TIME_SET	1330642992
Setting.SET_REAR_LEFT_ELEC_DOOR_CONTROL_SET	412110886
Setting.SET_REAR_LEFT_SEAT_BACK_ADJUST_CONFIG	1214251056
Setting.SET_REAR_LEFT_SEAT_BACK_ADJUST_SET	412110900
Setting.SET_REAR_LEFT_SEAT_HEATING_STATE	1214251019
Setting.SET_REAR_LEFT_SEAT_HEATING_STATE_402_hal_only	1075839019
Setting.SET_REAR_LEFT_SEAT_HEATING_STATE_SET	1125122091
Setting.SET_REAR_LEFT_SEAT_HOT_STONE_MASSAGE_CONFIG	1261437418
Setting.SET_REAR_LEFT_SEAT_HOT_STONE_MASSAGE_CONFIG_4E2_hal_only	1310720029
Setting.SET_REAR_LEFT_SEAT_HOT_STONE_MASSAGE_CONFIG_RSE_hal_only	702545968
Setting.SET_REAR_LEFT_SEAT_LOW_CONFIG_MASSAGE_CONFIG	1075839036
Setting.SET_REAR_LEFT_SEAT_MASSAGE_CONFIG	1335885863
Setting.SET_REAR_LEFT_SEAT_MASSAGE_CONFIG_402_hal_only	1075839022
Setting.SET_REAR_LEFT_SEAT_MASSAGE_CONFIG_42F_hal_only	1123024942
Setting.SET_REAR_LEFT_SEAT_MASSAGE_CONFIG_486_hal_only	1214251047
Setting.SET_REAR_LEFT_SEAT_MASSAGE_CONFIG_4E2_hal_only	1310720028
Setting.SET_REAR_LEFT_SEAT_MASSAGE_CONFIG_VALUE_486_hal_only	-933232601
Setting.SET_REAR_LEFT_SEAT_MASSAGE_CONFIG_hal_only	-811597785
Setting.SET_REAR_LEFT_SEAT_MASSAGE_LEVEL	1335885860
Setting.SET_REAR_LEFT_SEAT_MASSAGE_LEVEL_402_hal_only	1075839028
Setting.SET_REAR_LEFT_SEAT_MASSAGE_LEVEL_42F_hal_only	1123024948
Setting.SET_REAR_LEFT_SEAT_MASSAGE_LEVEL_486_hal_only	1214251044
Setting.SET_REAR_LEFT_SEAT_MASSAGE_LEVEL_4E2_hal_only	1310720044
Setting.SET_REAR_LEFT_SEAT_MASSAGE_LEVEL_SET	750780452
Setting.SET_REAR_LEFT_SEAT_MASSAGE_MODE	1335885856
Setting.SET_REAR_LEFT_SEAT_MASSAGE_MODE_402_hal_only	1075839024
Setting.SET_REAR_LEFT_SEAT_MASSAGE_MODE_42F_hal_only	1123024944
Setting.SET_REAR_LEFT_SEAT_MASSAGE_MODE_486_hal_only	1214251040
Setting.SET_REAR_LEFT_SEAT_MASSAGE_MODE_4E2_hal_only	1310720040
Setting.SET_REAR_LEFT_SEAT_MASSAGE_MODE_SET	750780448
Setting.SET_REAR_LEFT_SEAT_VENTILATING_STATE	1214251016
Setting.SET_REAR_LEFT_SEAT_VENTILATING_STATE_402_hal_only	1075839016
Setting.SET_REAR_LEFT_SEAT_VENTILATING_STATE_SET	1125122088
Setting.SET_REAR_MIRROR_RESET_SET	1043333172
Setting.SET_REAR_RIGHT_ELEC_DOOR_CONTROL_SET	412110894
Setting.SET_REAR_RIGHT_SEAT_BACK_ADJUST_CONFIG	1214251057
Setting.SET_REAR_RIGHT_SEAT_BACK_ADJUST_SET	412110902
Setting.SET_REAR_RIGHT_SEAT_HEATING_STATE	1214251027
Setting.SET_REAR_RIGHT_SEAT_HEATING_STATE_42F_hal_only	1123024939
Setting.SET_REAR_RIGHT_SEAT_HEATING_STATE_SET	1125122099
Setting.SET_REAR_RIGHT_SEAT_HOT_STONE_MASSAGE_CONFIG	1261437419
Setting.SET_REAR_RIGHT_SEAT_HOT_STONE_MASSAGE_CONFIG_2E4_hal_only	775987217
Setting.SET_REAR_RIGHT_SEAT_HOT_STONE_MASSAGE_CONFIG_4EC_hal_only	1321205789
Setting.SET_REAR_RIGHT_SEAT_HOT_STONE_MASSAGE_CONFIG_RSE_hal_only	702545969
Setting.SET_REAR_RIGHT_SEAT_LOW_CONFIG_MASSAGE_CONFIG	1123024956
Setting.SET_REAR_RIGHT_SEAT_MASSAGE_CONFIG	1335885871
Setting.SET_REAR_RIGHT_SEAT_MASSAGE_CONFIG_2E4_hal_only	775987216
Setting.SET_REAR_RIGHT_SEAT_MASSAGE_CONFIG_486_hal_only	1214251055
Setting.SET_REAR_RIGHT_SEAT_MASSAGE_CONFIG_4EC_hal_only	1321205788
Setting.SET_REAR_RIGHT_SEAT_MASSAGE_CONFIG_VALUE_486_hal_only	-933232593
Setting.SET_REAR_RIGHT_SEAT_MASSAGE_CONFIG_hal_only	-811597777
Setting.SET_REAR_RIGHT_SEAT_MASSAGE_LEVEL	1335885868
Setting.SET_REAR_RIGHT_SEAT_MASSAGE_LEVEL_2E4_hal_only	775987232
Setting.SET_REAR_RIGHT_SEAT_MASSAGE_LEVEL_486_hal_only	1214251052
Setting.SET_REAR_RIGHT_SEAT_MASSAGE_LEVEL_4EC_hal_only	1321205804
Setting.SET_REAR_RIGHT_SEAT_MASSAGE_LEVEL_SET	750780460
Setting.SET_REAR_RIGHT_SEAT_MASSAGE_MODE	1335885864
Setting.SET_REAR_RIGHT_SEAT_MASSAGE_MODE_2E4_hal_only	775987228
Setting.SET_REAR_RIGHT_SEAT_MASSAGE_MODE_486_hal_only	1214251048
Setting.SET_REAR_RIGHT_SEAT_MASSAGE_MODE_4EC_hal_only	1321205800
Setting.SET_REAR_RIGHT_SEAT_MASSAGE_MODE_SET	750780456
Setting.SET_REAR_RIGHT_SEAT_VENTILATING_STATE	1214251024
Setting.SET_REAR_RIGHT_SEAT_VENTILATING_STATE_42F_hal_only	1123024936
Setting.SET_REAR_RIGHT_SEAT_VENTILATING_STATE_SET	1125122096
Setting.SET_REAR_WINDSCREEN_WIPER_OVERHAUL_STATE	1196425246
Setting.SET_REAR_WINDSCREEN_WIPER_OVERHAUL_STATE_SET	1330642974
Setting.SET_REASON_OF_SAVE_FAIL	1228931116
Setting.SET_REASON_OF_SAVE_FAIL_SELF_hal_only	-918552532
Setting.SET_REASON_OF_SAVE_FAIL_hal_only	1131413564
Setting.SET_REMEMBER_ACCOUNT_DIALOG	1228931113
Setting.SET_REMEMBER_ACCOUNT_DIALOG_hal_only	1131413557
Setting.SET_REMEMBER_ACCOUNT_SET	1324556324
Setting.SET_REMOTE_CONTROL_UNLOCKING	1081081878
Setting.SET_REMOTE_CONTROL_UNLOCKING_SET	1312817176
Setting.SET_RESET_PLUS_BUTTON	684720153
Setting.SET_RESTORE_CAR_DEFAULT_VALUES_SET	1043333150
Setting.SET_RESTORE_DR_DEFAULT_VALUES_SET	1043333151
Setting.SET_RF_BACKREST_SIGNAL_SET	1276137500
Setting.SET_RF_BALANCE_SIGNAL_SET	1276137496
Setting.SET_RF_BIDET_SIGNAL_SET	1276137502
Setting.SET_RF_HEADREST_SIGNAL_SET	1276137507
Setting.SET_RF_HEIGHT_SIGNAL_SET	1276137498
Setting.SET_RF_LEG_REST_SIGNAL_SET	1276137510
Setting.SET_RF_MEMORY_LOCATION_SET	1276186680
Setting.SET_RF_MEMORY_LOCATION_WAKE_SET	1276186688
Setting.SET_RIGHT_BUTTON	684720160
Setting.SET_RIGHT_LANE_LINE_TYPE	883949578
Setting.SET_RIGHT_LANE_LINE_Y_DISTANCE	883949592
Setting.SET_RIGHT_OUT_MIRROR_POS_UPDATE_STATE	1103101986
Setting.SET_RIGHT_REAR_SEAT_MASSAGE_WORKING_MODE_SET	1276190764
Setting.SET_RIGHT_ROCKER_XDIRECTION	684720184
Setting.SET_RIGHT_ROCKER_YDIRECTION	684720192
Setting.SET_ROLLER_MINUS_BUTTON	684720162
Setting.SET_ROLLER_PLUS_BUTTON	684720163
Setting.SET_ROTATING_BUTTON	684720159
Setting.SET_RR_BACKREST_SIGNAL_SET	1276186668
Setting.SET_RR_BALANCE_SIGNAL_SET	1276186664
Setting.SET_RR_BIDET_SIGNAL_SET	1276186670
Setting.SET_RR_HEADREST_SIGNAL_SET	1276186674
Setting.SET_RR_HEIGHT_SIGNAL_SET	1276186666
Setting.SET_RR_LEG_REST_SIGNAL_SET	1276186672
Setting.SET_RR_MEMORY_LOCATION_SET	1276186684
Setting.SET_RR_MEMORY_LOCATION_SET_LRSE_hal_only	412110906
Setting.SET_RR_MEMORY_LOCATION_WAKE_SET	1276186692
Setting.SET_RR_MEMORY_LOCATION_WAKE_SET_LRSE_hal_only	412110910
Setting.SET_RSE_INSIDE_LIGHT_DOOR_STATE_SET_hal_only	412164160
Setting.SET_RSE_INTERIOR_ATMOSPHERE_LAMP_AREA_SET	412106804
Setting.SET_RSE_INTERIOR_ATMOSPHERE_LAMP_BRIGHTNESS_SET	412106776
Setting.SET_RSE_INTERIOR_ATMOSPHERE_LAMP_COLOR_SET	412106808
Setting.SET_RSE_K_SONG_RESET_SET	412155935
Setting.SET_RSE_LANTERN_LANGUAGE_MODE_SET	412106784
Setting.SET_RSE_MUSIC_MODE_STATE_SET	412106792
Setting.SET_RSE_P2P_MAC_ADDRESS	412094480
Setting.SET_RSE_REAR_LEFT_SEAT_HEATING_STATE_SET	412110883
Setting.SET_RSE_REAR_LEFT_SEAT_MASSAGE_LEVEL_SET	412110868
Setting.SET_RSE_REAR_LEFT_SEAT_MASSAGE_MODE_SET	412110864
Setting.SET_RSE_REAR_LEFT_SEAT_VENTILATING_STATE_SET	412110880
Setting.SET_RSE_REAR_RIGHT_SEAT_HEATING_STATE_SET	412110891
Setting.SET_RSE_REAR_RIGHT_SEAT_MASSAGE_LEVEL_SET	412110876
Setting.SET_RSE_REAR_RIGHT_SEAT_MASSAGE_MODE_SET	412110872
Setting.SET_RSE_REAR_RIGHT_SEAT_VENTILATING_STATE_SET	412110888
Setting.SET_RSE_START_KEY_STATE	1196425268
Setting.SET_RSE_VOICE_CTRL_BACK_DOOR_SET_hal_only	412164162
Setting.SET_SAFETY_DRIVING_AID_FUSION_SWITCH	951058482
Setting.SET_SAFETY_DRIVING_AID_FUSION_SWITCH_SET	1276174386
Setting.SET_SAFE_DRIVING_ASSIST_STATUS_FEEDBACK	951058462
Setting.SET_SAFE_DRIVING_ASSIST_STATUS_SET	1276174384
Setting.SET_SAFE_WARN_STATE	89128987
Setting.SET_SAS_ANGULAR_MEMORY_VALUE	929038368
Setting.SET_SAS_ANGULAR_MEMORY_VALUE_FLAG	929038384
Setting.SET_SAVE_MEMORY_GUIDE_STATE	1175453714
Setting.SET_SAVE_MEMORY_ONLINE	-972029938
Setting.SET_SAVE_MEMORY_STATE	1175453710
Setting.SET_SAVE_MEMORY_STATE_SET	734003270
Setting.SET_SDW_SWITCH_SET	944767032
Setting.SET_SEAT_ACCOUNT_LINKAGE_CONFIG	1261437186
Setting.SET_SEAT_ACCOUNT_LINKAGE_CONFIG_hal_only	1291845640
Setting.SET_SEAT_DISTRIBUTION_FORM	1075839040
Setting.SET_SEAT_SELF_RETURN_RESET_SET	1043333173
Setting.SET_SELF_STUDY_CMD	692060200
Setting.SET_SEND_POWER_OFF_ALARM_TO_QNX	-1442840520
Setting.SET_SETTING_MEMORY_GUIDE_STATE_SET	782237719
Setting.SET_SETTING_MINUS_BUTTON	684720154
Setting.SET_SGS_SENSE_OF_LOAD_SIMULATION_SET	768606228
Setting.SET_SGS_VIBRATION_EVENT_SIMULATION_SET	768606224
Setting.SET_SINGLE_DOUBLE_MODE	1130364936
Setting.SET_SMART_ELECTRICITY_SET	1276141594
Setting.SET_SMART_ELECTRIC_CONFIGURATION	1261437352
Setting.SET_SMART_ELECTRIC_CONFIGURATION_STUDY	-886046296
Setting.SET_SMART_ELECTRIC_SWITCH_STATUS	1261437352
Setting.SET_SMART_WELCOME_LIGHT_ONLINE	1081081910
Setting.SET_SMART_WELCOME_LIGHT_STATE	1011875848
Setting.SET_SMART_WELCOME_LIGHT_STATE_SET	1330643013
Setting.SET_SOC_DM_VERSION	888143893
Setting.SET_SOC_DM_VERSION_hal_only	1178615851
Setting.SET_SPEAKER_TWEET	1228931118
Setting.SET_SPEECH_RECOGNITION_BUTTON	684720161
Setting.SET_SPEED_BY_GPS_SET	1841301512
Setting.SET_SPEED_REMINDER	634388528
Setting.SET_SPEED_REMINDER_ONLINE	-1513095120
Setting.SET_SPEED_REMINDER_SET	1043333160
Setting.SET_SPORT_MEMORY_GUIDE_STATE	1175453712
Setting.SET_SPORT_MEMORY_ONLINE	-972029942
Setting.SET_SPORT_MEMORY_STATE	1175453706
Setting.SET_SPORT_MEMORY_STATE_SET	734003266
Setting.SET_START_KEY_STATE	1128267786
Setting.SET_STEERING_WHEEL_ANGEL_CONTROL_STATE	1178607680
Setting.SET_STEERING_WHEEL_HEAT_STATE	1116733454
Setting.SET_STEERING_WHEEL_HEAT_STATE_SET	944767029
Setting.SET_STEERING_WHEEL_MODE	684720136
Setting.SET_STEERING_WHEEL_TYPE	684720137
Setting.SET_SUPPORT_GAME_STEERING_WHEEL_FUNCTION	1116733464
Setting.SET_SWS_BTPIN	1124073480
Setting.SET_SWS_PAD_GAMEHOME_REQUEST	771752007
Setting.SET_SWS_SENSE_OF_LOAD_SIMULATION_SET	768606236
Setting.SET_SWS_VIBRATION_EVENT_SIMULATION_SET	768606232
Setting.SET_TAC_FUNCTION_STATE	656408612
Setting.SET_TAC_FUNCTION_STATE_SET	1324376092
Setting.SET_TIME_RESET_SET	1043333188
Setting.SET_TRACK_MODE	656408606
Setting.SET_TRACK_MODE_PERMIT	656408613
Setting.SET_TRACK_MODE_SET	997195828
Setting.SET_UNLOCK_WELCOME_MODE	1261437440
Setting.SET_UNLOCK_WELCOME_MODE_SET	1276219458
Setting.SET_USERDEFINE_BODY_COLOR_SET	1069547552
Setting.SET_USE_AUDIO_SCENE_SET	871366692
Setting.SET_VCU_BREAK_PEDAL_STATS_S	606076973
Setting.SET_VEHICLE_DISTANCE_MINUS_BUTTON	684720156
Setting.SET_VEHICLE_DISTANCE_PLUE_BUTTON	684720157
Setting.SET_VEHICLE_STATE	315621408
Setting.SET_VIBRATION_SENSING_GEAR_SIGNAL	662700040
Setting.SET_VIBRATION_SENSING_GEAR_SIGNAL_SET	1306529836
Setting.SET_VOICE_CTRL_BACK_DOOR_SET	1125122080
Setting.SET_VTO_RESET_SET	1043333191
Setting.SET_WEATHER_FORCAST_SET	753930248
Setting.SET_WHEELS_POWER_ASSIGN_PROPORTION	656408601
Setting.SET_WHEELS_POWER_ASSIGN_PROPORTION_SET	1324376082
Setting.SET_WHETHER_ALLOW_DRIVING	920649743
Setting.SET_WIPE_SCREEN_MODE_SET	871366712
Setting.SET_WORKING_INTENSITY_OF_LEFT_REAR_SEAT_MASSAGE_SET	1276190746
Setting.SET_WORKING_INTENSITY_OF_RIGHT_REAR_SEAT_MASSAGE_SET	1276190749
Security.SECURITY_FSE_MAC_ADDRESS_SET	459313168
Security.SECURITY_HIGH_RISK_DOUBLE_FLASH_WARNING_SET	850464784
Security.SECURITY_HIGH_RISK_WHISTLE_WARNING_SET	850464786
Security.SECURITY_ONE_BUTTON_SCRATCH_REMOVAL_FUNCTION_SELF_LEARNING_SET	844109850
Security.SECURITY_ONE_BUTTON_SCRATCH_REMOVAL_REQUEST_1	797007888
Security.SECURITY_ONE_BUTTON_SCRATCH_REMOVAL_REQUEST_1_hal_only	801202192
Security.SECURITY_ONE_BUTTON_SCRATCH_REMOVAL_REQUEST_2	797011984
Security.SECURITY_ONE_BUTTON_SCRATCH_REMOVAL_REQUEST_2_hal_only	801206288
Security.SECURITY_ONE_BUTTON_SCRATCH_REMOVAL_REQUEST_3	797016080
Security.SECURITY_ONE_BUTTON_SCRATCH_REMOVAL_REQUEST_3_hal_only	801210384
Security.SECURITY_ONE_BUTTON_SCRATCH_REMOVAL_RESULT_FEEDBACK_SET	1276325904
Security.SECURITY_PALM_VEIN_DATA	729808904
Security.SECURITY_RCS_MAC_ADDRESS_SET	589348880
Security.SECURITY_STATE_S	748507
Safety.SAFETY_BELT_ALARM_SWITCH	842006541
Safety.SAFETY_BELT_ALARM_SWITCH_SET	1276149782
Safety.SAFETY_BELT_ALARM_SWITCH_STUDY	-1305477107
Safety.SAFETY_BELT_COMMAND_AREA_DEPUTY	315621439
Safety.SAFETY_BELT_COMMAND_AREA_MAIN	-1455423464
Safety.SAFETY_BELT_COMMAND_AREA_SECOND_ROW_SEAT_LEFT	755989
Safety.SAFETY_BELT_COMMAND_AREA_SECOND_ROW_SEAT_MID	484384
Safety.SAFETY_BELT_COMMAND_AREA_SECOND_ROW_SEAT_RIGHT	1196425242
Safety.SAFETY_BELT_LF_FLAG	692060180
Safety.SAFETY_BELT_LR2_REMIND_STATUS	1335885848
Safety.SAFETY_BELT_MR2_REMIND_STATUS	1335885850
Safety.SAFETY_BELT_MSR_481_ONLINE	1209008128
Safety.SAFETY_BELT_MSR_STATE	1209008168
Safety.SAFETY_BELT_MSR_STATE_SET	944767004
Safety.SAFETY_BELT_PASSENGER_COMMAND_DEPUTY	315621391
Safety.SAFETY_BELT_PASSENGER_COMMAND_FRONT_ROW_SEAT_LEFT	824180800
Safety.SAFETY_BELT_PASSENGER_COMMAND_FRONT_ROW_SEAT_RIGHT	824180758
Safety.SAFETY_BELT_PASSENGER_COMMAND_SECOND_ROW_SEAT_LEFT	824180760
Safety.SAFETY_BELT_PASSENGER_COMMAND_SECOND_ROW_SEAT_MID	824180762
Safety.SAFETY_BELT_PASSENGER_COMMAND_SECOND_ROW_SEAT_RIGHT	824180764
Safety.SAFETY_BELT_REMINDER	89129027
Safety.SAFETY_BELT_RR2_REMIND_STATUS	1335885852
Safety.SAFETY_BELT_RR_REMIND_STATUS	1335885846
Rse.RSE_AC_SCREEN_CONFIG_SET	1059061836
Rse.RSE_BRIGHTNESS_CONTROL_SET	412221464
Rse.RSE_CARBODY_COLOR_PAD_TO_RSE_SET	1111490616
Rse.RSE_CHARGE_WIRELESS_CHARGING_SWITCH	1317011472
Rse.RSE_CHARGE_WIRELESS_CHARGING_SWITCH_4E9	1318060048
Rse.RSE_CHARGE_WIRELESS_CHARGING_SWITCH_SET	412106802
Rse.RSE_CWC_WORK_MODE	1317011465
Rse.RSE_CWC_WORK_MODE_4E9	1318060041
Rse.RSE_DOOR_HANDLE_SCREEN_CONFIG_SET	1059061834
Rse.RSE_DOUBLE_RCS_SCREEN_CONFIG_SET	1059061832
Rse.RSE_DOUBLE_RSE_SCREEN_CONFIG_SET	1059061824
Rse.RSE_GPS_BUSINESS_STATUS	1324371984
Rse.RSE_GPS_BUSINESS_STATUS_SET	1324371984
Rse.RSE_IVI_ALLOW_FOLLOW_LINK_TO_RSE_SET	439346
Rse.RSE_IVI_ALLOW_USE_AUDIO_PAD_TO_RSE_SET	503316527
Rse.RSE_IVI_AUDIO_CTL_TO_L_RSE_SET	457179146
Rse.RSE_IVI_AUDIO_CTL_TO_R_RSE_SET	457179147
Rse.RSE_IVI_CLOSE_VIEW_COMMAND_SET	457179176
Rse.RSE_IVI_FOLLOW_LINK_ENCRYPTION_TO_RSE_SET	358889
Rse.RSE_IVI_FOLLOW_LINK_PASSWORD_TO_RSE_SET	631449
Rse.RSE_IVI_FOLLOW_LINK_USERNAME_TO_RSE_SET	474692
Rse.RSE_IVI_HOTSPOT_ENCRYPTION_TO_RSE_SET	406445
Rse.RSE_IVI_HOTSPOT_NUM_LIMIT_TO_RSE_SET	34551
Rse.RSE_IVI_HOTSPOT_PASSWORD_TO_RSE_SET	708303
Rse.RSE_IVI_HOTSPOT_RESET_TO_RSE_SET	442255
Rse.RSE_IVI_HOTSPOT_STATE_TO_RSE_SET	857920
Rse.RSE_IVI_HOTSPOT_USERNAME_TO_RSE_SET	201973
Rse.RSE_IVI_KARO_STATE_TO_RSE_SET	457179154
Rse.RSE_IVI_KID_MODE_TO_L_RSE_SET	457179144
Rse.RSE_IVI_KID_MODE_TO_R_RSE_SET	457179145
Rse.RSE_IVI_LEFT_CAST_TO_RSE_SET	693646
Rse.RSE_IVI_LINK_CTL_TO_L_RSE_SET	457179150
Rse.RSE_IVI_LINK_CTL_TO_R_RSE_SET	457179152
Rse.RSE_IVI_MAC_TO_RSE_SET	438603
Rse.RSE_IVI_MONITOR_TO_L_RSE_SET	457179148
Rse.RSE_IVI_MONITOR_TO_R_RSE_SET	457179149
Rse.RSE_IVI_NOTICE_AUDIO_CURRENT_STATE_TO_RSE	457179160
Rse.RSE_IVI_OPEN_VIEW_COMMAND_SET	457179174
Rse.RSE_IVI_PAD_TO_LRSE_CAST_SCREEN_DIST_SET	1276227632
Rse.RSE_IVI_PAD_TO_LRSE_CHILD_MODE_OPEN_TIME_SET	1139822608
Rse.RSE_IVI_PAD_TO_LRSE_CHILD_MODE_PASSWORD_SET	1139826704
Rse.RSE_IVI_PAD_TO_LRSE_CHILD_MODE_SWITCH_STATUS_SET	1276227620
Rse.RSE_IVI_PAD_TO_LRSE_KILL_BRIGHT_SCREEN_SET_GET	457179158
Rse.RSE_IVI_PAD_TO_LRSE_SWITCH_MACHINE_INST_SET	457179164
Rse.RSE_IVI_PAD_TO_LRSE_SWITCH_MACHINE_STATUS_SET	503316544
Rse.RSE_IVI_PAD_TO_RRSE_CAST_SCREEN_DIST_SET	1276227634
Rse.RSE_IVI_PAD_TO_RRSE_CHILD_MODE_OPEN_TIME_SET	1139822616
Rse.RSE_IVI_PAD_TO_RRSE_CHILD_MODE_PASSWORD_SET	1139830800
Rse.RSE_IVI_PAD_TO_RRSE_CHILD_MODE_SWITCH_STATUS_SET	1276227622
Rse.RSE_IVI_PAD_TO_RRSE_KILL_BRIGHT_SCREEN_SET_GET	457179172
Rse.RSE_IVI_PAD_TO_RRSE_SWITCH_MACHINE_INST_SET	457179166
Rse.RSE_IVI_PAD_TO_RRSE_SWITCH_MACHINE_STATUS_SET	503316545
Rse.RSE_IVI_PAD_TO_RSE_CAST_SCREEN_STATUS_SET	1309671484
Rse.RSE_IVI_PAD_TO_RSE_DEFAULT_SOUND_MODE_STATUS_SET	1083183141
Rse.RSE_IVI_PAD_TO_RSE_HOTSPOT_ENCRYPTION_METHOD_SET	1139847184
Rse.RSE_IVI_PAD_TO_RSE_KSONG_AMBIENT_LIGHT_STATUS_SET	1083191322
Rse.RSE_IVI_PAD_TO_RSE_KSONG_METHOD_SET	1276227636
Rse.RSE_IVI_PAD_TO_RSE_KSONG_STATUS_SET	503316528
Rse.RSE_IVI_PAD_TO_RSE_MICRO_VOLUME_STATUS_SET	1083183152
Rse.RSE_IVI_PAD_TO_RSE_MICR_CONTROL_KEY10_SET	1276227624
Rse.RSE_IVI_PAD_TO_RSE_MICR_CONTROL_KEY1_SET	1276227600
Rse.RSE_IVI_PAD_TO_RSE_MICR_CONTROL_KEY2_SET	1276227602
Rse.RSE_IVI_PAD_TO_RSE_MICR_CONTROL_KEY3_SET	1276227604
Rse.RSE_IVI_PAD_TO_RSE_MICR_CONTROL_KEY4_SET	1276227606
Rse.RSE_IVI_PAD_TO_RSE_MICR_CONTROL_KEY5_SET	1276227612
Rse.RSE_IVI_PAD_TO_RSE_MICR_CONTROL_KEY6_SET	1083191312
Rse.RSE_IVI_PAD_TO_RSE_MICR_CONTROL_KEY7_SET	1276227614
Rse.RSE_IVI_PAD_TO_RSE_MICR_CONTROL_KEY8_SET	1083191320
Rse.RSE_IVI_PAD_TO_RSE_MICR_CONTROL_KEY9_SET	1276227616
Rse.RSE_IVI_PAD_TO_RSE_MICR_RECEIVER_CONNECTION_STATUS_SET	1083191316
Rse.RSE_IVI_PAD_TO_RSE_MULT_WIFI_STATUS_FEEDBACK	503316532
Rse.RSE_IVI_PAD_TO_RSE_MULT_WIFI_STATUS_SET	1309671480
Rse.RSE_IVI_PAD_TO_RSE_PAD_MAC_ADDRESS_SET	1139851280
Rse.RSE_IVI_PAD_TO_RSE_RECEIVER_DILINK_CONNECTION_STATUS_SET	1083191318
Rse.RSE_IVI_PAD_TO_RSE_REVERB_SETTING_STATUS_SET	1083183156
Rse.RSE_IVI_PAD_TO_RSE_WIFI_PASSWORD_SET	1140264968
Rse.RSE_IVI_PAD_TO_RSE_WIFI_USERNAME_SET	1140330504
Rse.RSE_IVI_PHONE_STATUS_PAD_TO_RSE_SET	1111490600
Rse.RSE_IVI_RIGHT_CAST_TO_RSE_SET	814265
Rse.RSE_IVI_SCREEN_OFF_TO_L_RSE_SET	764981
Rse.RSE_IVI_SCREEN_OFF_TO_R_RSE_SET	955316
Rse.RSE_IVI_START_KARO_WAY_TO_RSE_SET	138502
Rse.RSE_IVI_USE_AUDIO_PAD_TO_RSE_SET	503316548
Rse.RSE_IVI_WIFI_STATE_TO_RSE_SET	850870
Rse.RSE_LAS_MUTE_COMMAND	796946463
Rse.RSE_LAS_VOLUME_CHANGE_COMMAND	796946464
Rse.RSE_LEFT_AUTHORIZATION_STATUS	1001390144
Rse.RSE_LEFT_REAR_SEAT_ACTIVE_FLANK_ADJUST_SET	412112960
Rse.RSE_LIGHT_INTENSITY	23223
Rse.RSE_LRSE_SCREEN_REST_STATUS_SET	1001390114
Rse.RSE_LR_BRIGHTNESS_CONTROL	796946472
Rse.RSE_LR_DEVICE_PROP	-1728052980
Rse.RSE_L_ALLOW_FOLLOW_LINK_FB_TO_IVI_SET	412098584
Rse.RSE_L_ATL_AREA_SET	948768
Rse.RSE_L_ATL_BRIGHTNESS_SET	630092
Rse.RSE_L_ATL_COLOR_SET	825023
Rse.RSE_L_ATL_RESET_FLAG_SET	2961
Rse.RSE_L_ATL_VOICE_CTL_FLAG_SET	238233
Rse.RSE_L_AUDIO_SWITCH_FB_TO_IVI_SET	412098594
Rse.RSE_L_BLN_COLOR1_SET	412119058
Rse.RSE_L_BLN_COLOR2_SET	412119064
Rse.RSE_L_BLN_COLOR3_SET	412119072
Rse.RSE_L_BLN_MODE_SET	412119056
Rse.RSE_L_CAST_STATE_SET	278070
Rse.RSE_L_CONTROL_ELECTRIC_ROTATING_SHAFT_SET	1798328336
Rse.RSE_L_FOLLOW_LINK_PASSWORD_FB_TO_IVI_SET	412098582
Rse.RSE_L_FOLLOW_LINK_USERNAME_FB_TO_IVI_SET	412098580
Rse.RSE_L_FRONT_CAST_FB_TO_IVI_SET	412098603
Rse.RSE_L_GPS_BUSINESS_STATUS	412160018
Rse.RSE_L_GPS_BUSINESS_STATUS_SET	412160018
Rse.RSE_L_HOTSPOT_LINK_STATE_SET	938638
Rse.RSE_L_HOTSPOT_PASSWORD_FB_TO_IVI_SET	412098578
Rse.RSE_L_HOTSPOT_USERNAME_FB_TO_IVI_SET	412098576
Rse.RSE_L_KID_MODE_FB_TO_IVI_SET	412098586
Rse.RSE_L_LINK_CTL_FB_TO_IVI_SET	412098590
Rse.RSE_L_MAC_TO_IVI_SET	412094480
Rse.RSE_L_MASSAGE_LEVEL_LR_SET	781217
Rse.RSE_L_MASSAGE_LEVEL_RR_SET	867902
Rse.RSE_L_MASSAGE_MODE_LR_SET	626946
Rse.RSE_L_MASSAGE_MODE_RR_SET	55241
Rse.RSE_L_MONITOR_SWITCH_FB_TO_IVI_SET	412098592
Rse.RSE_L_MOVING_MODE_CONFIG_SET_GET	1092616215
Rse.RSE_L_NOT_DISTURB_MODE	1001390108
Rse.RSE_L_POI_ADDRESS	-1728052714
Rse.RSE_L_POI_CODE	-1728052729
Rse.RSE_L_POI_CODE_SET	-1442840057
Rse.RSE_L_POI_LONGITUDE_LATITUDE_AND_ADDRESS	-1728052727
Rse.RSE_L_POI_LONGITUDE_LATITUDE_AND_ADDRESS_SET	412942344
Rse.RSE_L_POI_NAME	-1728052728
Rse.RSE_L_POI_NAME_SET	413040648
Rse.RSE_L_REAR_VIEW_WORKING_STATUS_SET	1001390111
Rse.RSE_L_REQUEST_AUDIO_TO_PAD_SET	412098608
Rse.RSE_L_REQUEST_AUDIO_TO_R_RSE_SET	412098611
Rse.RSE_L_REQUEST_TO_IVI_PAD_RRSE_AUDIO	412098630
Rse.RSE_L_REQ_SYNC_LINK_INFO_SET	412098605
Rse.RSE_L_REQ_SYNC_MEDIA_INFO_SET	412098606
Rse.RSE_L_REST_MODE_CONFIG_SET	1092616207
Rse.RSE_L_REST_MODE_TIMING_ENDS_SET	412160024
Rse.RSE_L_RHYTHM_COLOR1_SET	412119082
Rse.RSE_L_RHYTHM_COLOR2_SET	412119088
Rse.RSE_L_RHYTHM_COLOR3_SET	412119096
Rse.RSE_L_RHYTHM_MODE_SET	412119080
Rse.RSE_L_RIGHT_CAST_TO_IVI_SET	412098598
Rse.RSE_L_SCREEN_OFF_FB_TO_IVI_SET	412098596
Rse.RSE_L_SCREEN_SWITCH_FB_TO_IVI_SET	34659
Rse.RSE_L_SEND_KEYEVENT_SET	478507
Rse.RSE_L_START_KARO_WAY_SET	412098600
Rse.RSE_L_TO_IVI_PAD_AMBIENT_LIGHT_MUSIC_RHYTHM_SETTING	412155936
Rse.RSE_L_TO_IVI_PAD_APPLY_CHILD_MODE_TIME_PASSWORD	412098620
Rse.RSE_L_TO_IVI_PAD_CAMERA_STATUS	412160016
Rse.RSE_L_TO_IVI_PAD_CAST_STATE	1001390090
Rse.RSE_L_TO_IVI_PAD_CHILD_MODE_PASSWORD_FEEDBACK	412098616
Rse.RSE_L_TO_IVI_PAD_CHILD_MODE_SWITCH	1001390116
Rse.RSE_L_TO_IVI_PAD_CHILD_MODE_TIME_FEEDBACK	412098618
Rse.RSE_L_TO_IVI_PAD_HOTSPOT_LINK_STATE	1001390088
Rse.RSE_L_TO_IVI_PAD_HOTSPOT_LOCKED_METHOD_FEEDBACK	412114970
Rse.RSE_L_TO_IVI_PAD_KSONG_SYSTEM_RESET_SETTING	412155935
Rse.RSE_L_TO_IVI_PAD_MEDIA_STATUS_CONTROL	412098626
Rse.RSE_L_TO_IVI_PAD_MICRO_VOLUME_SETTING	412155922
Rse.RSE_L_TO_IVI_PAD_MUSIC_SOURCE_SWITCH	412098624
Rse.RSE_L_TO_IVI_PAD_MUSIC_SWITCH	412098628
Rse.RSE_L_TO_IVI_PAD_PRESET_SOUND_MODE_SETTING	412155932
Rse.RSE_L_TO_IVI_PAD_REQUEST_TO_TURN_ON_WIFI	412155920
Rse.RSE_L_TO_IVI_PAD_REVERB_SETTING	412155928
Rse.RSE_L_TO_IVI_PAD_RRSE_KSONG_STATUS	1001390118
Rse.RSE_L_TO_IVI_PAD_RRSE_REQUEST_OPEN_AUDIO_SWITCH	356524048
Rse.RSE_L_TO_IVI_PAD_SCENE_MODE	1001390104
Rse.RSE_L_TO_IVI_PAD_SWITCH_MACHINE_STATUS	1001390091
Rse.RSE_L_VOLUME_TO_IVI_PAD	1001390096
Rse.RSE_L_VOLUME_TO_PAD_SET	355520
Rse.RSE_MUSIC_SOURCE	706434
Rse.RSE_MUSIC_STATE	821550
Rse.RSE_NOT_DISTURB_MODE	796946470
Rse.RSE_NOT_DISTURB_MODE_SET	1001390108
Rse.RSE_OHS_AUTHORIZATION_STATUS	814743614
Rse.RSE_OHS_SCREEN_CONFIG_SET	1059061828
Rse.RSE_RADIO_STATE	668361
Rse.RSE_RAS_MUTE_COMMAND	801140767
Rse.RSE_RAS_VOLUME_CHANGE_COMMAND	801140768
Rse.RSE_RCS_LINK_CTL_TO_L_RSE_FEEDBACK_SET	412098614
Rse.RSE_RCS_LINK_CTL_TO_L_RSE_SET	589344809
Rse.RSE_RCS_LINK_CTL_TO_R_RSE_FEEDBACK_SET	422584374
Rse.RSE_RCS_LINK_CTL_TO_R_RSE_SET	589344811
Rse.RSE_RIES_CHIP_QUANTITY_CONFIG_SET	1059061838
Rse.RSE_RIGHT_AUTHORIZATION_STATUS	1015021632
Rse.RSE_RIGHT_REAR_SEAT_ACTIVE_FLANK_ADJUST_SET	412112965
Rse.RSE_RRSE_NOT_DISTURB_MODE	801140774
Rse.RSE_RRSE_SCREEN_REST_STATUS_SET	1015021602
Rse.RSE_RR_BRIGHTNESS_CONTROL	801140776
Rse.RSE_R_ALLOW_FOLLOW_LINK_FB_TO_IVI_SET	422584344
Rse.RSE_R_ATL_AREA_SET	880266
Rse.RSE_R_ATL_BRIGHTNESS_SET	1046055
Rse.RSE_R_ATL_COLOR_SET	258996
Rse.RSE_R_ATL_RESET_FLAG_SET	753876
Rse.RSE_R_ATL_VOICE_CTL_FLAG_SET	786813
Rse.RSE_R_AUDIO_SWITCH_FB_TO_IVI_SET	422584354
Rse.RSE_R_BLN_COLOR1_SET	703673
Rse.RSE_R_BLN_COLOR2_SET	767873
Rse.RSE_R_BLN_COLOR3_SET	149430
Rse.RSE_R_BLN_MODE_SET	318074
Rse.RSE_R_CAST_STATE_SET	272150
Rse.RSE_R_CONTROL_ELECTRIC_ROTATING_SHAFT_SET_hal_only	1798332432
Rse.RSE_R_FOLLOW_LINK_PASSWORD_FB_TO_IVI_SET	422584342
Rse.RSE_R_FOLLOW_LINK_USERNAME_FB_TO_IVI_SET	422584340
Rse.RSE_R_FRONT_CAST_FB_TO_IVI_SET	422584363
Rse.RSE_R_GPS_BUSINESS_STATUS	422645778
Rse.RSE_R_GPS_BUSINESS_STATUS_SET	422645778
Rse.RSE_R_HOTSPOT_LINK_STATE_SET	811969
Rse.RSE_R_HOTSPOT_PASSWORD_FB_TO_IVI_SET	422584338
Rse.RSE_R_HOTSPOT_USERNAME_FB_TO_IVI_SET	422584336
Rse.RSE_R_KID_MODE_FB_TO_IVI_SET	422584346
Rse.RSE_R_LINK_CTL_FB_TO_IVI_SET	422584350
Rse.RSE_R_MAC_TO_IVI_SET	422580240
Rse.RSE_R_MASSAGE_LEVEL_LR_SET	207393
Rse.RSE_R_MASSAGE_LEVEL_RR_SET	468698
Rse.RSE_R_MASSAGE_MODE_LR_SET	702529
Rse.RSE_R_MASSAGE_MODE_RR_SET	278216
Rse.RSE_R_MONITOR_SWITCH_FB_TO_IVI_SET	422584352
Rse.RSE_R_MOVING_MODE_CONFIG_SET_GET	1264582679
Rse.RSE_R_NOT_DISTURB_MODE	1015021596
Rse.RSE_R_POI_ADDRESS	-1728052713
Rse.RSE_R_POI_CODE	-1728052726
Rse.RSE_R_POI_CODE_SET	-1442840054
Rse.RSE_R_POI_LONGITUDE_LATITUDE_AND_ADDRESS	-1728052724
Rse.RSE_R_POI_LONGITUDE_LATITUDE_AND_ADDRESS_SET	423428104
Rse.RSE_R_POI_NAME	-1728052725
Rse.RSE_R_POI_NAME_SET	423526408
Rse.RSE_R_REAR_VIEW_WORKING_STATUS_SET	1015021599
Rse.RSE_R_REQUEST_AUDIO_TO_L_RSE_SET	422584371
Rse.RSE_R_REQUEST_AUDIO_TO_PAD_SET	422584368
Rse.RSE_R_REQUEST_TO_IVI_PAD_LRSE_AUDIO	422584390
Rse.RSE_R_REQ_SYNC_LINK_INFO_SET	422584365
Rse.RSE_R_REQ_SYNC_MEDIA_INFO_SET	422584366
Rse.RSE_R_REST_MODE_CONFIG_SET_hal_only	1264582671
Rse.RSE_R_RHYTHM_COLOR1_SET	1020917
Rse.RSE_R_RHYTHM_COLOR2_SET	402221
Rse.RSE_R_RHYTHM_COLOR3_SET	5207
Rse.RSE_R_RHYTHM_MODE_SET	345321
Rse.RSE_R_RIGHT_CAST_TO_IVI_SET	422584358
Rse.RSE_R_SCREEN_OFF_FB_TO_IVI_SET	422584356
Rse.RSE_R_SCREEN_SWITCH_FB_TO_IVI_SET	12953
Rse.RSE_R_SEND_KEYEVENT_SET	289861
Rse.RSE_R_START_KARO_WAY_SET	422584360
Rse.RSE_R_TO_IVI_PAD_AMBIENT_LIGHT_MUSIC_RHYTHM_SETTING	422641696
Rse.RSE_R_TO_IVI_PAD_APPLY_CHILD_MODE_TIME_PASSWORD	422584380
Rse.RSE_R_TO_IVI_PAD_CAMERA_STATUS	422645776
Rse.RSE_R_TO_IVI_PAD_CAST_STATE	1015021578
Rse.RSE_R_TO_IVI_PAD_CHILD_MODE_PASSWORD_FEEDBACK	422584376
Rse.RSE_R_TO_IVI_PAD_CHILD_MODE_SWITCH	1015021604
Rse.RSE_R_TO_IVI_PAD_CHILD_MODE_TIME_FEEDBACK	422584378
Rse.RSE_R_TO_IVI_PAD_HOTSPOT_LINK_STATE	1015021576
Rse.RSE_R_TO_IVI_PAD_HOTSPOT_LOCKED_METHOD_FEEDBACK	422600730
Rse.RSE_R_TO_IVI_PAD_KSONG_SYSTEM_RESET_SETTING	422641695
Rse.RSE_R_TO_IVI_PAD_LRSE_KSONG_STATUS	1015021606
Rse.RSE_R_TO_IVI_PAD_LRSE_REQUEST_OPEN_AUDIO_SWITCH	359669776
Rse.RSE_R_TO_IVI_PAD_MEDIA_STATUS_CONTROL	422584386
Rse.RSE_R_TO_IVI_PAD_MICRO_VOLUME_SETTING	422641682
Rse.RSE_R_TO_IVI_PAD_MUSIC_SOURCE_SWITCH	422584384
Rse.RSE_R_TO_IVI_PAD_MUSIC_SWITCH	422584388
Rse.RSE_R_TO_IVI_PAD_PRESET_SOUND_MODE_SETTING	422641692
Rse.RSE_R_TO_IVI_PAD_REQUEST_TO_TURN_ON_WIFI	422641680
Rse.RSE_R_TO_IVI_PAD_REVERB_SETTING	422641688
Rse.RSE_R_TO_IVI_PAD_SCENE_MODE	1015021592
Rse.RSE_R_TO_IVI_PAD_SWITCH_MACHINE_STATE	1015021579
Rse.RSE_R_VOLUME_TO_IVI_PAD	1015021584
Rse.RSE_R_VOLUME_TO_PAD_SET	430034
Rse.RSE_SINGLE_RCS_SCREEN_CONFIG_SET	1059061830
Rse.RSE_TV_SCREEN_CONFIG_SET	1059061826
Rse.RSE_WIRELESS_CHARGING_POWER	1317011476
Rse.RSE_WIRELESS_CHARGING_POWER_4E9	1318060052
Rescue.RESCUE_08C_COLLISION_SIGNAL_DATA_VALID	-1728052462
Rescue.RESCUE_AIRBAG_ROLL_SUPPRESSION_CONFIG	146800693
Rescue.RESCUE_AIRBAG_ROLL_SUPPRESSION_STATUS	146800695
Rescue.RESCUE_AIRBAG_ROLL_SUPPRESSION_STATUS_SET	1324564518
Rescue.RESCUE_CALL_AIRBAG_STATE	146800648
Rescue.RESCUE_ECALL_FOR_HELP_SET	1324634163
Rescue.RESCUE_ECALL_HANGUP	1152385036
Rescue.RESCUE_INFO_FROM_MCU	1070596116
Rescue.RESCUE_INFO_FROM_MCU_2nd	-1728053221
Rescue.RESCUE_INFO_TO_MCU_SET	-1442840536
Rescue.RESCUE_ONE_TOUCH_ALARM_STATE_DEPUTY	1008730122
Rescue.RESCUE_ONE_TOUCH_ALARM_STATE_MAIN	1008730120
Rescue.RESCUE_ONE_TOUCH_ALARM_STATE_REAR	1008730124
Rescue.RESCUE_ONE_TOUCH_ALARM_STATE_SET	1069547571
Rescue.RESCUE_PAB_SWITCH_BUTTON_CONFIG	146800684
Rescue.RESCUE_PAB_SW_SWITCH_STATUS	146800679
Reminder.REMINDER	90593
Reminder.REMINDER_ADAS_ACTIVATE_MODE_DISABLE_INSTUMENT_PROMPT_FLAG	681574631
Reminder.REMINDER_DRIFT_MODE_EXITING_SIGN	656408630
Reminder.REMINDER_ENGINE_OIL_LEVEL_MEASUREMENT_NOT_DRIVING_TO_FLAT_TERRAIN	843055618
Reminder.REMINDER_ENGINE_OIL_LEVEL_MEASUREMENT_NOT_SWITCH_PMODE	843055617
Reminder.REMINDER_ENGINE_OIL_LEVEL_SENSOR_FAULT	843055616
Reminder.REMINDER_EV_HEV_VOICE_SWITCH_CONFIGURATION_FLAG	898639912
Reminder.REMINDER_EV_SWITCH_FAIL_SIGNAL	795871283
Reminder.REMINDER_HEV_SWITCH_FAIL_SIGNAL	795871284
Reminder.REMINDER_INTELLIGENT_SPEED_LIMIT_CONTROL_STATE_MACHINE_STATUS_FEEDBACK	760217654
Reminder.REMINDER_LEOPARD_TURN_CONDITION_EPB_OFF	513811661
Reminder.REMINDER_MAXEV_SWITCH_FAIL_SIGNAL	795871285
Reminder.REMINDER_NOA_INITIATIVE_CHANGE_LANE_PROMPT	535830562
Reminder.REMINDER_NOA_MODE	535838748
Reminder.REMINDER_NOA_ODD_DISTANCE	535838772
Reminder.REMINDER_OIL_TEMPERATURE_TOO_LOW	843055619
Reminder.REMINDER_PAD_SEAT_BELT_NOT_FASTEN	1244690487
Reminder.REMINDER_PARKING_RISK_CONFIRM_SET	1078984750
Reminder.REMINDER_PARKING_RISK_PROMPT_FLAG	681574629
Reminder.REMINDER_PCT_SECONDARY_CONFIRMATION_RAMP_PROMPT_SIGN	513811660
Reminder.REMINDER_RACING_COMPETITION_STATUS_SIGNAL_SET	850444347
Reminder.REMINDER_RACING_MODE_BATTERY_DISCHARGE_POWER_LOW_PROMPT	681574579
Reminder.REMINDER_RACING_MODE_BATTERY_PROMPT	898660369
Reminder.REMINDER_RACING_MODE_EXIT_LOW_BATTERY_PROMPT	681574581
Reminder.REMINDER_RACING_MODE_EXIT_VEHICLE_MALFUNCTION_PROMPT	681574580
Reminder.REMINDER_RACING_MODE_LOW_BATTERY_PERCENT_PROMPT	898660386
Reminder.REMINDER_RACING_MODE_LOW_BATTERY_PROMPT	681574578
Reminder.REMINDER_RACING_MODE_STEADY_STOP_VEHICLE_PROMPT	681574577
Reminder.REMINDER_RACING_MODE_TRACK_KIT_REPLACE_MULTIMEDIA_PROMPT	513811662
Reminder.REMINDER_RACING_MODE_VEHICLE_MALFUNCTION_PROMPT	681574576
Reminder.REMINDER_VOICE_WARN	785383464
Radio.RADIO_AM_INIT_ENDFREQ	856297504
Radio.RADIO_AM_INIT_ENDFREQ_SET	1309282336
Radio.RADIO_AM_INIT_STARTFREQ	856297488
Radio.RADIO_AM_INIT_STARTFREQ_SET	1309282320
Radio.RADIO_AM_INIT_STEP	856297520
Radio.RADIO_AM_INIT_STEP_SET	1309282352
Radio.RADIO_BT_CHANNEL_STATUS	442576968
Radio.RADIO_CURRENT_FREQ	856301600
Radio.RADIO_CURRENT_STATUS	856301584
Radio.RADIO_DIGITAL_KEY_OPERATION_RESULT	1130364972
Radio.RADIO_ENABLE_AF_SET	-1442840202
Radio.RADIO_ENABLE_TA_TP_SET	-1442840203
Radio.RADIO_FM_INIT_ENDFREQ	856293408
Radio.RADIO_FM_INIT_ENDFREQ_SET	1309278240
Radio.RADIO_FM_INIT_STARTFREQ	856293392
Radio.RADIO_FM_INIT_STARTFREQ_SET	1309278224
Radio.RADIO_FM_INIT_STEP	856293424
Radio.RADIO_FM_INIT_STEP_SET	1309278256
Radio.RADIO_FSE_SET_RADIO_INFO	-1728052636
Radio.RADIO_IVI_SET_RADIO_INFO	-1728052878
Radio.RADIO_MCU_NEED_FM_INFO	-1728052908
Radio.RADIO_NEXT_STATUS	856309776
Radio.RADIO_PAUSE_TA_SET	-1442840201
Radio.RADIO_PLAY_BAND	856301584
Radio.RADIO_PLAY_BAND_SET	1309286416
Radio.RADIO_PLAY_FREQ	856301600
Radio.RADIO_PLAY_FREQ_SET	1309286432
Radio.RADIO_POWER	856322064
Radio.RADIO_POWER_SET	1309306896
Radio.RADIO_PREV_STATUS	856313872
Radio.RADIO_SEARCH_BAND	856334368
Radio.RADIO_SEARCH_FREQ	856334384
Radio.RADIO_SEARCH_NEXT	966699
Radio.RADIO_SEARCH_NEXT_SET	1309294608
Radio.RADIO_SEARCH_PREV	656101
Radio.RADIO_SEARCH_PREV_SET	1309298704
Radio.RADIO_SEARCH_RESULT	-1728053185
Radio.RADIO_SEARCH_START_SET	1309290512
Radio.RADIO_SEARCH_STATUS	856334352
Radio.RADIO_SEARCH_STOP	856317968
Radio.RADIO_SEARCH_STOP_SET	1309302800
Radio.RADIO_TA_PLAYING	-1728052877
Radio.RADIO_UPLOAD_RADIO_FREQUENCY_INTENSITY	-1728052618
Radar.RADAR_FL_CORNER_RADAR_ZONE_DISPLAY_FLAG	754974780
Radar.RADAR_FL_MIDDLE_RADAR_ZONE_DISPLAY_FLAG	754974792
Radar.RADAR_FR_CORNER_RADAR_ZONE_DISPLAY_FLAG	754974798
Radar.RADAR_FR_MIDDLE_RADAR_ZONE_DISPLAY_FLAG	754974795
Radar.RADAR_MANUFACTURE	539453
Radar.RADAR_MR_OBSTACLE_DIS	-1728053143
Radar.RADAR_MR_SONDE_STATUS	-1728053127
Radar.RADAR_OBSTACLE_DISTANCE_FRONT_LEFT_MID	-1728053150
Radar.RADAR_OBSTACLE_DISTANCE_FRONT_LEFT_MID_22C_hal_only	583008280
Radar.RADAR_OBSTACLE_DISTANCE_FRONT_LEFT_MID_308_hal_only	813694992
Radar.RADAR_OBSTACLE_DISTANCE_FRONT_LEFT_MID_hal_only	437256240
Radar.RADAR_OBSTACLE_DISTANCE_FRONT_RIGHT_MID	-1728053149
Radar.RADAR_OBSTACLE_DISTANCE_FRONT_RIGHT_MID_22C_hal_only	583008296
Radar.RADAR_OBSTACLE_DISTANCE_FRONT_RIGHT_MID_308_hal_only	813695000
Radar.RADAR_OBSTACLE_DISTANCE_FRONT_RIGHT_MID_hal_only	437256256
Radar.RADAR_OBSTACLE_DISTANCE_LEFT	-1728053147
Radar.RADAR_OBSTACLE_DISTANCE_LEFT_22C_hal_only	583008360
Radar.RADAR_OBSTACLE_DISTANCE_LEFT_308_hal_only	813695016
Radar.RADAR_OBSTACLE_DISTANCE_LEFT_FRONT	-1728053151
Radar.RADAR_OBSTACLE_DISTANCE_LEFT_FRONT_22C_hal_only	583008264
Radar.RADAR_OBSTACLE_DISTANCE_LEFT_FRONT_308_hal_only	813694984
Radar.RADAR_OBSTACLE_DISTANCE_LEFT_FRONT_hal_only	437256224
Radar.RADAR_OBSTACLE_DISTANCE_LEFT_REAR	-1728053146
Radar.RADAR_OBSTACLE_DISTANCE_LEFT_REAR_22C_hal_only	583008376
Radar.RADAR_OBSTACLE_DISTANCE_LEFT_REAR_308_hal_only	813695024
Radar.RADAR_OBSTACLE_DISTANCE_LEFT_REAR_hal_only	437256304
Radar.RADAR_OBSTACLE_DISTANCE_LEFT_hal_only	437256288
Radar.RADAR_OBSTACLE_DISTANCE_REAR_MID_22C_hal_only	583008456
Radar.RADAR_OBSTACLE_DISTANCE_RIGHT	-1728053144
Radar.RADAR_OBSTACLE_DISTANCE_RIGHT_22C_hal_only	583008408
Radar.RADAR_OBSTACLE_DISTANCE_RIGHT_308_hal_only	813695040
Radar.RADAR_OBSTACLE_DISTANCE_RIGHT_FRONT	-1728053148
Radar.RADAR_OBSTACLE_DISTANCE_RIGHT_FRONT_22C_hal_only	583008312
Radar.RADAR_OBSTACLE_DISTANCE_RIGHT_FRONT_308_hal_only	813695008
Radar.RADAR_OBSTACLE_DISTANCE_RIGHT_FRONT_hal_only	437256272
Radar.RADAR_OBSTACLE_DISTANCE_RIGHT_REAR	-1728053145
Radar.RADAR_OBSTACLE_DISTANCE_RIGHT_REAR_22C_hal_only	583008392
Radar.RADAR_OBSTACLE_DISTANCE_RIGHT_REAR_308_hal_only	813695032
Radar.RADAR_OBSTACLE_DISTANCE_RIGHT_REAR_hal_only	437256320
Radar.RADAR_OBSTACLE_DISTANCE_RIGHT_hal_only	437256336
Radar.RADAR_PAS_SUPORRT_1A1_MASSAGE	437256346
Radar.RADAR_PAS_SUPORRT_22C_MASSAGE	583008498
Radar.RADAR_PAS_SUPORRT_308_MASSAGE	544210966
Radar.RADAR_PAS_VERSION	1329598520
Radar.RADAR_PROBE_STATE_FRONT_LEFT_MID	-1728053134
Radar.RADAR_PROBE_STATE_FRONT_RIGHT_MID	-1728053133
Radar.RADAR_PROBE_STATE_LEFT	-1728053131
Radar.RADAR_PROBE_STATE_LEFT_FRONT	-1728053135
Radar.RADAR_PROBE_STATE_LEFT_REAR	-1728053130
Radar.RADAR_PROBE_STATE_RIGHT	-1728053128
Radar.RADAR_PROBE_STATE_RIGHT_FRONT	-1728053132
Radar.RADAR_PROBE_STATE_RIGHT_REAR	-1728053129
Radar.RADAR_REVERSE_RADAR_SWITCH_STATE	644874296
Radar.RADAR_REVERSE_RADAR_SWITCH_STATE_SET	728693
Radar.RADAR_REVERSE_RADAR_SWITCH_STATE_SET1	1330642952
Radar.RADAR_REVERSE_RADAR_SWITCH_STATE_SET2	1330643015
Radar.RADAR_RL_CORNER_RADAR_ZONE_DISPLAY_FLAG	754974801
Radar.RADAR_RL_MIDDLE_RADAR_ZONE_DISPLAY_FLAG	754974804
Radar.RADAR_RR_CORNER_RADAR_ZONE_DISPLAY_FLAG	754974810
Radar.RADAR_RR_MIDDLE_RADAR_ZONE_DISPLAY_FLAG	754974807
Radar.RADAR_SOUND_STATE_SET	1330643003
Radar.RADAR_TRAVERSING_OBSTACLE_DISPLAY_SCHEME	513811689
Radar.RADAR_VOICE_STATUS_SET	-1442840052
Qcfs.FS_COND_NEW	973337
Qcfs.FS_COND_NEW_SET	1038041
Qcfs.FS_COND_RCV_KEY	707278
Qcfs.FS_COND_RCV_KEY_SET	745279
Qcfs.FS_COND_UPGRADE	435684
Qcfs.FS_COND_UPGRADE_SET	799693
Qcfs.FS_CONFIRM_SET	661504
Qcfs.FS_KEY_ID	1238
Qcfs.FS_KEY_ID_SET	575829
Qcfs.FS_KEY_SET	916751
Qcfs.FS_STATUS_ALL_SET	721641
Qcfs.FS_STATUS_OTA	797023
Qcfs.FS_STATUS_OTA_SET	667511
Qcfs.FS_STATUS_QC	844334
Qcfs.FS_STATUS_QC_SET	1002174
Qcfs.FS_STATUS_SECURE_IC_SET	591359
Qcfs.FS_VER	443300
Qcfs.FS_VER_DID_SET	34808
Qcfs.FS_VER_SET	598082
Panorama.PANORAMA_ACU_STATE	864026632
Panorama.PANORAMA_APA_AVM_MODE	1306529862
Panorama.PANORAMA_APA_OUTPUT_STATUS	1306529828
Panorama.PANORAMA_APA_OUTPUT_STATUS2	1306529832
Panorama.PANORAMA_APA_STATE	322961416
Panorama.PANORAMA_APA_TRANSPARENT_SWITCH	1329598494
Panorama.PANORAMA_APA_TRANSPARENT_SWITCH_SET	1306529856
Panorama.PANORAMA_AVM_SENSOR_TYPE	1161822240
Panorama.PANORAMA_BACK_LINE_CONFIG	1329598496
Panorama.PANORAMA_CAMERA_LIFTING_ABNORMAL_STATUS	1319108638
Panorama.PANORAMA_CAMERA_LIFTING_STATUS	1319108632
Panorama.PANORAMA_CAMERA_LIFTING_STATUS_SET	770703384
Panorama.PANORAMA_CAMERA_LIFT_CTRL	-1728052925
Panorama.PANORAMA_CAMERA_LIFT_CTRL_SET	-1442840253
Panorama.PANORAMA_CAMERA_POWER_STATUS	1319108629
Panorama.PANORAMA_CAMERA_POWER_STATUS_SET	770703381
Panorama.PANORAMA_CAR_BODY_STATE	1329598504
Panorama.PANORAMA_EMERGENCY_BUTTON_STATE	862978056
Panorama.PANORAMA_FISHEYE_INIT_STATUS	1329598510
Panorama.PANORAMA_FOCUS_SET	769940
Panorama.PANORAMA_FRONT_CAMERA_INTERNAL_REFERENCE	362811408
Panorama.PANORAMA_HAS_ACU	862978048
Panorama.PANORAMA_INSTRUMENT_AVAILABLE_STATUS	1086337094
Panorama.PANORAMA_LEFT_CAMERA_INTERNAL_REFERENCE	362815504
Panorama.PANORAMA_LEFT_FRONT_WARNING_STATUS	748683283
Panorama.PANORAMA_LVDS_STATE	1329598498
Panorama.PANORAMA_LVDS_STATE_SET	1330643008
Panorama.PANORAMA_MOTOR_LIFTING_STATUS	-1728052721
Panorama.PANORAMA_MOTOR_LIFTING_STATUS_SET	-1442840188
Panorama.PANORAMA_OFFLINE_STATE	1329598464
Panorama.PANORAMA_ONLINE_STATE	1329598501
Panorama.PANORAMA_OPERATION_SET	180979
Panorama.PANORAMA_OUTPUT_SIGNAL	1329598490
Panorama.PANORAMA_OUTPUT_STATE	1329598480
Panorama.PANORAMA_OUTPUT_STATE_SET	1306529808
Panorama.PANORAMA_PRIVACY_ASSISTANT	797003792
Panorama.PANORAMA_PRIVACY_ASSISTANT_hal_only	801198096
Panorama.PANORAMA_PRIVACY_CABIN_ENABLE_STATUS_SET	1285554304
Panorama.PANORAMA_REAR_CAMERA_INTERNAL_REFERENCE	362823696
Panorama.PANORAMA_REMOTE_CALL	1306529858
Panorama.PANORAMA_REMOTE_CALL_SUPPORT	1329598508
Panorama.PANORAMA_RIGHT_CAMERA_INTERNAL_REFERENCE	362819600
Panorama.PANORAMA_RIGHT_FRONT_WARNING_STATUS	748683282
Panorama.PANORAMA_RINGHT_CAMERA_SWITCH	1086328862
Panorama.PANORAMA_RINGHT_CAMERA_SWITCH_SET	503316503
Panorama.PANORAMA_ROTATION	1329598492
Panorama.PANORAMA_ROTATION_SET	1306529826
Panorama.PANORAMA_SCREEN_PROJECTION_STATUS_IVI_TO_FSE_SET	1309671488
Panorama.PANORAMA_SCREEN_PROJECTION_STATUS_IVI_TO_INS_SET	1309671486
Panorama.PANORAMA_SET_PRESS_ACTION_SET	1052770326
Panorama.PANORAMA_SET_RESOLUTION_HIGH_SET	1052770360
Panorama.PANORAMA_SET_RESOLUTION_WIDE_SET	1052770344
Panorama.PANORAMA_SET_TOUCH_X_SET	1052770312
Panorama.PANORAMA_SET_TOUCH_Y_SET	1052770328
Panorama.PANORAMA_TRANSPARENCE_SWITCH_SET	-1442840504
Panorama.PANORAMA_VOT_VIDEO_DATA_RECORDING_REQUEST	255852831
Panorama.PANORAMA_WORK_MODE	1329598484
Panorama.PANORAMA_WORK_MODE_SET	1306529812
Panorama.PANORAMA_WORK_STATE	1329598488
Phone.PHONE_BLUETOOTH_PHONE_NUMBER_HOME_SET	427823120
Phone.PHONE_EVENT	878058
Phone.PHONE_INFO_ST_SET	427689
Phone.PHONE_MUTE	281749
Phone.PHONE_MUTE_SET	760778
Phone.PHONE_NAME_SET	497951
Phone.PHONE_NUMBER_SET	681600
Power.POWER_ACC_STATUS	-1728053193
Power.POWER_BATTERY_BIGDATA_MONITOR_EV	882903098
Power.POWER_BATTERY_BIGDATA_MONITOR_EV_CAN0	882901050
Power.POWER_BATTERY_BIGDATA_MONITOR_HEV	1332746262
Power.POWER_BATTERY_BIGDATA_MONITOR_HEV_CAN0	1332744214
Power.POWER_BATTERY_MANAGER_TYPE	903872520
Power.POWER_BATTERY_REMAIN_ELECTRICITY	882901008
Power.POWER_BCM_POWER_ON_LEVEL_SET	187391
Power.POWER_BOARD_KEY_LONG_PRESS_POWER	-1109389296
Power.POWER_COMPRESSOR_CONSUME_POWER	1031798840
Power.POWER_DISPLAY_OWNER	147863
Power.POWER_DISPLAY_OWNER_SET	226271
Power.POWER_DSP_RESET_SET	-1442840503
Power.POWER_EXTERIOR_BATTERY_POWER_1_SET	850464788
Power.POWER_EXTERIOR_BATTERY_POWER_1_STATUS	1072693318
Power.POWER_EXTERIOR_BATTERY_POWER_2_SET	850464790
Power.POWER_EXTERIOR_BATTERY_POWER_2_STATUS	1072693319
Power.POWER_EXTREME_ENDURANCE_CONGIF	1219510331
Power.POWER_EXTREME_ENDURANCE_FORBID_PROMPT_FLAG	681574776
Power.POWER_EXTREME_ENDURANCE_STATUS	875560996
Power.POWER_EXTREME_ENDURANCE_STATUS_SET	1276272678
Power.POWER_FREESCALE_POWER	558140
Power.POWER_FREESCALE_RESET	775583
Power.POWER_FSE_ENTER_EXTREME_ENDURANCE_STATUS	459280449
Power.POWER_FSE_POWER_SUPPLY_VOLTAGE_STATUS	-1728052680
Power.POWER_FSE_SCREEN_DISPLAY_SWITCH_SET	1276239904
Power.POWER_FSE_SCREEN_STATUS_SET	973078536
Power.POWER_IVI_BOOT_ANIMATION_STATUS_SET	503316542
Power.POWER_IVI_ENTER_EXTREME_ENDURANCE_STATUS_SET	1276272680
Power.POWER_IVI_ONE_FOR_MORE_ENTER_EXTREME_ENDURANCE_STATUS_SET	1276272682
Power.POWER_KEEP_MCU_WAKEUP_SET	-1442839996
Power.POWER_LEFT_SIDE_SUNLIGHT_AD_VALUE	1320177700
Power.POWER_LOW_VOLTAGE	315621437
Power.POWER_LRSE_ENTER_EXTREME_ENDURANCE_STATUS	412160028
Power.POWER_L_DOMAIN_OFF_HIGH_VOLTAGE_STATE	861929528
Power.POWER_MAIN_BATTERY_VOLTAGE_WOTKING_AREA	-1728052681
Power.POWER_MCU_MINI_STATUS	-1728052650
Power.POWER_MCU_MINI_STATUS_SET	-1442839978
Power.POWER_MCU_REPORT_NETWORK_SLEPP_WAKEUP_STATUS	-1728052428
Power.POWER_MCU_STATUS	-1728053245
Power.POWER_MCU_STATUS_SET	-1442840502
Power.POWER_MOTOR_POWER	521526
Power.POWER_OUTPUT_12V	698411
Power.POWER_OUTPUT_12V_SET	514794
Power.POWER_OUTPUT_5V	284722
Power.POWER_OUTPUT_5V_SET	270022
Power.POWER_PAD_BOOT	244981
Power.POWER_PAD_RESET_SET	431878
Power.POWER_PTC_CONSUME_POWER	1320169504
Power.POWER_QCOM_REBOOT_STATE_SET	-1442840501
Power.POWER_QCOM_WAKEUP_SET	-1442840500
Power.POWER_RCS_ENTER_EXTREME_ENDURANCE_STATUS	589344822
Power.POWER_RCS_LOW_POWER_CONSUMPTION_STATUS_SET	1082130472
Power.POWER_RIES_ENTER_EXTREME_ENDURANCE_STATUS	770703400
Power.POWER_RIGHT_SIDE_SUNLIGHT_AD_VALUE	1320177710
Power.POWER_RRSE_ENTER_EXTREME_ENDURANCE_STATUS	422645788
Power.POWER_SELF_AWAKE_STATE	903872573
Power.POWER_SHUTDOWN_INFO_PAD	65011720
Power.POWER_STANDBY_BATTERY_STATUS	-1728052682
Power.POWER_SYSTEM_SUSPEND	516164
Power.POWER_TFT_BACKLIGHT	153356
Power.POWER_TFT_BACKLIGHT_SET	759065
Power.POWER_TFT_TP_POWER	544665
Power.POWER_TFT_TP_POWER_SET	923377
Power.POWER_TP_OWNER	383775
Power.POWER_TP_OWNER_SET	175532
Power.POWER_VOLTAGE_UNBALANCED_ALARM	882903102
Power.POWER_VOLTAGE_UNBALANCED_ALARM_CAN0	882901054
Pm2p5.PM25_ANION_CONFIG	1127219237
Pm2p5.PM25_ANION_STATE	1033895958
Pm2p5.PM25_ANION_STATE_SET	1337982994
Pm2p5.PM25_DUAL_CHANNEL_DETECT_CONFIG	1331691574
Pm2p5.PM25_DUAL_CHANNEL_DETECT_CONFIG_SELFSTUDY	-815792074
Pm2p5.PM25_DUAL_CHANNEL_DETECT_STATE	1331691577
Pm2p5.PM25_DUAL_CHANNEL_DETECT_STATE_SET	1330642970
Pm2p5.PM25_DUAL_CHANNEL_DETECT_STATE_SET_rse_hal_only	412184642
Pm2p5.PM25_GREEN_NET_SYSTEM_STATE	1033895956
Pm2p5.PM25_RSE_ANION_STATE_SET_hal_only	412184596
Pm2p5.PM2P5_ALL_STATUS_SET	1005214
Pm2p5.PM2P5_LEVEL_CHANGED	-1728053202
Pm2p5.PM2P5_LEVEL_IN	1331691568
Pm2p5.PM2P5_LEVEL_OUT	1331691571
Pm2p5.PM2P5_ONLINE_STATE	1331691520
Pm2p5.PM2P5_PROMPT_INFO	1331691564
Pm2p5.PM2P5_STATE_CHANGED	-1728053203
Pm2p5.PM2P5_STATE_IN	1331691560
Pm2p5.PM2P5_STATE_OUT	1331691562
Pm2p5.PM2P5_VALUE_CHANGED	-1728053204
Pm2p5.PM2P5_VALUE_IN	1331691536
Pm2p5.PM2P5_VALUE_OUT	1331691548
Pm2p5.PM2P5_WARNING_INFO	1331691564
Ota.OTA_BACKUP_DOWNLOAD_COMMAND	903872534
Ota.OTA_BATTERY_POWER_VOLTAGE	1128267816
Ota.OTA_BATTERY_VOLTAGE	1150289944
Ota.OTA_CAN_INFO_SWITCH_STATE_SET	271006
Ota.OTA_CMD_ACK	163603
Ota.OTA_CMD_CAN_INFO	505539
Ota.OTA_CMD_DATA_SET	979098
Ota.OTA_CMD_ECL_POWER_ON_SET	1235223560
Ota.OTA_CMD_ECU_GET_FAULTCODE	831291
Ota.OTA_CMD_ECU_GET_FAULTCODE_SET	809554
Ota.OTA_CMD_ECU_GET_SOFTCODE2_SET	614323
Ota.OTA_CMD_ECU_GET_SOFTCODE_SET	714594
Ota.OTA_CMD_ECU_GET_VER2_SET	350250
Ota.OTA_CMD_ECU_GET_VER_SET	552969
Ota.OTA_CMD_ECU_SOFTCODE	256763
Ota.OTA_CMD_ECU_VER	157571
Ota.OTA_CMD_ECU_VER_SOFTCODE	-1728053165
Ota.OTA_CMD_ECU_VER_SOFTCODE_SET	-1442840526
Ota.OTA_CMD_ENTER_OTA_MODE	1235222540
Ota.OTA_CMD_ENTER_OTA_MODE_SET	1235223564
Ota.OTA_CMD_EXIT_CHARGING_DIS_SET	1235223563
Ota.OTA_CMD_EXIT_SMART_CHARGING_SET	1235223562
Ota.OTA_CMD_FINISH_SET	-1442840306
Ota.OTA_CMD_MCU_DATA	-1728053187
Ota.OTA_CMD_MCU_DATA_SET	-1442840511
Ota.OTA_CMD_OTA_HIGH_VOLTAGE_MODULE_SET	1235223580
Ota.OTA_CMD_OTA_POWER_CMD_SET	1235223565
Ota.OTA_CMD_SERVICE_DATA_SET	873073
Ota.OTA_CMD_TARGET_CAN_ID_SET	21803
Ota.OTA_DATA_WITH_CHANNEL_SET	848922
Ota.OTA_DISCHARGE_MAIN_CONTACTOR_STATE	876609552
Ota.OTA_DOUBLE_DIFF_DOWNLOAD_FLAG_SET	1235223568
Ota.OTA_DYNAMIC_DATA_CALLBACK	-1728053218
Ota.OTA_ECM_SOFTWARE_CODE_TO_MCU_SET	-1442839949
Ota.OTA_ENCRYPTED_NUMBER_SET	1324615704
Ota.OTA_ENTER_USB_UPGRADE_MODE_SET	1078984752
Ota.OTA_FAULT_CODE_VDS_DIAG	-1728052991
Ota.OTA_HANDSHAKE_MESSAGE_SET	-1442839980
Ota.OTA_IPB_SYSTEM_STATUS	223346714
Ota.OTA_LF_DOOR_LOCK	1081081864
Ota.OTA_LOCAL_DIAG_STATUS	1327499272
Ota.OTA_MULTIMEDIA_USB_UPGRADE_SET	1111490624
Ota.OTA_MULTI_FRAME_ACK	-1728052927
Ota.OTA_MULTI_FRAME_CANDATA	-1728052928
Ota.OTA_MULTI_FRAME_SET	-1442840256
Ota.OTA_PLATFORM_CONFIG	-1728052892
Ota.OTA_POWEROFF_INFORM	315621414
Ota.OTA_POWEROFF_RESTART_LBMS_SET	1324615696
Ota.OTA_POWERON_FORBID	315621407
Ota.OTA_QUERY_INTERFACE_DATA_SET	-1442839915
Ota.OTA_RANDOM_NUMBER	433063944
Ota.OTA_REBOOT_RECOVERY_SUCCESS_SET	-1442840304
Ota.OTA_RECOVERY_STATE	-1728052975
Ota.OTA_RECOVERY_STATE_QUERY	-1442840303
Ota.OTA_RECOVERY_STATE_RESET	-1442840302
Ota.OTA_REMOTE_CONFIG_DSP_SOUND_SOURCE_PACKAGE	-1728052701
Ota.OTA_SCREEN_CTL_SET	44626
Ota.OTA_SENT_MONITOR_TABLE_SET	-1442840544
Ota.OTA_SET_MCU_MESSAGE_SET	-1442840305
Ota.OTA_SMART_POWER_CONFIG	1178628152
Ota.OTA_SMART_POWER_ERROR_REASON	292328
Ota.OTA_SMART_POWER_PROCESS	785383470
Ota.OTA_SMART_POWER_SET	1235223570
Ota.OTA_START_SET	-1442840307
Ota.OTA_STATE	1128267824
Ota.OTA_SYNC_MCU_STATE	-1728053163
Ota.OTA_SYNC_MCU_STATE_SET	-1442840505
Ota.OTA_TARGET_CAN_ID_WITH_CHANNEL_SET	337076
Ota.OTA_TIMECOUNT_CTL_HOUR_SET	1234173968
Ota.OTA_TIMECOUNT_CTL_INSTALL_SET	1234173960
Ota.OTA_TIMECOUNT_CTL_MINUTE_SET	1234173976
Ota.OTA_TIMECOUNT_CTL_USER_SET	1234173962
Ota.OTA_TIMECOUNT_STATE	89128968
Ota.OTA_UPGRADE_INFO_SET	1235223576
Ota.OTA_VEHICLE_OTA_VERSION_CHECK_SWITCH	-1728052624
Rear.REAR_VIEW_MIRROR_ANTIGLARE_STATE	999292984
Rear.REAR_VIEW_MIRROR_ANTIGLARE_SWITCH_FLAG	899678680
Rear.REAR_VIEW_MIRROR_ANTIGLARE_SWITCH_SET	850583578
Rear.REAR_VIEW_MIRROR_ANTIGLARE_SWITCH_STATUS	899678683
Rear.REAR_VIEW_MIRROR_BOTTOM_RIGHT_HORIZONTAL_COORDINATE	1240465624
Rear.REAR_VIEW_MIRROR_BOTTOM_RIGHT_VERTICAL_COORDINATE	1240465636
Rear.REAR_VIEW_MIRROR_BRIGHTNESS_ADJUSTMENT_VOICE_CTRL_IN_STREAMING_MEDIA_SET	1324687384
Rear.REAR_VIEW_MIRROR_CCMS_AUTO_BRIGHTNESS_ADJUSTMENT_STATUS	1007681574
Rear.REAR_VIEW_MIRROR_CCMS_BLIND_SCREEN_DIMMING_GEAR	1007681576
Rear.REAR_VIEW_MIRROR_CCMS_BLIND_SCREEN_DIMMING_GEAR_SET	427827280
Rear.REAR_VIEW_MIRROR_CCMS_CONFIG	1007681583
Rear.REAR_VIEW_MIRROR_CCMS_FAULT_ALARM_LEVEL	1007681585
Rear.REAR_VIEW_MIRROR_CMS_CONFIG	1041236034
Rear.REAR_VIEW_MIRROR_CMS_FAULT_ALARM_STATUS	1041236035
Rear.REAR_VIEW_MIRROR_CONTROL_UNIT_AND_CAMERA_UNIT_COMMUNICATION_FAIL_SET	235929647
Rear.REAR_VIEW_MIRROR_CONTROL_UNIT_AND_MONITOR_COMMUNICATION_FAIL_SET	235929648
Rear.REAR_VIEW_MIRROR_CONTROL_UNIT_INVALID_SET	235929646
Rear.REAR_VIEW_MIRROR_DIMMING_GEAT_IN_STREAMING_MEDIA	1262485513
Rear.REAR_VIEW_MIRROR_DIMMING_LEVEL	1293942794
Rear.REAR_VIEW_MIRROR_EXTERNAL_BACKLIGHT_AUTO_ADJUST	1041236000
Rear.REAR_VIEW_MIRROR_EXTERNAL_BACKLIGHT_AUTO_ADJUST_SET	427827260
Rear.REAR_VIEW_MIRROR_EXTERNAL_CMS_LEFT_DISPLAY_SCREEN_ADJUST_LIGHT_GEAR	1041235987
Rear.REAR_VIEW_MIRROR_EXTERNAL_CMS_LEFT_DISPLAY_SCREEN_ADJUST_LIGHT_GEAR_SET	427827227
Rear.REAR_VIEW_MIRROR_EXTERNAL_CMS_PARKING_ASSIST_LINE	1041236032
Rear.REAR_VIEW_MIRROR_EXTERNAL_CMS_PARKING_ASSIST_LINE_SET	427827262
Rear.REAR_VIEW_MIRROR_EXTERNAL_RESTORE_DEFAULT_VIEW	1041235994
Rear.REAR_VIEW_MIRROR_EXTERNAL_RESTORE_DEFAULT_VIEW_SET	427827237
Rear.REAR_VIEW_MIRROR_EXTERNAL_REVERSE_SWITCH	1041235982
Rear.REAR_VIEW_MIRROR_EXTERNAL_REVERSE_SWITCH_SET	427827222
Rear.REAR_VIEW_MIRROR_HEIGHT_ADJUSTMENT_VOICE_CTRL_IN_STREAMING_MEDIA_SET	1324687380
Rear.REAR_VIEW_MIRROR_ICMS_CAMERA_ELECTRONIC_NOISE_SET	235929641
Rear.REAR_VIEW_MIRROR_ICMS_CAMERA_FAIL_SET	235929640
Rear.REAR_VIEW_MIRROR_ICMS_CAMERA_OPTICAL_OUT_OF_FOCUS_SET	235929642
Rear.REAR_VIEW_MIRROR_ICON_SLOT	1240465696
Rear.REAR_VIEW_MIRROR_ICON_TYPE	1240465688
Rear.REAR_VIEW_MIRROR_IMAGING_TIME_INCREASE_SET	235929645
Rear.REAR_VIEW_MIRROR_INTERIOR_REAR_VIEW_MIRROR_COORDINATES	-1728052220
Rear.REAR_VIEW_MIRROR_LEFT_STREAMING_EXTERNAL_REARVIEW_LOWER_RIGHT_HORIZONTAL_COORDINATE	892342312
Rear.REAR_VIEW_MIRROR_LEFT_STREAMING_EXTERNAL_REARVIEW_LOWER_RIGHT_HORIZONTAL_COORDINATE_SET	850518056
Rear.REAR_VIEW_MIRROR_LEFT_STREAMING_EXTERNAL_REARVIEW_LOWER_RIGHT_VERTICAL_COORDINATE	892342324
Rear.REAR_VIEW_MIRROR_LEFT_STREAMING_EXTERNAL_REARVIEW_LOWER_RIGHT_VERTICAL_COORDINATE_SET	850518068
Rear.REAR_VIEW_MIRROR_LEFT_STREAMING_EXTERNAL_REARVIEW_TOP_LEFT_HORIZONTAL_COORDINATE	892342288
Rear.REAR_VIEW_MIRROR_LEFT_STREAMING_EXTERNAL_REARVIEW_TOP_LEFT_HORIZONTAL_COORDINATE_SET	850518032
Rear.REAR_VIEW_MIRROR_LEFT_STREAMING_EXTERNAL_REARVIEW_TOP_LEFT_VERTICAL_COORDINATE	892342300
Rear.REAR_VIEW_MIRROR_LEFT_STREAMING_EXTERNAL_REARVIEW_TOP_LEFT_VERTICAL_COORDINATE_SET	850518044
Rear.REAR_VIEW_MIRROR_LEFT_STREAMING_EXTERNAL_REARVIEW_WORKING_STATUS	892342336
Rear.REAR_VIEW_MIRROR_MONITOR_SHOW_FROZEN_SET	235929644
Rear.REAR_VIEW_MIRROR_MONITOR_SHOW_INVALID_SET	235929643
Rear.REAR_VIEW_MIRROR_MOVING_STATE	1081081886
Rear.REAR_VIEW_MIRROR_PURE_STREAMING_REARVIEW_CONFIG	1293942814
Rear.REAR_VIEW_MIRROR_RIGHT_STREAMING_EXTERNAL_REARVIEW_LOWER_RIGHT_HORIZONTAL_COORDINATE	892346408
Rear.REAR_VIEW_MIRROR_RIGHT_STREAMING_EXTERNAL_REARVIEW_LOWER_RIGHT_HORIZONTAL_COORDINATE_SET	850522152
Rear.REAR_VIEW_MIRROR_RIGHT_STREAMING_EXTERNAL_REARVIEW_LOWER_RIGHT_VERTICAL_COORDINATE	892346420
Rear.REAR_VIEW_MIRROR_RIGHT_STREAMING_EXTERNAL_REARVIEW_LOWER_RIGHT_VERTICAL_COORDINATE_SET	850522164
Rear.REAR_VIEW_MIRROR_RIGHT_STREAMING_EXTERNAL_REARVIEW_TOP_LEFT_HORIZONTAL_COORDINATE	892346384
Rear.REAR_VIEW_MIRROR_RIGHT_STREAMING_EXTERNAL_REARVIEW_TOP_LEFT_HORIZONTAL_COORDINATE_SET	850522128
Rear.REAR_VIEW_MIRROR_RIGHT_STREAMING_EXTERNAL_REARVIEW_TOP_LEFT_VERTICAL_COORDINATE	892346396
Rear.REAR_VIEW_MIRROR_RIGHT_STREAMING_EXTERNAL_REARVIEW_TOP_LEFT_VERTICAL_COORDINATE_SET	850522140
Rear.REAR_VIEW_MIRROR_RIGHT_STREAMING_EXTERNAL_REARVIEW_WORKING_STATUS	892346432
Rear.REAR_VIEW_MIRROR_SCREEN_CONTROL	1240465648
Rear.REAR_VIEW_MIRROR_SENTRY_MODE_STATUS_SET	850464792
Rear.REAR_VIEW_MIRROR_STATE	1011875887
Rear.REAR_VIEW_MIRROR_STATUS_IN_STREAMING_MEDIA	1247805511
Rear.REAR_VIEW_MIRROR_STREAMING_REARVIEW_ADJUSTMENT_STATUS	1293942810
Rear.REAR_VIEW_MIRROR_STREAMING_REARVIEW_ADJUSTMENT_STATUS_SET	1324630073
Rear.REAR_VIEW_MIRROR_STREAMING_REARVIEW_AUTO_BRIGHTNESS_STATUS	1293942808
Rear.REAR_VIEW_MIRROR_STREAMING_REARVIEW_AUTO_BRIGHTNESS_STATUS_SET	1262485526
Rear.REAR_VIEW_MIRROR_STREAMING_REARVIEW_INIT_COMMAND_SET	1324556341
Rear.REAR_VIEW_MIRROR_STREAMING_REARVIEW_LOCK_ON_STATUS	1293942792
Rear.REAR_VIEW_MIRROR_STREAMING_REARVIEW_LOCK_ON_STATUS_SET	1262485608
Rear.REAR_VIEW_MIRROR_STREAMING_REARVIEW_SCREEN_ADJUSTMENT_FLAG_SET	1262485524
Rear.REAR_VIEW_MIRROR_TOP_LEFT_HORIZONTAL_COORDINATE	1240465600
Rear.REAR_VIEW_MIRROR_TOP_LEFT_VERTICAL_COORDINATE	1240465612
Rear.REAR_VIEW_MIRROR_VISUAL_FIELD_ANGLE_STATUS	1293942804
Rear.REAR_VIEW_MIRROR_ZOOM_ADJUSTMENT_VOICE_CTRL_IN_STREAMING_MEDIA_SET	1324687376
Rear.REAR_VIEW_MIRROR_ZOOM_STATUS	1293942800
Mqtt.MQTT_DIAGNOSE_GUID_UUID	-1728052981
Mqtt.MQTT_DIAGNOSE_RESULT	-1728052982
Mqtt.MQTT_DIAGNOSE_RESULT_SET	-1442840310
Mqtt.MQTT_DYNAMIC_DATA_CALLBACK	-1728052891
Mqtt.MQTT_RESET_MODEM_STATUS	374251
Mqtt.MQTT_RESET_MODEM_STATUS_SET	619298
Mqtt.MQTT_SENT_MONITOR_TABLE_SET	-1442840219
Mqtt.MQTT_VHDS_TWOC_SERVICE_CALLBACK	-1728052889
Mqtt.MQTT_VHDS_TWOC_SETVICE_INFO_SET	-1442840217
Motor.MOTOR_ANGLE	679900
Motor.MOTOR_IVI_TO_REAR_LARGE_SCREEN_SET	1285554288
Motor.MOTOR_LOCK	229332
Motor.MOTOR_LOCK_SET	691196
Motor.MOTOR_OMS_EFC_CONFIG	632295444
Motor.MOTOR_OMS_TURNOVER_MECHANISM_DIRECTION_MOTION	632295446
Motor.MOTOR_OMS_TURNOVER_MECHANISM_POSITION_SIGNAL	632295440
Motor.MOTOR_OMS_TURNOVER_MECHANISM_STRETCH_SET	1226833952
Motor.MOTOR_OMS_TURNOVER_MECHANISM_SYSTEM_STATUS_SIGNAL	632295442
Motor.MOTOR_OVERHEAD_SCREEN_ACTION_FAULT_STATUS	814743560
Motor.MOTOR_OVERHEAD_SCREEN_ACTION_STATUS_SET	814743572
Motor.MOTOR_OVERHEAD_SCREEN_DISPLAY_SCREEN_TEMPERATURE_SET	814743576
Motor.MOTOR_OVERHEAD_SCREEN_FOLDING_MECHANISM_INITIALIZATION_STATUS_SET	814743563
Motor.MOTOR_OVERHEAD_SCREEN_LOCATION_STATUS_SET	814743574
Motor.MOTOR_OVERHEAD_SCREEN_LOCK_TONGUE_MOTOR_ONE_MALFUNCTION_SET	814743568
Motor.MOTOR_OVERHEAD_SCREEN_LOCK_TONGUE_MOTOR_TWO_MALFUNCTION_SET	814743570
Motor.MOTOR_OVERHEAD_SCREEN_LOCK_TONGUE_ONE_MOVEMENT_STATUS_SET	814743596
Motor.MOTOR_OVERHEAD_SCREEN_LOCK_TONGUE_ONE_POSITION_SET	814743592
Motor.MOTOR_OVERHEAD_SCREEN_LOCK_TONGUE_TWO_MOVEMENT_STATUS_SET	814743598
Motor.MOTOR_OVERHEAD_SCREEN_LOCK_TONGUE_TWO_POSITION_SET	814743594
Motor.MOTOR_OVERHEAD_SCREEN_MOTOR_THERMAL_PROTECTION_STATUS_SET	814743565
Motor.MOTOR_OVERHEAD_SCREEN_PHYSICAL_BUTTON_EVENTS_SET	937435184
Motor.MOTOR_OVERHEAD_SCREEN_PHYSICAL_BUTTON_PRESSING_STATUS_SET	937435181
Motor.MOTOR_POS	567311
Motor.MOTOR_POWER_STATE	343410
Motor.MOTOR_POWER_STATE_SET	281427
Motor.MOTOR_REAR_LARGE_SCREEN_CURRENT_ACTION_STATUS	657457185
Motor.MOTOR_REAR_LARGE_SCREEN_CURRENT_OPEN_ANGLE	814743584
Motor.MOTOR_REAR_LARGE_SCREEN_LIFT_CONTROL_SET	850464806
Motor.MOTOR_REAR_LARGE_SCREEN_MOTOR_THERMAL_PROTECTION	657457191
Motor.MOTOR_REAR_LARGE_SCREEN_POSITINO_PERCENTAGE	657457192
Motor.MOTOR_REAR_LARGE_SCREEN_POSITION	657457188
Motor.MOTOR_REAR_LARGE_SCREEN_POSITION_INIT_STATUS	657457184
Motor.MOTOR_SPEED	904136
Motor.MOTOR_STATE	738959
Motor.MOTOR_STATE_SET	474547
Motor.MOTOR_TURNOVER_MECHANISM_FAULT_DEFINITION	632295448
Motor.MOTOR_VOICE_CONTROLLED_TOP_SCREEN_ANGLE_SET	1285554291
Motor.MOTOR_VOICE_CONTROL_REAR_LARGE_SCREEN_SET	764796
Location.LOCATION_ALTITUDE	689157
Location.LOCATION_ALTITUDE_DECIMAL_SET	759169076
Location.LOCATION_ALTITUDE_DIRECTION_SET	759169094
Location.LOCATION_ALTITUDE_INT_SET	759169080
Location.LOCATION_CHANGE	1008774
Location.LOCATION_CONFIG_AD_TRIPDATA_STATISTICS_SHARING	481296796
Location.LOCATION_FIXPOSITION	233088
Location.LOCATION_FIXPOSITION_SET	759169095
Location.LOCATION_GPS_SPPED_SET	997195784
Location.LOCATION_LATITUDE_DECIMAL_SET	759169032
Location.LOCATION_LATITUDE_INT_SET	759169040
Location.LOCATION_LATITUDE_TYPE	847404
Location.LOCATION_LATITUDE_TYPE_SET	759169039
Location.LOCATION_LATITUDE_VALUE	311087
Location.LOCATION_LATITUDE_VALUE_SET	1028653064
Location.LOCATION_LONGITUDE_DECIMAL_SET	759169048
Location.LOCATION_LONGITUDE_INT_SET	759169056
Location.LOCATION_LONGITUDE_TYPE	805436
Location.LOCATION_LONGITUDE_TYPE_SET	759169055
Location.LOCATION_LONGITUDE_VALUE	965600
Location.LOCATION_LONGITUDE_VALUE_SET	1028653096
Location.LOCATION_ORIENTATION	639440
Location.LOCATION_ORIENTATION_SET	759169064
Location.LOCATION_SET_LOCATION_INFO_SET	-1442840524
Location.LOCATION_VISIBLE_SATELLITE_NUMBER_SET	997195792
Location.LOCATION_YAW_RATE_COMMAND	482344984
Light.LIGHTS_ADAS_INDICATOR_LIGHT_STATUS	1240465904
Light.LIGHTS_ATMOSPHERE_ADJUST_AREA_SET	1896873992
Light.LIGHTS_ATMOSPHERE_BLUE_COMPONENT_VALUE_SET	1896874016
Light.LIGHTS_ATMOSPHERE_EFFECT_SET	1896874040
Light.LIGHTS_ATMOSPHERE_GREEN_COMPONENT_VALUE_SET	1896874008
Light.LIGHTS_ATMOSPHERE_RED_COMPONENT_VALUE_SET	1896874000
Light.LIGHTS_ATMOSPHERE_SOUND_LIGHT_RHYTHM_COLOR_COMBINATION_SET	1896874024
Light.LIGHTS_ATMOSPHERE_VEHICLE_BRIGHTNESS_SET	1896874032
Light.LIGHTS_CALIBRATE_DIAGNOSTIC_STATUS	1240465768
Light.LIGHTS_COMBINATION_SWITCH_TYPE	321912880
Light.LIGHTS_COSTOMIZE_PROJECTION_STATE	984612872
Light.LIGHTS_FIND_CAR_WELCOME_SWITCH	984612930
Light.LIGHTS_FIND_CAR_WELCOME_SWITCH_SET	1324634174
Light.LIGHTS_FLASHING_LIGHT_AND_HORN	1048576008
Light.LIGHTS_FRONT_REAR_FOG_LAMP_GEAR	321912840
Light.LIGHTS_HIGH_BEAM_AND_MEETING_LIGHT_GEAR	321912870
Light.LIGHTS_HUD_PARAMETERS_A	806355448
Light.LIGHTS_HUD_PARAMETERS_B_SET	884998200
Light.LIGHTS_HUD_VERIFICATION_RESULT	806355446
Light.LIGHTS_HUD_VERIFICATION_SUPPORT_YES_OR_NO_SET	884998174
Light.LIGHTS_INTELLIGENT_TURN_SIGNAL_STATUS	1240465918
Light.LIGHTS_LDMD_MALFUNCTION	631242830
Light.LIGHTS_LEFT_WELCOME_MAT	980418616
Light.LIGHTS_LLDM_FAULT_CODE_INFORMATION	631242842
Light.LIGHTS_LLDM_OVER_TEMPERATURE_LEAD_TO_DOWNTIME_FAILURE	631242832
Light.LIGHTS_LLDM_PROJECTION_CONFIGURATION_DISCONNECT	631242834
Light.LIGHTS_LLDM_SPI_COMMUNICATION_FAILURE	631242838
Light.LIGHTS_LLDM_VIDEO_SIGNAL_FAILURE	631242836
Light.LIGHTS_LLDM_VIDEO_SOURCE_PLAY_ABNORMALLY	631242840
Light.LIGHTS_LLED_DRIVER_FAIL	631242828
Light.LIGHTS_LOCK_WELCOME_SWITCH	984612928
Light.LIGHTS_LOCK_WELCOME_SWITCH_SET	1324634172
Light.LIGHTS_NAVIGATOR_SUBSIDIARY_STATUS	984612896
Light.LIGHTS_NAVIGATOR_SUBSIDIARY_STATUS_SET	1324634138
Light.LIGHTS_PEDESTRAIN_COMITY_FUNCTION_STATUS	984612898
Light.LIGHTS_PEDESTRAIN_COMITY_FUNCTION_STATUS_SET	1324634130
Light.LIGHTS_PIXEL_CALIBRATION_DIAGNOSTIC_STATUS_SET	1004535836
Light.LIGHTS_PIXEL_CALIBRATION_PARAMETERS_A	631242856
Light.LIGHTS_PIXEL_CALIBRATION_PARAMETERS_B_SET	1004535840
Light.LIGHTS_PIXEL_CALIBRATION_VERIFICATION_RESULT	631242854
Light.LIGHTS_PIXEL_CALIBRATION_VERIFICATION_SUPPORT_YES_OR_NO_SET	1004535856
Light.LIGHTS_PIXEL_LIGHT_SWITCH_SET	1324634148
Light.LIGHTS_PIXEL_ONEKEY_CALIBRATION	286192
Light.LIGHTS_PIXEL_PROJECTION_AREA_SET	1324634160
Light.LIGHTS_PIXEL_PROJECTION_LIGHT_CONFIG	984612934
Light.LIGHTS_PIXEL_SOUND_TRACK_STATE	221620
Light.LIGHTS_PIXEL_SOUND_TRACK_STATE_SET	1324634164
Light.LIGHTS_PROJECTION_CALIBRATION_REQ_STATUS	984612913
Light.LIGHTS_PROJECTION_ONE_KEY_CALIBRATION_SET	1324634176
Light.LIGHTS_PROJECTION_PLAY_MODE_STATUS	984612917
Light.LIGHTS_PROJECTION_PLAY_MODE_STATUS_SET	1324634166
Light.LIGHTS_PROJECTION_SCALE	984612906
Light.LIGHTS_PROJECTION_SCALE_SET	1324634152
Light.LIGHTS_PROJECTION_STATUS_ALERT	984612902
Light.LIGHTS_PROJECT_AREA_STATE	984612886
Light.LIGHTS_PROJECT_AREA_STATE_SET	1324634146
Light.LIGHTS_RDMD_MALFUNCTION	978321486
Light.LIGHTS_REMOTELY_INITIATE_SHIELD_STATE	1240465912
Light.LIGHTS_RIGHT_WELCOME_MAT	899678544
Light.LIGHTS_RLDM_FAULT_CODE_INFORMATION	978321498
Light.LIGHTS_RLDM_OVER_TEMPERATURE_LEAD_TO_DOWNTIME_FAILURE	978321488
Light.LIGHTS_RLDM_PROJECTION_CONFIGURATION_DISCONNECT	978321490
Light.LIGHTS_RLDM_SPI_COMMUNICATION_FAILURE	978321494
Light.LIGHTS_RLDM_VIDEO_SIGNAL_FAILURE	978321492
Light.LIGHTS_RLDM_VIDEO_SOURCE_PLAY_ABNORMALLY	978321496
Light.LIGHTS_RLED_DRIVER_FAIL	978321484
Light.LIGHTS_SWING_REMAINDER_SWITCH	984612888
Light.LIGHTS_SWING_REMAINDER_SWITCH_SET	1324634128
Light.LIGHTS_TARGET_10_INFO	162530680
Light.LIGHTS_TARGET_11_INFO	162530720
Light.LIGHTS_TARGET_12_INFO	162530760
Light.LIGHTS_TARGET_1_INFO	162530320
Light.LIGHTS_TARGET_2_INFO	162530360
Light.LIGHTS_TARGET_3_INFO	162530400
Light.LIGHTS_TARGET_4_INFO	162530440
Light.LIGHTS_TARGET_5_INFO	162530480
Light.LIGHTS_TARGET_6_INFO	162530520
Light.LIGHTS_TARGET_7_INFO	162530560
Light.LIGHTS_TARGET_8_INFO	162530600
Light.LIGHTS_TARGET_9_INFO	162530640
Light.LIGHTS_TARGET_COUNT	162530312
Light.LIGHTS_TOP_LIGHT_CONFIG	980418618
Light.LIGHTS_TRAFFIC_FLOW	162530800
Light.LIGHTS_UNLOCK_WELCOME_EFFECT	984612877
Light.LIGHTS_UNLOCK_WELCOME_EFFECT_SET	1324634142
Light.LIGHTS_UNLOCK_WELCOME_SWITCH	984612926
Light.LIGHTS_UNLOCK_WELCOME_SWITCH_SET	1324634170
Light.LIGHTS_WIDTH_LINE_PROJECTION_STATUS	984612900
Light.LIGHTS_WIDTH_LINE_PROJECTION_STATUS_SET	1324634132
Light.LIGHT_ADB_STATE_SET	1125122110
Light.LIGHT_AFS_STATUS	1254096944
Light.LIGHT_AFS_SWITCH	1237319724
Light.LIGHT_ALS_FUNCTION_STATUS	1047527432
Light.LIGHT_AMBIENT_LIGHT_VEHICLE_DISPLAY_FEEDBACK	1011875890
Light.LIGHT_ASTRAL_SUMMIT_SKYLIGHT_TEXTURE_CONFIG	1336934464
Light.LIGHT_ATMOSPHERE_CUSTOM_BRIGHTNESS	657457175
Light.LIGHT_ATMOSPHERE_CUSTOM_BRIGHTNESS_SET	1276194858
Light.LIGHT_ATMOSPHERE_CUSTOM_COLOR	657457168
Light.LIGHT_ATMOSPHERE_CUSTOM_COLOR_SET	1276194864
Light.LIGHT_ATMOSPHERE_CUSTOM_MODE	657457178
Light.LIGHT_ATMOSPHERE_CUSTOM_MODE_SET	1276194861
Light.LIGHT_ATMOSPHERE_ENVIRNMENTAL_MODE_SWITCH	679477714
Light.LIGHT_ATMOSPHERE_ENVIRNMENTAL_MODE_SWITCH_FLAG	679477720
Light.LIGHT_ATMOSPHERE_ENVIRNMENTAL_MODE_SWITCH_SET	1276153920
Light.LIGHT_ATMOSPHERE_LAMP_BRIGHTNESS_REDUCE_POPUP_PROMPT	1121976382
Light.LIGHT_ATMOSPHERE_LAMP_MASTER_SWITCH_FLAG	1121976388
Light.LIGHT_ATMOSPHERE_LAMP_UI_DISPLAY	657457200
Light.LIGHT_ATMOSPHERE_LIGHT_NIGHT_WEAKEN_MODE	783286333
Light.LIGHT_ATMOSPHERE_LIGHT_NIGHT_WEAKEN_MODE_CONFIG	783286326
Light.LIGHT_ATMOSPHERE_LIGHT_NIGHT_WEAKEN_MODE_SET	1324621892
Light.LIGHT_ATMOSPHERE_MAIN_SWITCH	1060110406
Light.LIGHT_ATMOSPHERE_MAIN_SWITCH_SET	1276153924
Light.LIGHT_ATMOSPHERE_MAIN_SWITCH_SET_LRSE_hal_only	412106782
Light.LIGHT_ATMOSPHERE_MAIN_SWITCH_SET_RCS_hal_only	589320252
Light.LIGHT_ATMOSPHERE_WARNING_AUXILIARY_SWITCH	679477710
Light.LIGHT_ATMOSPHERE_WARNING_AUXILIARY_SWITCH_FLAG	679477716
Light.LIGHT_ATMOSPHERE_WARNING_AUXILIARY_SWITCH_SET	1276153915
Light.LIGHT_ATMOSPHERE_WELCOME_CELEMONY_SWITCH	679477712
Light.LIGHT_ATMOSPHERE_WELCOME_CELEMONY_SWITCH_FLAG	679477718
Light.LIGHT_ATMOSPHERE_WELCOME_CELEMONY_SWITCH_SET	1276153917
Light.LIGHT_AUTOMATIC_LIGHT_MODE	1003487686
Light.LIGHT_AUTOMATIC_LIGHT_MODE_CONFIG	1003487688
Light.LIGHT_AUTOMATIC_LIGHT_MODE_SET	850448400
Light.LIGHT_AUTO_SWITCH	859016
Light.LIGHT_CARGO_LIGHT_SIGNAL_SET	1324630076
Light.LIGHT_CARGO_LIGHT_SWITCH	1340080152
Light.LIGHT_CARGO_LIGHT_SWITCH_CONFIG	1340080174
Light.LIGHT_CARGO_LIGHT_SWITCH_SET	1276141606
Light.LIGHT_CMD_DAY_RUNNING_LIGHT_STATE	1231040528
Light.LIGHT_CMD_DOUBLE_FLASH_STATE	960495667
Light.LIGHT_CMD_REVERSING_LIGHT_STATE	950009876
Light.LIGHT_CMD_SEQUENTIAL_STATE	702193
Light.LIGHT_CMD_STOP_LIGHT_STATE	950009874
Light.LIGHT_DAYTIME_POSITION_LAMP_CONFIGURATION	558903312
Light.LIGHT_DAYTIME_POSITION_LAMP_FUNCTION_FEEDBACK	558903314
Light.LIGHT_DAYTIME_POSITION_LAMP_FUNCTION_SET	850530328
Light.LIGHT_DAYTIME_POSITION_LAMP_STATUS	558903316
Light.LIGHT_DAY_NIGHT_MODE_STATUS	980418626
Light.LIGHT_DAY_RUNNING_LIGHT_AUTO_STATE	985661476
Light.LIGHT_DAY_RUNNING_LIGHT_AUTO_STATE_3rd	950009894
Light.LIGHT_DAY_RUNNING_LIGHT_AUTO_STATE_SET	1125122118
Light.LIGHT_DAY_RUNNING_LIGHT_CONFIG	950009907
Light.LIGHT_DISPLAY_WIDTH_PROJECTION_OPEN_MET_FLAG	1004535834
Light.LIGHT_DMD_SOURCE_CHOICE_SET	528482340
Light.LIGHT_DYNAMIC_COLORFUL_FLAG	679477576
Light.LIGHT_DYNAMIC_COLORFUL_FLAG_2EB	783286304
Light.LIGHT_DYNAMIC_COLORFUL_MODE	679477580
Light.LIGHT_DYNAMIC_COLORFUL_MODE_2EB	783286308
Light.LIGHT_DYNAMIC_COLORFUL_MODE_SET	1276153888
Light.LIGHT_DYNAMIC_COLORFUL_SWITHCH_STATE	679477578
Light.LIGHT_DYNAMIC_COLORFUL_SWITHCH_STATE_2EB	783286306
Light.LIGHT_DYNAMIC_COLORFUL_SWITHCH_STATE_ONLINE	-1468006070
Light.LIGHT_DYNAMIC_COLORFUL_SWITHCH_STATE_SET	1276153886
Light.LIGHT_DYNAMIC_WELCOME_FINISH_FLAG	985661471
Light.LIGHT_EMERGENCY_WARNING_LIGHT_STATE	999175
Light.LIGHT_FIND_CAR_WELCOME_PROJECTION_CONFIG	1324634140
Light.LIGHT_FIND_CAR_WELCOME_STATUS	984612883
Light.LIGHT_FOOT_LIGHT	315621432
Light.LIGHT_FRONE_MIDDLE_POSITION_LIGHT	1261437400
Light.LIGHT_FRONE_MIDDLE_POSITION_LIGHT_CONFIG	1261437398
Light.LIGHT_FRONE_MIDDLE_POSITION_LIGHT_SET	850464798
Light.LIGHT_FRONT_CENTER_POSITION_LIGHTS_STATUS	1047527437
Light.LIGHT_FRONT_CENTER_POSITION_LIGHTS_hal_only	1011875864
Light.LIGHT_FRONT_FOG_LAMP_STATUS	1011875870
Light.LIGHT_FRONT_FOG_LIGHT	321912846
Light.LIGHT_FRONT_FOG_LIGHT_SET	871366675
Light.LIGHT_FRONT_FOOT_ATMOSPHERE_LAMP_BLUE	679477296
Light.LIGHT_FRONT_FOOT_ATMOSPHERE_LAMP_BRIGHTNESS	679477392
Light.LIGHT_FRONT_FOOT_ATMOSPHERE_LAMP_COLOR_BRIGHTNESS	-1728052479
Light.LIGHT_FRONT_FOOT_ATMOSPHERE_LAMP_GREEN	679477288
Light.LIGHT_FRONT_FOOT_ATMOSPHERE_LAMP_RED	679477280
Light.LIGHT_FRONT_GLOW_LOGO_WORK_STATE	880803870
Light.LIGHT_FSE_ATMOSPHERE_CUSTOM_BRIGHTNESS_SET_hal_only	459304994
Light.LIGHT_FSE_ATMOSPHERE_CUSTOM_COLOR_SET_hal_only	459305000
Light.LIGHT_FSE_ATMOSPHERE_CUSTOM_MODE_SET_hal_only	459304997
Light.LIGHT_FSE_DYNAMIC_COLORFUL_MODE_SET_hal_only	459280412
Light.LIGHT_FSE_DYNAMIC_COLORFUL_SWITHCH_STATE_SET_hal_only	459280410
Light.LIGHT_FSE_MUSIC_RHYTHM_MODE_SET_hal_only	459280440
Light.LIGHT_FSE_STAR_ROOF_ATMOSPHERE_SWITCH_SET_hal_only	459305007
Light.LIGHT_FSE_STAR_ROOF_MODE_SET_hal_only	459304990
Light.LIGHT_FSE_THEME_LINKED_AATMOSPHERE_LAMP_SWITCH_SET_hal_only	459305009
Light.LIGHT_GROUP_LEFT_LIGHT	985661451
Light.LIGHT_GROUP_RIGHT_LIGHT	986710027
Light.LIGHT_HAS_DAY_RUNNING_LIGHT_AUTO_3AC	-1161822172
Light.LIGHT_HAS_DAY_RUNNING_LIGHT_AUTO_475	964729
Light.LIGHT_HEADLIGHT_LOCK_WELCOME_PREVIEW_STATUS	985661490
Light.LIGHT_HEADLIGHT_UNLOCK_WELCOME_PREVIEW_STATUS	985661488
Light.LIGHT_HEAD_LIGHT_ILLUMINATION_ANGLE	434110472
Light.LIGHT_HIGHLIGHT_POSITION_LIGHT	1011875898
Light.LIGHT_HIGHLIGHT_POSITION_LIGHT_CONFIG	1011875900
Light.LIGHT_HIGHLIGHT_POSITION_LIGHT_SET	1276219443
Light.LIGHT_HIGH_BEAM_ENHANCE_SWITCH_SET	1324634168
Light.LIGHT_HIGH_BEAM_INDICATOR	985661472
Light.LIGHT_HIGH_BEAM_LIGHT	950009868
Light.LIGHT_HIGH_BEAM_LIGHT_ADB	-1161822166
Light.LIGHT_HIGH_LOW_BEAM_ENHANCE_STATE	984612904
Light.LIGHT_ILLUMINATION_LEVEL	789116
Light.LIGHT_INTELLIGENT_POSITION_LIGHT_SCHEME_FEEDBACK	1011875907
Light.LIGHT_INTELLIGENT_TURN_SIGNAL_FUNCTION_SET	850538550
Light.LIGHT_INTERIOR_DRIVING_INDICATOR_LIGHT_CONFIG	1240465894
Light.LIGHT_INTERIOR_DRIVING_INDICATOR_LIGHT_STATUS	481296413
Light.LIGHT_INTERIOR_DRIVING_INDICATOR_LIGHT_STATUS_SET	850452549
Light.LIGHT_INTERIOR_LAMP_PROJECTION_MODE_SWITCH	1071644699
Light.LIGHT_KNOB_CURRENT_GEAR	321912867
Light.LIGHT_LEFT_CORNER_LIGHT_STATUS	950009880
Light.LIGHT_LEFT_CORNER_LIGHT_STATUS_hal_only	985661486
Light.LIGHT_LEFT_DAYTIME_LIGHT_STATE	1340080142
Light.LIGHT_LEFT_DAYTIME_LIGHT_STATE_hal_only	985661480
Light.LIGHT_LEFT_DIMMING_CONTROL_CONFIG	985661463
Light.LIGHT_LEFT_DMD_DUTY_RADIO_SET	528482360
Light.LIGHT_LEFT_DMD_DUTY_RADIO_STATUS	631242816
Light.LIGHT_LEFT_FRONT_POSITION_SPATIOTEMPORAL_WING_LIGHT_STATUS	985661464
Light.LIGHT_LEFT_HIGH_BEAM_STATUS	985661482
Light.LIGHT_LEFT_LED_BRIGHTNESS_OUTPUT_LEVEL_SET	528482312
Light.LIGHT_LEFT_LIGHT_ACTUAL_BRIGHTNESS	631242760
Light.LIGHT_LEFT_LIGHT_ANGEL_GEAR_SET	528482332
Light.LIGHT_LEFT_LIGHT_ANGEL_GEAR_STATUS	631242768
Light.LIGHT_LEFT_LIGHT_BUILT_IN_PICTURE_PLAY_SET	528482348
Light.LIGHT_LEFT_LIGHT_BUILT_IN_PICTURE_PLAY_STATUS	631242780
Light.LIGHT_LEFT_LIGHT_DMD_TEMPERATURE	631242808
Light.LIGHT_LEFT_LIGHT_FAN_SPEED_FEEDBACK	631242784
Light.LIGHT_LEFT_LIGHT_FAN_STATUS	631242824
Light.LIGHT_LEFT_LIGHT_LED_TEMPERATURE	631242800
Light.LIGHT_LEFT_LIGHT_SOURCE_CONFIG_FEEDBACK	631242772
Light.LIGHT_LEFT_LOW_BEAM_STATUS	985661484
Light.LIGHT_LEFT_MIDDLE_INSIDE_LIGHT_BRIGHTNESS	1005584404
Light.LIGHT_LEFT_MIDDLE_INSIDE_LIGHT_BRIGHTNESS_SET	1082130460
Light.LIGHT_LEFT_MIDDLE_INSIDE_LIGHT_SPOT_POSITION	1005584400
Light.LIGHT_LEFT_MIDDLE_INSIDE_LIGHT_SPOT_POSITION_SET	1082130456
Light.LIGHT_LEFT_MIDDLE_INSIDE_LIGHT_STATUS	1005584392
Light.LIGHT_LEFT_MIDDLE_INSIDE_LIGHT_STATUS_SET	1082130450
Light.LIGHT_LEFT_PROJECTION_SWITCH_STATE_SET	528482336
Light.LIGHT_LEFT_PROJECTION_SWITCH_STATE_STATUS	631242776
Light.LIGHT_LEFT_TURN_SIGNAL	339738672
Light.LIGHT_LEFT_TURN_SIGNAL_LIGHT	321912844
Light.LIGHT_LEFT_TURN_SIGNAL_LIGHT_SWITCH_STATE	314653
Light.LIGHT_LF_ADB_CONFIG	985661474
Light.LIGHT_LF_ADB_STATE	985661468
Light.LIGHT_LF_READ_LIGHT_SWITCH	1071644682
Light.LIGHT_LF_READ_LIGHT_SWITCH_SET	455081992
Light.LIGHT_LF_READ_LIGHT_SWITCH_SET_RSE_hal_only	412233744
Light.LIGHT_LM_READ_LIGHT_ROTATE_SWITCH	1071644690
Light.LIGHT_LM_READ_LIGHT_ROTATE_SWITCH_SET	455082000
Light.LIGHT_LM_READ_LIGHT_ROTATE_SWITCH_SET_RSE_hal_only	412233752
Light.LIGHT_LM_READ_LIGHT_SWITCH	1071644686
Light.LIGHT_LM_READ_LIGHT_SWITCH_SET	455081996
Light.LIGHT_LM_READ_LIGHT_SWITCH_SET_RSE_hal_only	412233748
Light.LIGHT_LOCK_WELCOME_PREVIEW_EXECUTION	836763665
Light.LIGHT_LOCK_WELCOME_PROJECTION_SET	1324634144
Light.LIGHT_LOCK_WELCOME_STATUS	984612880
Light.LIGHT_LOW_BEAM_BLINK_STATE	1047527464
Light.LIGHT_LOW_BEAM_LIGHT	950009866
Light.LIGHT_LOW_BEAM_LIGHTS_STATE	774992
Light.LIGHT_LOW_BEAM_LIGHT_ADB	-1161822164
Light.LIGHT_LRSE_THEME_LINKED_AATMOSPHERE_LAMP_SWITCH_SET_hal_only	412106818
Light.LIGHT_LR_READ_LIGHT_SWITCH	1071644694
Light.LIGHT_LR_READ_LIGHT_SWITCH_SET	455082004
Light.LIGHT_LR_READ_LIGHT_SWITCH_SET_RSE_hal_only	412233756
Light.LIGHT_MIDDLE_INSIDE_LIGHT_FLAG	1005584408
Light.LIGHT_MULTIPLE_LAMP_SIGNAL_NAME_FIFTH	792723882
Light.LIGHT_MULTIPLE_LAMP_SIGNAL_NAME_FIRST	792723874
Light.LIGHT_MULTIPLE_LAMP_SIGNAL_NAME_FOURTH	792723880
Light.LIGHT_MULTIPLE_LAMP_SIGNAL_NAME_SECOND	792723876
Light.LIGHT_MULTIPLE_LAMP_SIGNAL_NAME_SEVENTH	792723886
Light.LIGHT_MULTIPLE_LAMP_SIGNAL_NAME_SIXTH	792723884
Light.LIGHT_MULTIPLE_LAMP_SIGNAL_NAME_THIRD	792723878
Light.LIGHT_MULTI_LAMP_SIGNAL_FUNCTION_FLAG	1011875910
Light.LIGHT_MUSIC_RHYTHM_MODE	679477584
Light.LIGHT_MUSIC_RHYTHM_MODE_2EB	783286312
Light.LIGHT_MUSIC_RHYTHM_MODE_SET	1276153892
Light.LIGHT_PEDESTRIAN_SIGN_PROJECTION_SWITCH_CONFIG	1324634136
Light.LIGHT_PEDESTRIAN_SIGN_STATE	984612893
Light.LIGHT_PIXEL_HEADLIGHT_ADB_STATE	984612920
Light.LIGHT_PIXEL_HEADLIGHT_AFS_STATE	984612923
Light.LIGHT_PIXEL_HEADLIGHT_ALS_STATE	984612932
Light.LIGHT_PIXEL_HEADLIGHT_DISPLAY_WIDTH_PROJECTION_CONFIGURATION	1004535824
Light.LIGHT_PIXEL_HEADLIGHT_DRIVING_INTERACTION_CONFIGURATION	1004535820
Light.LIGHT_PIXEL_HEADLIGHT_IDENTIFICATION_SIGNAL	1004535816
Light.LIGHT_PIXEL_HEADLIGHT_LOCKED_WELCOME_CONFIGURATION	1004535828
Light.LIGHT_PIXEL_HEADLIGHT_SCHEME_TYPE	881804
Light.LIGHT_PIXEL_HEADLIGHT_UNLOCK_WELCOME_CONFIGURATION	1004535826
Light.LIGHT_PIXEL_HEADLIGHT_YIELD_TO_PEDESTRIANS_CONFIGURATION	1004535822
Light.LIGHT_POSITION_LIGHT_DISPLAY_FEEDBACK	1011875893
Light.LIGHT_POSITION_LIGHT_DISPLAY_FUNCTION_FLAG	1011875896
Light.LIGHT_POSITION_LIGHT_DISPLAY_SET	1324556339
Light.LIGHT_PROJECTION_MODE_REQUEST	1231048730
Light.LIGHT_PROJECTION_UNLOCK_DOOR_STATUS	1323302928
Light.LIGHT_RCS_ATMOSPHERE_CUSTOM_BRIGHTNESS_SET_hal_only	589320218
Light.LIGHT_RCS_ATMOSPHERE_CUSTOM_COLOR_SET_hal_only	589320224
Light.LIGHT_RCS_ATMOSPHERE_CUSTOM_MODE_SET_hal_only	589320221
Light.LIGHT_RCS_ATMOSPHERE_ENVIRNMENTAL_MODE_SWITCH_SET_hal_only	589320212
Light.LIGHT_RCS_ATMOSPHERE_WARNING_AUXILIARY_SWITCH_SET_hal_only	589320208
Light.LIGHT_RCS_ATMOSPHERE_WELCOME_CELEMONY_SWITCH_SET_hal_only	589320210
Light.LIGHT_RCS_DYNAMIC_COLORFUL_MODE_SET_hal_only	589336616
Light.LIGHT_RCS_DYNAMIC_COLORFUL_SWITHCH_STATE_SET_hal_only	589320244
Light.LIGHT_RCS_MUSIC_RHYTHM_MODE_SET_hal_only	589336620
Light.LIGHT_RCS_STAR_ROOF_ATMOSPHERE_SWITCH_SET_hal_only	589320231
Light.LIGHT_RCS_STAR_ROOF_MODE_SET_hal_only	589320214
Light.LIGHT_RCS_THEME_LINKED_AATMOSPHERE_LAMP_SWITCH_SET_hal_only	589336630
Light.LIGHT_REAR_FOG_LAMPS	950009872
Light.LIGHT_REAR_FOG_LIGHT	321912847
Light.LIGHT_REAR_FOG_LIGHT_SET	871366667
Light.LIGHT_REAR_GLOW_LOGO_CONFIG	880803908
Light.LIGHT_REAR_GLOW_LOGO_STATE	880803910
Light.LIGHT_REAR_GLOW_LOGO_STATE_SET	1324621876
Light.LIGHT_REAR_GLOW_LOGO_WORK_STATE	880803888
Light.LIGHT_RF_ADB_CONFIG	986710050
Light.LIGHT_RF_ADB_STATE	986710044
Light.LIGHT_RF_READ_LIGHT_SWITCH	1071644684
Light.LIGHT_RF_READ_LIGHT_SWITCH_SET	455081994
Light.LIGHT_RF_READ_LIGHT_SWITCH_SET_RSE_hal_only	412233746
Light.LIGHT_RIGHT_CORNER_LIGHT_STATUS	950009882
Light.LIGHT_RIGHT_CORNER_LIGHT_STATUS_hal_only	986710060
Light.LIGHT_RIGHT_DAYTIME_LIGHT_STATE	1340080148
Light.LIGHT_RIGHT_DAYTIME_LIGHT_STATE_hal_only	986710054
Light.LIGHT_RIGHT_DIMMING_CONTROL_CONFIG	986710039
Light.LIGHT_RIGHT_DMD_DUTY_RADIO_SET	528482368
Light.LIGHT_RIGHT_DMD_DUTY_RADIO_STATUS	978321472
Light.LIGHT_RIGHT_FRONT_POSITION_SPATIOTEMPORAL_WING_LIGHT_STATUS	986710040
Light.LIGHT_RIGHT_HIGH_BEAM_STATUS	986710056
Light.LIGHT_RIGHT_LED_BRIGHTNESS_OUTPUT_LEVEL_SET	528482320
Light.LIGHT_RIGHT_LIGHT_ACTUAL_BRIGHTNESS	978321416
Light.LIGHT_RIGHT_LIGHT_ANGEL_GEAR_SET	528482328
Light.LIGHT_RIGHT_LIGHT_ANGEL_GEAR_STATUS	978321424
Light.LIGHT_RIGHT_LIGHT_BUILT_IN_PICTURE_PLAY_SET	528482352
Light.LIGHT_RIGHT_LIGHT_BUILT_IN_PICTURE_PLAY_STATUS	978321436
Light.LIGHT_RIGHT_LIGHT_DMD_TEMPERATURE	978321464
Light.LIGHT_RIGHT_LIGHT_FAN_SPEED_FEEDBACK	978321440
Light.LIGHT_RIGHT_LIGHT_FAN_STATUS	978321480
Light.LIGHT_RIGHT_LIGHT_LED_TEMPERATURE	978321456
Light.LIGHT_RIGHT_LIGHT_SOURCE_CONFIG_FEEDBACK	978321428
Light.LIGHT_RIGHT_MIDDLE_INSIDE_LIGHT_BRIGHTNESS	1040187412
Light.LIGHT_RIGHT_MIDDLE_INSIDE_LIGHT_BRIGHTNESS_SET	1082130468
Light.LIGHT_RIGHT_MIDDLE_INSIDE_LIGHT_SPOT_POSITION	1040187408
Light.LIGHT_RIGHT_MIDDLE_INSIDE_LIGHT_SPOT_POSITION_SET	1082130464
Light.LIGHT_RIGHT_MIDDLE_INSIDE_LIGHT_STATUS	1040187400
Light.LIGHT_RIGHT_MIDDLE_INSIDE_LIGHT_STATUS_SET	1082130453
Light.LIGHT_RIGHT_PROJECTION_SWITCH_STATE_SET	528482344
Light.LIGHT_RIGHT_PROJECTION_SWITCH_STATE_STATUS	978321432
Light.LIGHT_RIGHT_TURN_SIGNAL	339738678
Light.LIGHT_RIGHT_TURN_SIGNAL_LIGHT	321912845
Light.LIGHT_RIGHT_TURN_SIGNAL_LIGHT_SWITCH_STATE	930167
Light.LIGHT_RM_READ_LIGHT_ROTATE_SWITCH	1071644692
Light.LIGHT_RM_READ_LIGHT_ROTATE_SWITCH_SET	455082002
Light.LIGHT_RM_READ_LIGHT_ROTATE_SWITCH_SET_RSE_hal_only	412233754
Light.LIGHT_RM_READ_LIGHT_SWITCH	1071644688
Light.LIGHT_RM_READ_LIGHT_SWITCH_SET	455081998
Light.LIGHT_RM_READ_LIGHT_SWITCH_SET_RSE_hal_only	412233750
Light.LIGHT_RRSE_THEME_LINKED_AATMOSPHERE_LAMP_SWITCH_SET_hal_only	422592578
Light.LIGHT_RR_READ_LIGHT_SWITCH	1071644696
Light.LIGHT_RR_READ_LIGHT_SWITCH_SET	455082006
Light.LIGHT_RR_READ_LIGHT_SWITCH_SET_RSE_hal_only	412233758
Light.LIGHT_RSE_ATMOSPHERE_CUSTOM_BRIGHTNESS_SET_hal_only	412221488
Light.LIGHT_RSE_ATMOSPHERE_CUSTOM_COLOR_SET_hal_only	412221494
Light.LIGHT_RSE_ATMOSPHERE_CUSTOM_MODE_SET_hal_only	412221491
Light.LIGHT_RSE_DYNAMIC_COLORFUL_MODE_SET	412106796
Light.LIGHT_RSE_DYNAMIC_COLORFUL_SWITHCH_STATE_SET	412106794
Light.LIGHT_RSE_MUSIC_RHYTHM_MODE_SET	412106788
Light.LIGHT_RSE_STAR_ROOF_ATMOSPHERE_SWITCH_SET_hal_only	412221501
Light.LIGHT_RSE_STAR_ROOF_MODE_SET_hal_only	412221484
Light.LIGHT_SIDE_LIGHT	950009864
Light.LIGHT_SMALL_LIGHT_STATE	308866
Light.LIGHT_SMART_LIGHT_BLANKET_CONFIG	1004535830
Light.LIGHT_SMART_LIGHT_BLANKET_SET	1324634178
Light.LIGHT_SOURCE_CHOICE_SET	1324634150
Light.LIGHT_STAR_RING_ATMOSPHERE_LAMP_BRIGHTNESS	783286280
Light.LIGHT_STAR_RING_ATMOSPHERE_LAMP_COLOR	783286288
Light.LIGHT_STAR_ROOF_ATMOSPHERE_FUNCTION_FLAG	657457160
Light.LIGHT_STAR_ROOF_ATMOSPHERE_MODE	657457164
Light.LIGHT_STAR_ROOF_ATMOSPHERE_SWITCH_SET	1276194856
Light.LIGHT_STAR_ROOF_ATMOSPHERE_SWITCH_STATUS	657457162
Light.LIGHT_STAR_ROOF_MODE_SET	1276194852
Light.LIGHT_STAR_SKY_ATMOSPHERE_LAMP_BRIGHTNESS	783286284
Light.LIGHT_STAR_SKY_ATMOSPHERE_LAMP_COLOR	783286296
Light.LIGHT_STEERING_LEVER_COMBINATION_SWITCH_TYPE	321912880
Light.LIGHT_THEME_COLOR_FEATURE_FLAG	1121976390
Light.LIGHT_THEME_LINKED_AATMOSPHERE_LAMP_SWITCH_SET	850464838
Light.LIGHT_TIME_MODE	-1728052201
Light.LIGHT_TRAILER_LAMP_CHECK_STATE	1341128742
Light.LIGHT_TRAILER_LAMP_CHECK_STATE_SET	1276153910
Light.LIGHT_TURN_SIGNAL_CONTROL_COMMAND	341835822
Light.LIGHT_TURN_SIGNAL_CONTROL_COMMAND_LEOPARD_hal_only	681574592
Light.LIGHT_TURN_SIGNAL_LIGHT	950009900
Light.LIGHT_TURN_SIGNAL_LIGHTS_STATE	305144
Light.LIGHT_TURN_SIGNAL_LIGHT_SET	871366669
Light.LIGHT_TURN_SIGNAL_LIGHT_SWITCH_STATE	321912876
Light.LIGHT_UAV_ATMOSPHERE_LIGHT_STATUS	783286328
Light.LIGHT_UAV_ATMOSPHERE_LIGHT_STATUS_SET	1276219448
Light.LIGHT_UNLOCK_WELCOME_PREVIEW_EXECUTION	836763664
Light.LIGHT_VEHICLE_DISTANCE_PROJECTION_STATUS	984612891
Light.LIGHT_VEHICLE_DISTANCE_PROJECTION_SWITCH_CONFIG	1324634134
Light.LIGHT_YIELD_TO_PEDESTRIANS_OPEN_MET_FLAG	1004535832
Instrument.INSTRUEMNT_2IN1_FIRST_MENU	634388488
Instrument.INSTRUEMNT_2IN1_SECOND_MENU	634388491
Instrument.INSTRUMENT_10MIN_NONKEY_START	1011875860
Instrument.INSTRUMENT_1_LANE_LINE_TYPE_SET	427827296
Instrument.INSTRUMENT_2IN1_ACC_DISTANCE	592445453
Instrument.INSTRUMENT_2IN1_ACC_TEXT_PROMPT	592445456
Instrument.INSTRUMENT_2IN1_ACC_TIME_DISTANCE	592445450
Instrument.INSTRUMENT_2IN1_ACC_WORK_INTERFACE	592445448
Instrument.INSTRUMENT_2IN1_BODY_POSITION	592445460
Instrument.INSTRUMENT_2IN1_CURRENT_JOURNEY_DRIVE_MILEAGE	1246801948
Instrument.INSTRUMENT_2IN1_CURRENT_JOURNEY_DRIVE_TIME	1246801938
Instrument.INSTRUMENT_2IN1_CURRENT_JOURNEY_INTERFACE	1246801936
Instrument.INSTRUMENT_2IN1_DIRECTION_INFO	1246769208
Instrument.INSTRUMENT_2IN1_DISCHARGE_ELEC_ENERGY	597688360
Instrument.INSTRUMENT_2IN1_DISCHARGE_MODE	597688358
Instrument.INSTRUMENT_2IN1_DISCHARGE_UI	597688352
Instrument.INSTRUMENT_2IN1_FAULT_ABS_FAILURE_WARN_LIGHT	659554324
Instrument.INSTRUMENT_2IN1_FAULT_ABS_FAILURE_WARN_LIGHT_COLOR	659554327
Instrument.INSTRUMENT_2IN1_FAULT_BRAKE_SYS_FAILURE_WARN_LIGHT	659554336
Instrument.INSTRUMENT_2IN1_FAULT_BRAKE_SYS_FAILURE_WARN_LIGHT_COLOR	659554339
Instrument.INSTRUMENT_2IN1_FAULT_COOLANT_TEMP_HIGH_WARN_LIGHT	678428716
Instrument.INSTRUMENT_2IN1_FAULT_COOLANT_TEMP_HIGH_WARN_LIGHT_COLOR	678428719
Instrument.INSTRUMENT_2IN1_FAULT_CRUISE_CTRL_INDICATOR	721420302
Instrument.INSTRUMENT_2IN1_FAULT_CRUISE_CTRL_INDICATOR_COLOR	721420305
Instrument.INSTRUMENT_2IN1_FAULT_CRUISE_MAIN_INDICATOR	721420308
Instrument.INSTRUMENT_2IN1_FAULT_CRUISE_MAIN_INDICATOR_COLOR	721420311
Instrument.INSTRUMENT_2IN1_FAULT_DASHBOARD_ALARM	1246777399
Instrument.INSTRUMENT_2IN1_FAULT_DISCHARGE_INDICATOR	721420320
Instrument.INSTRUMENT_2IN1_FAULT_DISCHARGE_INDICATOR_COLOR	721420323
Instrument.INSTRUMENT_2IN1_FAULT_DRIVE_POWER_LIMIT_INDICATOR	721420314
Instrument.INSTRUMENT_2IN1_FAULT_DRIVE_POWER_LIMIT_INDICATOR_COLOR	721420317
Instrument.INSTRUMENT_2IN1_FAULT_ECO_INDICATOR	721420326
Instrument.INSTRUMENT_2IN1_FAULT_ECO_INDICATOR_COLOR	721420329
Instrument.INSTRUMENT_2IN1_FAULT_ELEC_PARKING_STATE_INDICATOR	659554330
Instrument.INSTRUMENT_2IN1_FAULT_ELEC_PARKING_STATE_INDICATOR_COLOR	659554333
Instrument.INSTRUMENT_2IN1_FAULT_ENGINE_FAILURE_WARN_LIGHT	678428710
Instrument.INSTRUMENT_2IN1_FAULT_ENGINE_FAILURE_WARN_LIGHT_COLOR	678428713
Instrument.INSTRUMENT_2IN1_FAULT_ENGINE_SPPED_HIGH	1032855581
Instrument.INSTRUMENT_2IN1_FAULT_ESP_FAILURE_WARN_LIGHT	659554348
Instrument.INSTRUMENT_2IN1_FAULT_ESP_FAILURE_WARN_LIGHT_COLOR	659554351
Instrument.INSTRUMENT_2IN1_FAULT_EV_INDICATOR	738197548
Instrument.INSTRUMENT_2IN1_FAULT_EV_INDICATOR_COLOR	738197551
Instrument.INSTRUMENT_2IN1_FAULT_FRONT_FOG_LIGHT_INDICATOR	686817300
Instrument.INSTRUMENT_2IN1_FAULT_FRONT_FOG_LIGHT_INDICATOR_COLOR	686817303
Instrument.INSTRUMENT_2IN1_FAULT_GPF_INDICATOR	678428698
Instrument.INSTRUMENT_2IN1_FAULT_GPF_INDICATOR_COLOR	678428701
Instrument.INSTRUMENT_2IN1_FAULT_GRASS_INDICATOR	738197530
Instrument.INSTRUMENT_2IN1_FAULT_GRASS_INDICATOR_COLOR	738197533
Instrument.INSTRUMENT_2IN1_FAULT_HEV_INDICATOR	738197554
Instrument.INSTRUMENT_2IN1_FAULT_HEV_INDICATOR_COLOR	738197557
Instrument.INSTRUMENT_2IN1_FAULT_LOW_FUEL_WARN_LIGHT	678428722
Instrument.INSTRUMENT_2IN1_FAULT_LOW_FUEL_WARN_LIGHT_COLOR	678428725
Instrument.INSTRUMENT_2IN1_FAULT_LOW_OIL_PRESSURE_WARN_LIGHT	694157320
Instrument.INSTRUMENT_2IN1_FAULT_LOW_OIL_PRESSURE_WARN_LIGHT_COLOR	694157323
Instrument.INSTRUMENT_2IN1_FAULT_LOW_POWER_BATTERY_WARN_LIGHT	710934566
Instrument.INSTRUMENT_2IN1_FAULT_LOW_POWER_BATTERY_WARN_LIGHT_COLOR	710934569
Instrument.INSTRUMENT_2IN1_FAULT_MAIN_ALARM_INDICATOR	694157326
Instrument.INSTRUMENT_2IN1_FAULT_MAIN_ALARM_INDICATOR_COLOR	694157329
Instrument.INSTRUMENT_2IN1_FAULT_MUDDY_INDICATOR	738197536
Instrument.INSTRUMENT_2IN1_FAULT_MUDDY_INDICATOR_COLOR	738197539
Instrument.INSTRUMENT_2IN1_FAULT_NORMAL_INDICATOR	721420338
Instrument.INSTRUMENT_2IN1_FAULT_NORMAL_INDICATOR_COLOR	721420341
Instrument.INSTRUMENT_2IN1_FAULT_OIL_LIFE_DETECT_INDICATOR	612368404
Instrument.INSTRUMENT_2IN1_FAULT_OIL_LIFE_DETECT_INDICATOR_COLOR	612368407
Instrument.INSTRUMENT_2IN1_FAULT_OK_INDICATOR	738197524
Instrument.INSTRUMENT_2IN1_FAULT_OK_INDICATOR_COLOR	738197527
Instrument.INSTRUMENT_2IN1_FAULT_POWER_BATTERY_CHARGE_CONNECT_INDICATOR	710934572
Instrument.INSTRUMENT_2IN1_FAULT_POWER_BATTERY_CHARGE_CONNECT_INDICATOR_COLOR	710934575
Instrument.INSTRUMENT_2IN1_FAULT_POWER_BATTERY_HEAT_WARN_LIGHT	710934578
Instrument.INSTRUMENT_2IN1_FAULT_POWER_BATTERY_HEAT_WARN_LIGHT_COLOR	710934581
Instrument.INSTRUMENT_2IN1_FAULT_POWER_BAT_FAILURE_WARN_LIGHT	721420296
Instrument.INSTRUMENT_2IN1_FAULT_POWER_BAT_FAILURE_WARN_LIGHT_COLOR	721420299
Instrument.INSTRUMENT_2IN1_FAULT_POWER_SYS_FAILURE_WARN_LIGHT	710934554
Instrument.INSTRUMENT_2IN1_FAULT_POWER_SYS_FAILURE_WARN_LIGHT_COLOR	710934557
Instrument.INSTRUMENT_2IN1_FAULT_PRESSURE_SUPPLY_SYS_FAILURE_WARN_LIGHT	678428704
Instrument.INSTRUMENT_2IN1_FAULT_PRESSURE_SUPPLY_SYS_FAILURE_WARN_LIGHT_COLOR	678428707
Instrument.INSTRUMENT_2IN1_FAULT_SAND_INDICATOR	738197542
Instrument.INSTRUMENT_2IN1_FAULT_SAND_INDICATOR_COLOR	738197545
Instrument.INSTRUMENT_2IN1_FAULT_SMALL_LIGHT_INDICATOR	686817294
Instrument.INSTRUMENT_2IN1_FAULT_SMALL_LIGHT_INDICATOR_COLOR	686817297
Instrument.INSTRUMENT_2IN1_FAULT_SMART_KEY_SYS_COLOR	694157353
Instrument.INSTRUMENT_2IN1_FAULT_SMART_KEY_SYS_WARN_LIGHT	694157350
Instrument.INSTRUMENT_2IN1_FAULT_SPORT_INDICATOR	721420332
Instrument.INSTRUMENT_2IN1_FAULT_SPORT_INDICATOR_COLOR	721420335
Instrument.INSTRUMENT_2IN1_FAULT_SRS_FAILURE_WARN_LIGHT	659554312
Instrument.INSTRUMENT_2IN1_FAULT_SRS_FAILURE_WARN_LIGHT_COLOR	659554315
Instrument.INSTRUMENT_2IN1_FAULT_STEERING_SYS_FAILURE_WARN_LIGHT	678428686
Instrument.INSTRUMENT_2IN1_FAULT_STEERINT_SYS_FAILURE_WARN_LIGHT_COLOR	678428689
Instrument.INSTRUMENT_2IN1_FAULT_TYRE_PRESSURE_SYS_FAILURE_WARN_LIGHT	678428692
Instrument.INSTRUMENT_2IN1_FAULT_TYRE_PRESSURE_SYS_FAILURE_WARN_LIGHT_COLOR	678428695
Instrument.INSTRUMENT_2IN1_FAULT_YUN_ABS_SYS	1032859669
Instrument.INSTRUMENT_2IN1_FAULT_YUN_ACC	1032859689
Instrument.INSTRUMENT_2IN1_FAULT_YUN_ANTI_THEFT	1032859677
Instrument.INSTRUMENT_2IN1_FAULT_YUN_AUTO_EBRAKING	1032859685
Instrument.INSTRUMENT_2IN1_FAULT_YUN_BRAKING_SYS_FAILUE	1032859666
Instrument.INSTRUMENT_2IN1_FAULT_YUN_COOLANT_TEMP_HIGH	1032859690
Instrument.INSTRUMENT_2IN1_FAULT_YUN_DRIVER_BELT	1032859683
Instrument.INSTRUMENT_2IN1_FAULT_YUN_DRIVE_POWER_LIMIT	1032859687
Instrument.INSTRUMENT_2IN1_FAULT_YUN_ELEC_PARKING	1032859673
Instrument.INSTRUMENT_2IN1_FAULT_YUN_ENGINE	1032859668
Instrument.INSTRUMENT_2IN1_FAULT_YUN_ESP	1032859670
Instrument.INSTRUMENT_2IN1_FAULT_YUN_FAST_AIR_LEAK	1032859671
Instrument.INSTRUMENT_2IN1_FAULT_YUN_GPF	1032859672
Instrument.INSTRUMENT_2IN1_FAULT_YUN_HEADLIGHT	1032859664
Instrument.INSTRUMENT_2IN1_FAULT_YUN_LOW_OIL	1032859691
Instrument.INSTRUMENT_2IN1_FAULT_YUN_LOW_OIL_PRESS	1032859665
Instrument.INSTRUMENT_2IN1_FAULT_YUN_LOW_POWER_BATTERY	1032859686
Instrument.INSTRUMENT_2IN1_FAULT_YUN_LOW_VOLT_POWER_SUPPLY_SYS	1032859667
Instrument.INSTRUMENT_2IN1_FAULT_YUN_MOTOR_TEMP_HIGN	1032859678
Instrument.INSTRUMENT_2IN1_FAULT_YUN_OK	1032859682
Instrument.INSTRUMENT_2IN1_FAULT_YUN_POWER_BATTARY	1032859679
Instrument.INSTRUMENT_2IN1_FAULT_YUN_POWER_BATTERY_TEMP_HIHG	1032859680
Instrument.INSTRUMENT_2IN1_FAULT_YUN_POWER_SYS	1032859681
Instrument.INSTRUMENT_2IN1_FAULT_YUN_SMART_KEY_SYS	1032859688
Instrument.INSTRUMENT_2IN1_FAULT_YUN_SRS	1032859674
Instrument.INSTRUMENT_2IN1_FAULT_YUN_STEERING_SYS	1032859675
Instrument.INSTRUMENT_2IN1_FAULT_YUN_TYRE_PRESS	1032859676
Instrument.INSTRUMENT_2IN1_HEADLAMP_FAILURE_WARN_LIGHT	686817318
Instrument.INSTRUMENT_2IN1_HEADLAMP_FAILURE_WARN_LIGHT_COLOR	686817321
Instrument.INSTRUMENT_2IN1_LAST_50KM_POWER_CONSUME_YUN	1032863794
Instrument.INSTRUMENT_2IN1_LB_TYRE_COLOR	1246797844
Instrument.INSTRUMENT_2IN1_LB_TYRE_PRESSURE	1246781480
Instrument.INSTRUMENT_2IN1_LB_TYRE_TEMPERATURE	1246797872
Instrument.INSTRUMENT_2IN1_LB_TYRE_TEMPERATURE_COLOR	1246797881
Instrument.INSTRUMENT_2IN1_LEFT_LINE	592445464
Instrument.INSTRUMENT_2IN1_LF_TYRE_COLOR	1246797840
Instrument.INSTRUMENT_2IN1_LF_TYRE_PRESSURE	1246781456
Instrument.INSTRUMENT_2IN1_LF_TYRE_TEMPERATURE	1246797848
Instrument.INSTRUMENT_2IN1_LF_TYRE_TEMPERATURE_COLOR	1246797857
Instrument.INSTRUMENT_2IN1_MENU_STATE	89128968
Instrument.INSTRUMENT_2IN1_MENU_STATE_2nd	948347
Instrument.INSTRUMENT_2IN1_ODOMETER_DISPLAY	653262880
Instrument.INSTRUMENT_2IN1_RB_TYRE_COLOR	1246797846
Instrument.INSTRUMENT_2IN1_RB_TYRE_PRESSURE	1246781492
Instrument.INSTRUMENT_2IN1_RB_TYRE_TEMPERATURE	1246797884
Instrument.INSTRUMENT_2IN1_RB_TYRE_TEMPERATURE_COLOR	1246797893
Instrument.INSTRUMENT_2IN1_RF_TYRE_COLOR	1246797842
Instrument.INSTRUMENT_2IN1_RF_TYRE_PRESSURE	1246781468
Instrument.INSTRUMENT_2IN1_RF_TYRE_TEMPERATURE	1246797860
Instrument.INSTRUMENT_2IN1_RF_TYRE_TEMPERATURE_COLOR	1246797869
Instrument.INSTRUMENT_2IN1_RIGHT_LINE	592445468
Instrument.INSTRUMENT_2IN1_TYRE_PRESSURE_CAR_TYPE	1246777374
Instrument.INSTRUMENT_2_LANE_LINE_TYPE_SET	427827312
Instrument.INSTRUMENT_3_LANE_LINE_TYPE_SET	427827328
Instrument.INSTRUMENT_4_LANE_LINE_TYPE_SET	427827344
Instrument.INSTRUMENT_50KM_ELECTRICITY_CONSUMPTION_DISPLAY_STATE	980418586
Instrument.INSTRUMENT_50KM_ENERY_CONSUMPTION_DISPLAY_STATE	980418582
Instrument.INSTRUMENT_50KM_FUEL_CONSUMPTION_DISPLAY_STATE	980418584
Instrument.INSTRUMENT_5_LANE_LINE_TYPE_SET	427827360
Instrument.INSTRUMENT_6_LANE_LINE_TYPE_SET	427827376
Instrument.INSTRUMENT_7_LANE_LINE_TYPE_SET	427827392
Instrument.INSTRUMENT_8_LANE_LINE_TYPE_SET	427827408
Instrument.INSTRUMENT_ABERRATION_DATA_HANDLE	802164782
Instrument.INSTRUMENT_ABERRATION_PICTURE	802164777
Instrument.INSTRUMENT_ABS_SYSTEM_BREAKDOWN	1032917013
Instrument.INSTRUMENT_ACCELERATION_TIMER_DISPLAY_SET	1276149798
Instrument.INSTRUMENT_ACCELERATION_TIMER_SECONDARY_MENU	1086337042
Instrument.INSTRUMENT_ACC_CRUISE_SPEED	597688344
Instrument.INSTRUMENT_ACC_CRUISE_SPEED_COLOR	597688347
Instrument.INSTRUMENT_ACTIVE_ALERT_PROMPTS	1086369818
Instrument.INSTRUMENT_AC_CHARGING_EQUIPMENT	1032917030
Instrument.INSTRUMENT_AC_HEAT_MANAGEMENT	764901
Instrument.INSTRUMENT_ADAPTIVE_CRUISE_CONTROL_SYSTEM	191709
Instrument.INSTRUMENT_ADAS_MAIN_INTERFACE_DISPLAY_STATE	1086337077
Instrument.INSTRUMENT_ADJUST_BRIGHTNESS_AWNING_ADJUST_GEAR	1003487592
Instrument.INSTRUMENT_AIR_HEATING_DISPLAY_STATE	980418600
Instrument.INSTRUMENT_ALARM_BUZZLE_STATE	315621436
Instrument.INSTRUMENT_ALL_WEATHER_LIGHT_SWITCH_FEEDBACK	1011875874
Instrument.INSTRUMENT_ALL_WEATHER_LIGHT_SWITCH_SET	1276153906
Instrument.INSTRUMENT_ANGEL_GERA_FEEDBACK_STATUS	806354968
Instrument.INSTRUMENT_APPOINTMENT_COUNTDOWN_FLAG	1245716498
Instrument.INSTRUMENT_APPOINTMENT_COUNTDOWN_HOUR	653262867
Instrument.INSTRUMENT_APPOINTMENT_COUNTDOWN_MINUTE	653262872
Instrument.INSTRUMENT_APPOINTMENT_HOUR	653262856
Instrument.INSTRUMENT_APPOINTMENT_MINUTE	653262861
Instrument.INSTRUMENT_ARHUD_NAVIGATION_MAP_RESOLUTION_STATUS	884998155
Instrument.INSTRUMENT_AUTOMATIC_BRIGHTNESS_ADJUSTMENT_STRATEGY	1179648024
Instrument.INSTRUMENT_AVERAGE_ELECTRICTY_CONSUMPTION_DISPLSY_STATE	980418580
Instrument.INSTRUMENT_AVERAGE_ENERY_CONSUMPTION_DISPLAY_STATE	980418576
Instrument.INSTRUMENT_AVERAGE_FUEL_CONSUMPTION_DISPLAY_STATE	980418578
Instrument.INSTRUMENT_AVERAGE_SPEED	1246777388
Instrument.INSTRUMENT_AVERAGE_SPEED_DISPLAY_STATE	980418596
Instrument.INSTRUMENT_AVH_WORKING_PILOT_LAMP	659554354
Instrument.INSTRUMENT_AVH_WORKING_PILOT_LAMP_COLOR	659554357
Instrument.INSTRUMENT_AVM_PROJECTION_CONFIG_STATUS	806354976
Instrument.INSTRUMENT_BACKLIGHT_AUTO_MODE_STATE	1283457058
Instrument.INSTRUMENT_BACKLIGHT_AUTO_MODE_STATE_SET	1043333138
Instrument.INSTRUMENT_BACKLIGHT_BRIGHTNESS	1274019896
Instrument.INSTRUMENT_BACKLIGHT_BRIGHTNESS_SET	1043333144
Instrument.INSTRUMENT_BACKLIGHT_LINK_MODE_STATE	1283457094
Instrument.INSTRUMENT_BACKLIGHT_LINK_MODE_STATE_SET	1043333174
Instrument.INSTRUMENT_BATTERY_BREAKDOWN	1032917023
Instrument.INSTRUMENT_BATTERY_TOO_HIGH	1032917024
Instrument.INSTRUMENT_BLIND_AREA_DETECTION_SYSTEM	107920
Instrument.INSTRUMENT_BLIND_SPOT_MONITOR_ALARM_SOUND_FUNCTION_SET	1324621894
Instrument.INSTRUMENT_BLIND_SPOT_MONITOR_ALARM_SOUND_SWITCH	1086349364
Instrument.INSTRUMENT_BLUETOOTH_PHONE_INCOMING_CALL_NUMBER_TYPE_SET	633339922
Instrument.INSTRUMENT_BRAKE_PADS	12222
Instrument.INSTRUMENT_BRIGHTNESS_GEAR_FEEDBACK_STATUS	806354960
Instrument.INSTRUMENT_BRIGHTNESS_PERCENTAGE	1179648012
Instrument.INSTRUMENT_B_M_ABS	1033228317
Instrument.INSTRUMENT_B_M_ACC_SYSTEM	1033228339
Instrument.INSTRUMENT_B_M_AC_HEAT_MANAGEMENT	1033228310
Instrument.INSTRUMENT_B_M_AEB_SYSTEM	1033228346
Instrument.INSTRUMENT_B_M_AUTO_NETWORK	1033228327
Instrument.INSTRUMENT_B_M_BRAKE_FLUID_LEVEL_LOW	1033228306
Instrument.INSTRUMENT_B_M_BRAKE_PAD	1033228335
Instrument.INSTRUMENT_B_M_BRAKE_SYSTEM	1033228307
Instrument.INSTRUMENT_B_M_BRAKE_SYSTEM_1	1033228314
Instrument.INSTRUMENT_B_M_BSD_SYSTEM	1033228343
Instrument.INSTRUMENT_B_M_CHARGING_EQUIPMENT	1033228305
Instrument.INSTRUMENT_B_M_CHARGING_SYSTEM	1033228323
Instrument.INSTRUMENT_B_M_COOLANT_LEVEL_LOW	1033228309
Instrument.INSTRUMENT_B_M_ELECTRONIC_PARKING_SYSTEM	1033228315
Instrument.INSTRUMENT_B_M_ENGINE_ACCESSORY_FUNCTION_LIMIT	1033228329
Instrument.INSTRUMENT_B_M_ENGINE_OIL_DETECTING_SYSTEM	1033228312
Instrument.INSTRUMENT_B_M_ENGINE_OIL_PRESSURE_LACK	1033228311
Instrument.INSTRUMENT_B_M_ENGINE_SYSTEM	1033228328
Instrument.INSTRUMENT_B_M_ESP	1033228333
Instrument.INSTRUMENT_B_M_EV_FUNCTION_LIMIT	1033228321
Instrument.INSTRUMENT_B_M_FCW_SYSTEM	1033228344
Instrument.INSTRUMENT_B_M_GEAR_SYSTEM	1033228322
Instrument.INSTRUMENT_B_M_HDC	1033228334
Instrument.INSTRUMENT_B_M_HMA_SYSTEM	1033228342
Instrument.INSTRUMENT_B_M_IRON_BATTERY	1033228325
Instrument.INSTRUMENT_B_M_IRON_BATTERY_POWER_LOW	1033228326
Instrument.INSTRUMENT_B_M_LDW	1033228350
Instrument.INSTRUMENT_B_M_LEFT_HEADLAMP_SYSTEM	1033228336
Instrument.INSTRUMENT_B_M_LKS	1033228349
Instrument.INSTRUMENT_B_M_LOW_VOLTAGE_POWER_SUPPLY_SYSTEM	1033228318
Instrument.INSTRUMENT_B_M_MEMORY_SYSTEM	1033228338
Instrument.INSTRUMENT_B_M_MULTIFUNCTION_VIDEO_CONTROLLER	1033228347
Instrument.INSTRUMENT_B_M_MULTI_VIDEO_CON_FUNCTION_LIMIT	1033228348
Instrument.INSTRUMENT_B_M_PARKING_POWER_LACK	1033228316
Instrument.INSTRUMENT_B_M_PEDESTRIAN_DETECTION_SYSTEM	1033228340
Instrument.INSTRUMENT_B_M_POWER_GENERATION_SYSTEM	1033228319
Instrument.INSTRUMENT_B_M_POWER_SYSTEM	1033228320
Instrument.INSTRUMENT_B_M_PRE_MILLIMETER_WAVE_RADAR	1033228345
Instrument.INSTRUMENT_B_M_RIGHT_HEADLAMP_SYSTEM	1033228337
Instrument.INSTRUMENT_B_M_SRS	1033228332
Instrument.INSTRUMENT_B_M_START_TYPE_IRON_BATTERY_SYSTEM	1033228324
Instrument.INSTRUMENT_B_M_STEERING_SYSTEM	1033228308
Instrument.INSTRUMENT_B_M_TIRE_PRESSURE_DETECTING_SYSTEM	1033228313
Instrument.INSTRUMENT_B_M_TRAFFIC_SIGN_RECOGNITION_SYSTEM	1033228341
Instrument.INSTRUMENT_B_M_TRANSMISSION_FUNCTION_LIMIT	1033228330
Instrument.INSTRUMENT_B_M_TRANSMISSION_SYSTEM	1033228331
Instrument.INSTRUMENT_B_M_VEHICLE_CHARGING_SYSTEM	1033228304
Instrument.INSTRUMENT_CALL_INFO_C2	1140596752
Instrument.INSTRUMENT_CALL_INFO_C3	1140600848
Instrument.INSTRUMENT_CALL_INFO_C4	1140604944
Instrument.INSTRUMENT_CALL_INFO_C5	1140609040
Instrument.INSTRUMENT_CALL_INFO_C6	1140613136
Instrument.INSTRUMENT_CALL_INFO_C7	1140617232
Instrument.INSTRUMENT_CALL_INFO_C8	1140621328
Instrument.INSTRUMENT_CALL_INFO_C9	1140625424
Instrument.INSTRUMENT_CALL_INFO_CA	1140629520
Instrument.INSTRUMENT_CALL_INFO_CB	1140633616
Instrument.INSTRUMENT_CALL_INFO_CC	1140637712
Instrument.INSTRUMENT_CALL_INFO_CD	1140641808
Instrument.INSTRUMENT_CALL_INFO_CE	1140645904
Instrument.INSTRUMENT_CALL_INFO_RESULT	1108086800
Instrument.INSTRUMENT_CALL_INFO_SET	1140592648
Instrument.INSTRUMENT_CALL_STATE_SET	1138753548
Instrument.INSTRUMENT_CALL_TIME_HOUR_SET	1138753560
Instrument.INSTRUMENT_CALL_TIME_MINUTE_SET	1138753568
Instrument.INSTRUMENT_CALL_TIME_SECOND_SET	1138753576
Instrument.INSTRUMENT_CAMERA_DISPLAY_STATE_SET	1139814424
Instrument.INSTRUMENT_CAR_CHARGER	1032917029
Instrument.INSTRUMENT_CENTER_PROJECTION_SET	1086373904
Instrument.INSTRUMENT_CHARGING_CABINET	1032917028
Instrument.INSTRUMENT_CHARGING_GUN_CONNECTION	1032917031
Instrument.INSTRUMENT_CHARGING_GUN_NOT_DISCONNECT	1032917037
Instrument.INSTRUMENT_CHARGING_SOCKET	463842
Instrument.INSTRUMENT_CHARGING_SYSTEM_BREAKDOWN	1032917011
Instrument.INSTRUMENT_CHECK_APPLE_KEY_RESULT	432341008
Instrument.INSTRUMENT_CLASSICAL_CHINESE_UI_VERSION	683679812
Instrument.INSTRUMENT_CLEAR_INFO_AVERAGE_ENERGY_CONSUMPTION_LATEST_50KM	1033224260
Instrument.INSTRUMENT_CLEAR_INFO_AVERAGE_ENERGY_CONSUMPTION_LATEST_50KM_SET	503316502
Instrument.INSTRUMENT_CLEAR_INFO_AVERAGE_SPEED_SET	503316500
Instrument.INSTRUMENT_CLEAR_INFO_EXTERNAL_CHARGE_POWER_SET	503316499
Instrument.INSTRUMENT_CLEAR_INFO_FUEL_CONSUMPTION_SET	503316498
Instrument.INSTRUMENT_CLEAR_INFO_TRAVEL_TIME_SET	503316501
Instrument.INSTRUMENT_CLEAR_MILEAGE1_SET	503316506
Instrument.INSTRUMENT_CLEAR_MILEAGE2_SET	503316507
Instrument.INSTRUMENT_CLOCK_SCREEN_DISPLAY_TEMPERATURE_SET	1083183120
Instrument.INSTRUMENT_CLOCK_SCREEN_DISPLAY_TEMPERATURE_UNIT_SET	1083183136
Instrument.INSTRUMENT_CP_AA_VERSION	683679793
Instrument.INSTRUMENT_DC_SYSTEM	995280
Instrument.INSTRUMENT_DD_ACC_CRUISING_SPEED	710934536
Instrument.INSTRUMENT_DD_ACC_CRUISING_SPEED_COLOR	710934539
Instrument.INSTRUMENT_DD_ACC_INDICAT_LIGHT_COLOR	694157365
Instrument.INSTRUMENT_DD_ACC_INDICAT_LIGHT_STATE	694157362
Instrument.INSTRUMENT_DD_ACC_SPEED	597688328
Instrument.INSTRUMENT_DD_AIR_HEATING_OIL_DISPLAY	1246789690
Instrument.INSTRUMENT_DD_AIR_HEATING_OIL_WARN	1246789702
Instrument.INSTRUMENT_DD_DEPUTY_SAFETYBELT_STATE	638582811
Instrument.INSTRUMENT_DD_DEPUTY_SAFETYBELT_STATE_312_hal_only	824180744
Instrument.INSTRUMENT_DD_DEVIATION_STATE	638582802
Instrument.INSTRUMENT_DD_ENERGY_INTENSITY_FEEDBACK	638582822
Instrument.INSTRUMENT_DD_EXTERNAL_CHARGE_POWER	1246789648
Instrument.INSTRUMENT_DD_FAULT_ACCELERATION_BREAK_PEDAL	1032855599
Instrument.INSTRUMENT_DD_FAULT_AC_WARM_DIESEL	1032855568
Instrument.INSTRUMENT_DD_FAULT_ADAPTIVE_CRUISE_LIMITED	1032851524
Instrument.INSTRUMENT_DD_FAULT_ADAPT_GEARBOX	1032855583
Instrument.INSTRUMENT_DD_FAULT_AIR_HOT_MANAGEMENT_FAILURE	1032851505
Instrument.INSTRUMENT_DD_FAULT_AP_LIMITED	1032855592
Instrument.INSTRUMENT_DD_FAULT_AUTO_EMERGENCY_BRAKING_LIMITED	1032851520
Instrument.INSTRUMENT_DD_FAULT_BATTERY_LOW	1032855575
Instrument.INSTRUMENT_DD_FAULT_BLIND_SPOT_MONITORING_LIMITED	1032851526
Instrument.INSTRUMENT_DD_FAULT_CAR_CHARGE_SYSTEM	1032855571
Instrument.INSTRUMENT_DD_FAULT_CELL_LOE_POWER	1032855585
Instrument.INSTRUMENT_DD_FAULT_CELL_LOW_POWER_AC_LIMITED	1032855597
Instrument.INSTRUMENT_DD_FAULT_CELL_LOW_POWER_DRIVE_LIMITED	1032855598
Instrument.INSTRUMENT_DD_FAULT_CELL_TEMP_AC_LIMITED	1032855596
Instrument.INSTRUMENT_DD_FAULT_CHARGE_POT_NOT_CLOSE	1032855586
Instrument.INSTRUMENT_DD_FAULT_CHECK_BRAKE_PAD	1032851517
Instrument.INSTRUMENT_DD_FAULT_CHECK_BRAKING_SYSTEM	1032851474
Instrument.INSTRUMENT_DD_FAULT_CHECK_CAR_NETWORK	1032851483
Instrument.INSTRUMENT_DD_FAULT_CHECK_ENGINE_SYSTEM	1032851494
Instrument.INSTRUMENT_DD_FAULT_CHECK_FRONT_WAVE_RADAR	1032851519
Instrument.INSTRUMENT_DD_FAULT_CHECK_GEAR_SYSTEM	1032851514
Instrument.INSTRUMENT_DD_FAULT_CHECK_HDC_SYSTEM	1032851516
Instrument.INSTRUMENT_DD_FAULT_CHECK_IRON_BATTERY_SYSTEM	1032851492
Instrument.INSTRUMENT_DD_FAULT_CHECK_MEMORY_SYATEM	1032855594
Instrument.INSTRUMENT_DD_FAULT_CHECK_MOONROOF	1032855595
Instrument.INSTRUMENT_DD_FAULT_CHECK_MUL_VIDEO_CONTROLLER	1032851518
Instrument.INSTRUMENT_DD_FAULT_CHECK_OIL_MONITORING_SYSTEM	1032851508
Instrument.INSTRUMENT_DD_FAULT_CHECK_PERSON_DETECTION_SYSTEM	1032851522
Instrument.INSTRUMENT_DD_FAULT_CHECK_POWERTRAIN	1032851480
Instrument.INSTRUMENT_DD_FAULT_CHECK_POWER_GENERATION_SYSTEM	1032851513
Instrument.INSTRUMENT_DD_FAULT_CHECK_PREDICTIVE_COLLISION_WARNING_SYSTEM	1032851521
Instrument.INSTRUMENT_DD_FAULT_CHECK_SAFETYBELT_SYSTEM	1032855593
Instrument.INSTRUMENT_DD_FAULT_CHECK_SRS_SYSTEM	1032851499
Instrument.INSTRUMENT_DD_FAULT_CHECK_TRANSMISSION_SYSTEM	1032851484
Instrument.INSTRUMENT_DD_FAULT_CHECK_TRANSMISSION_SYSTEM_SEC	1032851485
Instrument.INSTRUMENT_DD_FAULT_DISCHARGE_DEVICE	1032855569
Instrument.INSTRUMENT_DD_FAULT_DISCHARGE_STOP	1032855584
Instrument.INSTRUMENT_DD_FAULT_ENGINE_ASSESSORY_FUNC_LIMITED	1032851495
Instrument.INSTRUMENT_DD_FAULT_ENGINE_COOLANT_TEMP_HIGH	1032851478
Instrument.INSTRUMENT_DD_FAULT_ENGINE_COOLANT_TEMP_HIGH_SAFE_PARK	1032851477
Instrument.INSTRUMENT_DD_FAULT_ENGINE_START_FAILED	1032851503
Instrument.INSTRUMENT_DD_FAULT_ENTER_FORCED_EV	1032855573
Instrument.INSTRUMENT_DD_FAULT_EV_FUNC_LIMITED	1032851487
Instrument.INSTRUMENT_DD_FAULT_EXIT_SMART_DRIVING_MODE_MANUAL_TAKEOVER	1032851488
Instrument.INSTRUMENT_DD_FAULT_HIGH_CLUTCH_TEMPERATURE	1032851497
Instrument.INSTRUMENT_DD_FAULT_HIGH_OIL_LEVEL	1032851507
Instrument.INSTRUMENT_DD_FAULT_HIGH_TRANSMISSION_OIL_TEMPERATURE	1032851498
Instrument.INSTRUMENT_DD_FAULT_INSUFFICIENT_OIL_PRESSURE	1032851479
Instrument.INSTRUMENT_DD_FAULT_IRON_BATTERY_FAILURE	1032851482
Instrument.INSTRUMENT_DD_FAULT_KEY_FUNC_COUNTDOWN_DAY	1032855600
Instrument.INSTRUMENT_DD_FAULT_KEY_FUNC_COUNTDOWN_HOUR	1032855604
Instrument.INSTRUMENT_DD_FAULT_KEY_LOW_POWER	1032855578
Instrument.INSTRUMENT_DD_FAULT_KEY_NOT_DETECTED	1032855577
Instrument.INSTRUMENT_DD_FAULT_KEY_NOT_DETECTED_IN_CAR	1032855580
Instrument.INSTRUMENT_DD_FAULT_KEY_NOT_DETECTED_READER	1032855579
Instrument.INSTRUMENT_DD_FAULT_LANE_DEPARTURE_FUNC_LIMITED	1032851525
Instrument.INSTRUMENT_DD_FAULT_LANE_KEEPING_LIMITED	1032851523
Instrument.INSTRUMENT_DD_FAULT_LINK_ERROR_KEY_DAY	1018881
Instrument.INSTRUMENT_DD_FAULT_LINK_ERROR_KEY_HOUR	1032855576
Instrument.INSTRUMENT_DD_FAULT_LOW_BATTERY_LIMITED_POWER	1032851486
Instrument.INSTRUMENT_DD_FAULT_LOW_BRAKE_FLUID_LEVEL	1032851475
Instrument.INSTRUMENT_DD_FAULT_LOW_COOLANT_LEVEL	1032851504
Instrument.INSTRUMENT_DD_FAULT_LOW_OIL_LEVEL	1032851506
Instrument.INSTRUMENT_DD_FAULT_LOW_POWER_LIMIT	1032855572
Instrument.INSTRUMENT_DD_FAULT_LOW_TYRE_PRESSURE	1032851510
Instrument.INSTRUMENT_DD_FAULT_LOW_VOLTAGE_POWER_SUPPLY_SYSTEM_FAILURE	1032851481
Instrument.INSTRUMENT_DD_FAULT_NEED_CHARGE	1032855588
Instrument.INSTRUMENT_DD_FAULT_NEED_MAINTAIN	1032855574
Instrument.INSTRUMENT_DD_FAULT_NOTICE_261	638582792
Instrument.INSTRUMENT_DD_FAULT_NOTICE_ABS_SYSTEM	1032851512
Instrument.INSTRUMENT_DD_FAULT_NOTICE_ADD_FUEL	1032855591
Instrument.INSTRUMENT_DD_FAULT_NOTICE_EPB	1032851490
Instrument.INSTRUMENT_DD_FAULT_NOTICE_EPB_NOT_RELEASED	1032855590
Instrument.INSTRUMENT_DD_FAULT_NOTICE_ESP_SYSTEM	1032851515
Instrument.INSTRUMENT_DD_FAULT_NOTICE_FRONT_LIGHT_STSTEM	1032851502
Instrument.INSTRUMENT_DD_FAULT_NOTICE_LEAVE_CAR	1032851472
Instrument.INSTRUMENT_DD_FAULT_NOTICE_LF_LIGHT_STSTEM	1032851500
Instrument.INSTRUMENT_DD_FAULT_NOTICE_LV_SUPPLY	1032851493
Instrument.INSTRUMENT_DD_FAULT_NOTICE_PARK_SYSTEM	1032851511
Instrument.INSTRUMENT_DD_FAULT_NOTICE_PARK_WEAK	1032851491
Instrument.INSTRUMENT_DD_FAULT_NOTICE_POWER_SYSTEM	1032851501
Instrument.INSTRUMENT_DD_FAULT_NOTICE_RF_LIGHT_STSTEM	251659
Instrument.INSTRUMENT_DD_FAULT_NOTICE_STEERING_SYSTEM	1032851476
Instrument.INSTRUMENT_DD_FAULT_NOTICE_TRYE_PRES_DET	1032851509
Instrument.INSTRUMENT_DD_FAULT_OUT_CHARGE_DEVICE	1032855570
Instrument.INSTRUMENT_DD_FAULT_PARK_BRAKE_UNRELEASED	1032855589
Instrument.INSTRUMENT_DD_FAULT_REMOTE_DRIVING_SUSPENDED	1032851473
Instrument.INSTRUMENT_DD_FAULT_SMART_CAMERA_USELESS	1032851527
Instrument.INSTRUMENT_DD_FAULT_SMART_DRIVING_FAILURE_MANUAL_TAKEOVER	1032851489
Instrument.INSTRUMENT_DD_FAULT_SWITCH_TO_P_GEAR	1032855587
Instrument.INSTRUMENT_DD_FAULT_TRANSMISSION_FUNC_LIMITED	1032851496
Instrument.INSTRUMENT_DD_FAULT_WASH_ELEC_GATE	1032855582
Instrument.INSTRUMENT_DD_GAP_DETECTION	145326
Instrument.INSTRUMENT_DD_HOOD_STATE	638582809
Instrument.INSTRUMENT_DD_INDIRECT_TYPE_PRES_LF	1246781507
Instrument.INSTRUMENT_DD_INDIRECT_TYPE_PRES_LR	1246781509
Instrument.INSTRUMENT_DD_INDIRECT_TYPE_PRES_RF	1246781508
Instrument.INSTRUMENT_DD_INDIRECT_TYPE_PRES_RR	1246781510
Instrument.INSTRUMENT_DD_LANE_LINE_COLOR	738197560
Instrument.INSTRUMENT_DD_LANE_LINE_STATE	52489
Instrument.INSTRUMENT_DD_LAST_50KM_POWER_CONSUME	1246777376
Instrument.INSTRUMENT_DD_LEFT_FRONT_DOOR_STATE	638582804
Instrument.INSTRUMENT_DD_LEFT_REAR_DOOR_STATE	638582806
Instrument.INSTRUMENT_DD_LUGGAGE_DOOR_STATE	638582808
Instrument.INSTRUMENT_DD_MAIN_DRIVER_SAFETYBELT_STATE	638582810
Instrument.INSTRUMENT_DD_MAIN_SAFETYBELT_STATE	692060184
Instrument.INSTRUMENT_DD_MILEAGE_UNIT	1246765099
Instrument.INSTRUMENT_DD_MILEAGE_UNIT_03	1246769212
Instrument.INSTRUMENT_DD_MILEAGE_UNIT_04	1246773315
Instrument.INSTRUMENT_DD_MILEAGE_UNIT_04_SET	161306
Instrument.INSTRUMENT_DD_MILEAGE_UNIT_0B	1246801972
Instrument.INSTRUMENT_DD_MILEAGE_UNIT_ARHUD	-900718549
Instrument.INSTRUMENT_DD_MILEAGE_VALID_FLAG	56088
Instrument.INSTRUMENT_DD_OIL_LEVEL_LIGHT	1246789696
Instrument.INSTRUMENT_DD_OIL_LEVEL_LIGHT_COLOR	1246789699
Instrument.INSTRUMENT_DD_OUT_TEMP	1246769216
Instrument.INSTRUMENT_DD_PCW_SAFE_DIST_ALARM_INSTRUCTION	710934548
Instrument.INSTRUMENT_DD_POWER_UNIT	1246789688
Instrument.INSTRUMENT_DD_REAR_LEFT_SAFETYBELT_STATE	638582812
Instrument.INSTRUMENT_DD_REAR_MID_SAFETYBELT_STATE	638582813
Instrument.INSTRUMENT_DD_REAR_RIGHT_SAFETYBELT_STATE	638582814
Instrument.INSTRUMENT_DD_RIGHT_FRONT_DOOR_STATE	638582805
Instrument.INSTRUMENT_DD_RIGHT_REAR_DOOR_STATE	638582807
Instrument.INSTRUMENT_DD_SOUND_FREQ	638582837
Instrument.INSTRUMENT_DD_SOUND_TYPE	638582840
Instrument.INSTRUMENT_DD_SPACING_STATE	638582834
Instrument.INSTRUMENT_DD_SPEED_UNIT	339738640
Instrument.INSTRUMENT_DD_SPEED_UNIT_151	353370128
Instrument.INSTRUMENT_DD_SPEED_UNIT_ARHUD	-1807745008
Instrument.INSTRUMENT_DD_TEXT_COLOR	638582824
Instrument.INSTRUMENT_DD_TIME_INTERVAL_STATE	452011
Instrument.INSTRUMENT_DIGITAL_KEY_REGISTER_RESULT	432341026
Instrument.INSTRUMENT_DIRECT_TYRE_PRES_DISPLAY_STATE	980418568
Instrument.INSTRUMENT_DISCHARGE_POWER	353370130
Instrument.INSTRUMENT_DISCHARGE_PROMPT	597688355
Instrument.INSTRUMENT_DISPLAY_BREAKDOWN	1032917008
Instrument.INSTRUMENT_DISPLAY_CONTENT_SET_FEEDBAEK	951058500
Instrument.INSTRUMENT_DISPLAY_CONTENT_SET_FUNCTION_CONFIG	951058498
Instrument.INSTRUMENT_DISPLAY_CONTENT_SET_FUNCTION_CONFIG_STATUS	806355010
Instrument.INSTRUMENT_DISTANCE_OF_TARGET_AHEAD_ADVANCED_SET	1139834904
Instrument.INSTRUMENT_DRIVER_SEAT_BELT_INDICATOR_LIGHT_STATUS	686817324
Instrument.INSTRUMENT_DRIVING_AMBIENT	951058476
Instrument.INSTRUMENT_DRIVING_AMBIENT_SET	850464812
Instrument.INSTRUMENT_DRIVING_AMBIENT_STATUS	806354987
Instrument.INSTRUMENT_DRIVING_INFOMATION	1086337056
Instrument.INSTRUMENT_DRIVING_INFO_SWITCH_SET	975175690
Instrument.INSTRUMENT_DYNAMIC_NAVI_FUNCTION	951058474
Instrument.INSTRUMENT_ELECTIC_PARKING_FAIL	847789
Instrument.INSTRUMENT_ELECTRICITY_CONSUMPTION_UNIT	1246777396
Instrument.INSTRUMENT_ELECTRONIC_EYE_OVERSPEED_WARNING_SET	1276149828
Instrument.INSTRUMENT_ELECTRONIC_EYE_RED_WARNING	1086349336
Instrument.INSTRUMENT_ELECTRONIC_EYE_RED_WARNING_SET	1276141638
Instrument.INSTRUMENT_ELECTRONIC_PARKING	1032917017
Instrument.INSTRUMENT_END_CHARGE_HOUR	1245716536
Instrument.INSTRUMENT_END_CHARGE_MINUTE	1245716544
Instrument.INSTRUMENT_ENERGY_DISPLAY	653262885
Instrument.INSTRUMENT_ENERGY_DISPLAY_SET	1276149780
Instrument.INSTRUMENT_ENERGY_SYSTEM_INDICATOR	1032917025
Instrument.INSTRUMENT_ENGERY_FLOW_CHART_DISPLAY_STATE	980418592
Instrument.INSTRUMENT_ENGINE_BREAKDOWN	1032917012
Instrument.INSTRUMENT_ENGINE_COOLANT_LOW	1032917032
Instrument.INSTRUMENT_ENGINE_OIL_DETECTION_SYSTEM	1032917033
Instrument.INSTRUMENT_ENGINE_PART_FUNCTION	535863
Instrument.INSTRUMENT_ENGINE_SYSTEM	94139
Instrument.INSTRUMENT_EPS_INDICATOR	1032917019
Instrument.INSTRUMENT_ESC_INDICATOR	1032917014
Instrument.INSTRUMENT_EV_FUNCTION	739593
Instrument.INSTRUMENT_EV_MODE_INDICATORE	1032917038
Instrument.INSTRUMENT_EXPECTED_ARRIVE_DAY_SET	1139838992
Instrument.INSTRUMENT_EXPECTED_ARRIVE_HOUR_SET	1139839000
Instrument.INSTRUMENT_EXPECTED_ARRIVE_MINUTE_SET	1139839008
Instrument.INSTRUMENT_EXPECTED_ARRIVE_SECOND_SET	1139839016
Instrument.INSTRUMENT_EXTERNAL_CHARGING_CAPACITY_DISPLAY_STATE	980418590
Instrument.INSTRUMENT_EXTERNAL_CHARGING_POWER	1246789648
Instrument.INSTRUMENT_FALLBACK_ILLUSTRATION_SET	1086373913
Instrument.INSTRUMENT_FEEDBACK_ABERRATION_NUMBER	1015461
Instrument.INSTRUMENT_FEEDBACK_ABERRATION_NUMBER_AND_CORRESPONDING_PARAMETER	802168848
Instrument.INSTRUMENT_FEEDBACK_ABERRATION_PARAMETER_110	291711
Instrument.INSTRUMENT_FEEDBACK_ABERRATION_PARAMETER_190	192724
Instrument.INSTRUMENT_FEEDBACK_ABERRATION_PARAMETER_270	796037
Instrument.INSTRUMENT_FEEDBACK_ABERRATION_PARAMETER_30	585494
Instrument.INSTRUMENT_FEEDBACK_ABERRATION_PARAMETER_350	741400
Instrument.INSTRUMENT_FEEDBACK_ABERRATION_PARAMETER_430	669949
Instrument.INSTRUMENT_FEEDBACK_ABERRATION_PARAMETER_510	101694
Instrument.INSTRUMENT_FEEDBACK_ABERRATION_PARAMETER_590	521725
Instrument.INSTRUMENT_FEEDBACK_ABERRATION_PARAMETER_LENGTH	802164752
Instrument.INSTRUMENT_FIND_KEY_RESULT	432341010
Instrument.INSTRUMENT_FRONT_CROSSING_DISTANCE_SET	1139806232
Instrument.INSTRUMENT_FRONT_FOG_LAMPS_CONFIGURATION	1011875868
Instrument.INSTRUMENT_FRONT_FOG_LAMPS_SWITCH_SET	1276153908
Instrument.INSTRUMENT_FRONT_FOG_LAMPS_SWITCH_STATE	1011875876
Instrument.INSTRUMENT_FRONT_LIGHT_SYSTEM	890207
Instrument.INSTRUMENT_FRONT_REAR_DEPTH_MODE_SYNC	1078984763
Instrument.INSTRUMENT_FRONT_SAFEBELT_WARN_SWITCH	89128983
Instrument.INSTRUMENT_FSE_MUSIC_INFO_SET	431689736
Instrument.INSTRUMENT_FSE_MUSIC_PLAYBACK_PROGRESS_SET	973078552
Instrument.INSTRUMENT_FSE_MUSIC_SOURCE_SET	973078560
Instrument.INSTRUMENT_FSE_MUSIC_STATE_SET	973078570
Instrument.INSTRUMENT_FSE_RADIO_INFO_SET	431820808
Instrument.INSTRUMENT_FSE_RADIO_STATE_SET	973078568
Instrument.INSTRUMENT_FUEL_CONSUMPTION_DISPLAY_STATE	980418574
Instrument.INSTRUMENT_FUEL_DRIVING_RANGE_DISPLAY_STATE	980418594
Instrument.INSTRUMENT_FUEL_LOW_ALARM	1246785575
Instrument.INSTRUMENT_FUZZ_TRAFFIC_SIGN_RECOGNITION_INDICATOR	646971445
Instrument.INSTRUMENT_FUZZ_TRAFFIC_SIGN_RECOGNITION_INDICATOR_COLOR	646971448
Instrument.INSTRUMENT_GEAR_SYSTEM	310846
Instrument.INSTRUMENT_GET_NAVI_DESTINATION	1086328891
Instrument.INSTRUMENT_GET_ROAD_NAME_CHECK_STATE	1107955728
Instrument.INSTRUMENT_GUIDE_INFO_ADVANCED_ACTION_SET	1139834928
Instrument.INSTRUMENT_GUIDE_INFO_AND_ROAD_AHEAD_DISTANCE_SET	1139806256
Instrument.INSTRUMENT_GUIDE_INFO_CAMERA_SET	1139814416
Instrument.INSTRUMENT_GUIDE_INFO_SAFETY_SET	1139818512
Instrument.INSTRUMENT_GUIDE_INFO_SIMPLE_SET	1139806224
Instrument.INSTRUMENT_HAS_DEVICE_ON_TYPEC	-1728052698
Instrument.INSTRUMENT_HEADLIGHT_CONTROL_FEEDBACK	1011875880
Instrument.INSTRUMENT_HEADLIGHT_CONTROL_SET	1276153912
Instrument.INSTRUMENT_HEIGHT_GEAR_FEEDBACK_STATUS	806354952
Instrument.INSTRUMENT_HEV_MODE_INDICATORE	1032917039
Instrument.INSTRUMENT_HIGH_TEMP_PROTECT_STATUS	1179648010
Instrument.INSTRUMENT_HIGH_VOLTAGE_SYSTEM_LEAKAGE	1032917027
Instrument.INSTRUMENT_HIGH_WATER_TEMPERATURE	1032917016
Instrument.INSTRUMENT_HUD_ADJUST_GEAR	1003487624
Instrument.INSTRUMENT_HUD_BRIGHTNESS_GEAR	1086353432
Instrument.INSTRUMENT_HUD_BRIGHTNESS_GEAR_CONFIG	1003487600
Instrument.INSTRUMENT_HUD_CONFIG_STATUS	806354965
Instrument.INSTRUMENT_HUD_DEVELOPER_MODE_FEEDBACK	951058469
Instrument.INSTRUMENT_HUD_DISPLAY_SCREEN_IDENTIFICATION_SIGNAL	806355012
Instrument.INSTRUMENT_HUD_DRIVING_AMBIENT_CONFIG	951058475
Instrument.INSTRUMENT_HUD_HEIGHT_BRIGHTNESS_ADJUST	1086353429
Instrument.INSTRUMENT_HUD_HEIGHT_GEAR	1086353424
Instrument.INSTRUMENT_HUD_MAP_FORMAT_34C_SET	884998182
Instrument.INSTRUMENT_HUD_MODE_FEEDBACK_STATUS	806354957
Instrument.INSTRUMENT_HUD_NAVIGATION_MAP_CONFIG	951058480
Instrument.INSTRUMENT_HUD_NAVIGATION_MAP_CONFIG_STATUS	806354992
Instrument.INSTRUMENT_HUD_NAVIGATION_MAP_SET	850464814
Instrument.INSTRUMENT_HUD_NAVIGATION_MAP_STATUS	951058478
Instrument.INSTRUMENT_HUD_SWITCH_STATUS_FEEDBACK_STATUS	806354972
Instrument.INSTRUMENT_HYBRID_QUIT_PEM_FLAG	542113832
Instrument.INSTRUMENT_ICA_ACTIVATION_WORKING_STATUS	638582827
Instrument.INSTRUMENT_ICA_ACTIVATION_WORKING_STATUS_COLOR	638582830
Instrument.INSTRUMENT_INSTANT_FUEL_CONSUMPTION_DISPLAY_STATE	980418588
Instrument.INSTRUMENT_INTELLIGENT_DRIVING_CLASSICAL_CHINESE_PROMPTS	1086369822
Instrument.INSTRUMENT_INTELLIGENT_DRIVING_FUNCTION	1086369824
Instrument.INSTRUMENT_INTELLIGENT_FAR_LIGHT_LAMP_SYSTEM	502069
Instrument.INSTRUMENT_INTELLIGENT_PROJECTION_CONFIG_STATUS	806355002
Instrument.INSTRUMENT_IRON_BATTERY	233339
Instrument.INSTRUMENT_IS_LANE_1_RECOMMENDED_SET	427827300
Instrument.INSTRUMENT_IS_LANE_2_RECOMMENDED_SET	427827316
Instrument.INSTRUMENT_IS_LANE_3_RECOMMENDED_SET	427827332
Instrument.INSTRUMENT_IS_LANE_4_RECOMMENDED_SET	427827348
Instrument.INSTRUMENT_IS_LANE_5_RECOMMENDED_SET	427827364
Instrument.INSTRUMENT_IS_LANE_6_RECOMMENDED_SET	427827380
Instrument.INSTRUMENT_IS_LANE_7_RECOMMENDED_SET	427827396
Instrument.INSTRUMENT_IS_LANE_8_RECOMMENDED_SET	427827412
Instrument.INSTRUMENT_KEY_DETECTION_REMINDER	1128267795
Instrument.INSTRUMENT_KEY_PAIR_PROCESS	1077215253
Instrument.INSTRUMENT_KEY_PAIR_RESULT	1077215261
Instrument.INSTRUMENT_KEY_PEIDUI_PROCESS	432341013
Instrument.INSTRUMENT_KEY_PEIDUI_RESULT	432341021
Instrument.INSTRUMENT_LANE_1_GUIDANCE_ARROW_SET	427827288
Instrument.INSTRUMENT_LANE_2_GUIDANCE_ARROW_SET	427827304
Instrument.INSTRUMENT_LANE_3_GUIDANCE_ARROW_SET	427827320
Instrument.INSTRUMENT_LANE_4_GUIDANCE_ARROW_SET	427827336
Instrument.INSTRUMENT_LANE_5_GUIDANCE_ARROW_SET	427827352
Instrument.INSTRUMENT_LANE_6_GUIDANCE_ARROW_SET	427827368
Instrument.INSTRUMENT_LANE_7_GUIDANCE_ARROW_SET	427827384
Instrument.INSTRUMENT_LANE_8_GUIDANCE_ARROW_SET	427827400
Instrument.INSTRUMENT_LANE_ASSISTANCE_SYSTEM	939974
Instrument.INSTRUMENT_LEFT_BOTTOM_FALLBACK_SET	1086373919
Instrument.INSTRUMENT_LEFT_FRONT_LIGHT_SYSTEM	15634
Instrument.INSTRUMENT_LEFT_PROJECTION_SET	1086373907
Instrument.INSTRUMENT_LEFT_SIDE_COVER_PANEL	1086369832
Instrument.INSTRUMENT_LOW_OIL_PRESSURE	1032917009
Instrument.INSTRUMENT_LOW_VOLTAGE_BATTERY_SYSTEM	1032917035
Instrument.INSTRUMENT_LOW_VOLTAGE_POWER_UNUSUAL	1032855613
Instrument.INSTRUMENT_MAINTAIN_RESET_SET	1043333179
Instrument.INSTRUMENT_MAINTENANCE_MILEAGE	1283457064
Instrument.INSTRUMENT_MAINTENANCE_MILEAGE_SET	997195800
Instrument.INSTRUMENT_MAINTENANCE_TIME	469762080
Instrument.INSTRUMENT_MAINTENANCE_TIME_SET	997195816
Instrument.INSTRUMENT_MAP_ICON_COLOR_FLAG_SET	884998194
Instrument.INSTRUMENT_MAP_NAVIGATION_PROMPTS	1086369820
Instrument.INSTRUMENT_MAP_TRANSFER_FLAG_SET	1078984741
Instrument.INSTRUMENT_MAP_VERSION	683679785
Instrument.INSTRUMENT_MAXEV_MEMORY_GUIDE_USER_ACT_SET	782237744
Instrument.INSTRUMENT_MEMORY_SYSTEM	298886
Instrument.INSTRUMENT_MENU_DISPLAY_SETTINGS_SET	1324691472
Instrument.INSTRUMENT_MENU_DISPLAY_STATUS	683679769
Instrument.INSTRUMENT_MENU_TYPE	683679766
Instrument.INSTRUMENT_MENU_VERSION	683679763
Instrument.INSTRUMENT_MIC_1_FREQUENCY_POINT_SET	850559024
Instrument.INSTRUMENT_MIC_1_ID_SET	850558992
Instrument.INSTRUMENT_MIC_2_FREQUENCY_POINT_SET	850563120
Instrument.INSTRUMENT_MIC_2_ID_SET	850563088
Instrument.INSTRUMENT_MIC_ID_FREQUENCY_POINT_STATUS	-1728052461
Instrument.INSTRUMENT_MILLAGE_RESET_DISPLAY_SET	1276166168
Instrument.INSTRUMENT_MODEL_CONFIG	592445472
Instrument.INSTRUMENT_MODE_INDICATOR_LIGHT	710934584
Instrument.INSTRUMENT_MODE_SWITCH_CONFIG_STATUS	806354980
Instrument.INSTRUMENT_MOTOR_COOLANT_TEMP_OVER_HIGH	1032917034
Instrument.INSTRUMENT_MOTOR_TOO_HIGH	1032917022
Instrument.INSTRUMENT_MUSIC_INFO_RESULT	1108021264
Instrument.INSTRUMENT_MUSIC_INFO_SET	1140527112
Instrument.INSTRUMENT_MUSIC_PLAYBACK_PROGRESS_SET	1138753552
Instrument.INSTRUMENT_MUSIC_SOURCE	970981412
Instrument.INSTRUMENT_MUSIC_SOURCE_SET	871366704
Instrument.INSTRUMENT_MUSIC_SOURCE_SET_OLD	1138753584
Instrument.INSTRUMENT_MUSIC_STATE_SET	1138753546
Instrument.INSTRUMENT_NAVIGATION_ACTIVATED_SET	1086373917
Instrument.INSTRUMENT_NAVIGATION_MAP_RESOLUTION_STATUS	806354993
Instrument.INSTRUMENT_NAVIGATION_STYLE_SET	1276313665
Instrument.INSTRUMENT_NAVI_CAM_REMAINING_MILEAGE_SET	1139814428
Instrument.INSTRUMENT_NAVI_DESTINATION_CHARGING_STATION_SET	1277239346
Instrument.INSTRUMENT_NAVI_DESTINATION_QUIT_PEM_FLAG	542113834
Instrument.INSTRUMENT_NAVI_ESTIMATED_MILEAGE_SET	1277239328
Instrument.INSTRUMENT_NAVI_ESTIMATED_TIME_SET	1277239312
Instrument.INSTRUMENT_NAVI_FUNCTION_USAGE_STATUS_SET	1277239344
Instrument.INSTRUMENT_NAVI_LEAD_MSG_ADVANCED_SET	1139834896
Instrument.INSTRUMENT_NAVI_POSITINO_DISPLAY	675282956
Instrument.INSTRUMENT_NAVI_SAFETY_REMAINING_MILEAGE_SET	1139818524
Instrument.INSTRUMENT_NAVI_TRIP_INFO_HOUR_SET	1139810320
Instrument.INSTRUMENT_NAVI_TRIP_INFO_MILEAGE_SET	1139810344
Instrument.INSTRUMENT_NAVI_TRIP_INFO_MINUTE_SET	1139810328
Instrument.INSTRUMENT_NAVI_TRIP_REMAINING_SECOND_SET	1139810334
Instrument.INSTRUMENT_NAVI_TYPE	1086337074
Instrument.INSTRUMENT_NAVI_TYPE_SET	1276157976
Instrument.INSTRUMENT_NETWORK_SYSTEM	1032917036
Instrument.INSTRUMENT_NFC_KEY_INFORMATION	1077329936
Instrument.INSTRUMENT_NFC_KEY_INFORMATION_LSB	1077334032
Instrument.INSTRUMENT_NFC_OPEN_CARD_PROMPT	432341030
Instrument.INSTRUMENT_NIGHT_VISION_VERSION	683679787
Instrument.INSTRUMENT_NO_ABERRATION_PICTURE	802164772
Instrument.INSTRUMENT_OBSTACLE_WARNING_FUNCTION_CONFIG	951058493
Instrument.INSTRUMENT_OBSTACLE_WARNING_FUNCTION_SWITCH_FEEDBAEK	951058496
Instrument.INSTRUMENT_OK_INDICATOR	1032917026
Instrument.INSTRUMENT_PANEL_BACKLIGHT_ADJUSTMENT_LEVEL_SET	507514927
Instrument.INSTRUMENT_PANEL_THEME_DEPTH	1086369836
Instrument.INSTRUMENT_PANORAMIC_VIEW_VERSION	683679789
Instrument.INSTRUMENT_PARKING_ACTIVATED_SET	1086373918
Instrument.INSTRUMENT_PARKING_BRAKING	1032859666
Instrument.INSTRUMENT_PEM_COPMPOSITE_SAVE_FUEL_CONSUMPTION	1219534874
Instrument.INSTRUMENT_PEM_CURRENT_LOAD_SECTION_REMAIN_LENGTH_SET	753975328
Instrument.INSTRUMENT_PEM_CURRENT_LOAD_SECTION_SET	753975320
Instrument.INSTRUMENT_PEM_EIGHTH_ROAD_CONGESTION_LEVEL_SET	753991717
Instrument.INSTRUMENT_PEM_EIGHTH_SECTION_LENGTH_SET	753983546
Instrument.INSTRUMENT_PEM_EIGHTH_SECTION_TYPE_SET	753987642
Instrument.INSTRUMENT_PEM_ENERGY_CONSUMPTION_OPTIMIZATION	542113821
Instrument.INSTRUMENT_PEM_FIFTH_ROAD_CONGESTION_LEVEL_SET	753991708
Instrument.INSTRUMENT_PEM_FIFTH_SECTION_LENGTH_SET	753983504
Instrument.INSTRUMENT_PEM_FIFTH_SECTION_TYPE_SET	753987636
Instrument.INSTRUMENT_PEM_FIRST_ROAD_CONGESTION_LEVEL_SET	753991696
Instrument.INSTRUMENT_PEM_FIRST_SECTION_LENGTH_SET	753979408
Instrument.INSTRUMENT_PEM_FIRST_SECTION_TYPE_SET	753987628
Instrument.INSTRUMENT_PEM_FOURTH_ROAD_CONGESTION_LEVEL_SET	753991705
Instrument.INSTRUMENT_PEM_FOURTH_SECTION_LENGTH_SET	753979450
Instrument.INSTRUMENT_PEM_FOURTH_SECTION_TYPE_SET	753987634
Instrument.INSTRUMENT_PEM_FUNCTION_MAPPING_NAVI_STATUS_SET	753975344
Instrument.INSTRUMENT_PEM_FUNCTION_SWITCH_STATUS_SET	-1442840558
Instrument.INSTRUMENT_PEM_FUNCTION_VALID_FLAG	542113820
Instrument.INSTRUMENT_PEM_LITTLE_SECTION_QUANTITY_SET	753987648
Instrument.INSTRUMENT_PEM_NINTH_ROAD_CONGESTION_LEVEL_SET	753991720
Instrument.INSTRUMENT_PEM_NINTH_SECTION_LENGTH_SET	753987600
Instrument.INSTRUMENT_PEM_NINTH_SECTION_TYPE_SET	753987644
Instrument.INSTRUMENT_PEM_SAVE_ELECTRICITY_CONSUMPTION	1219534884
Instrument.INSTRUMENT_PEM_SAVE_FUEL_CONSUMPTION	1219534864
Instrument.INSTRUMENT_PEM_SAVE_FUEL_UNIT_CONFIG	1219534915
Instrument.INSTRUMENT_PEM_SECOND_ROAD_CONGESTION_LEVEL_SET	753991699
Instrument.INSTRUMENT_PEM_SECOND_SECTION_LENGTH_SET	753979422
Instrument.INSTRUMENT_PEM_SECOND_SECTION_TYPE_SET	753987630
Instrument.INSTRUMENT_PEM_SECTION_AMOUNT_SET	753975312
Instrument.INSTRUMENT_PEM_SEVENTH_ROAD_CONGESTION_LEVEL_SET	753991714
Instrument.INSTRUMENT_PEM_SEVENTH_SECTION_LENGTH_SET	753983532
Instrument.INSTRUMENT_PEM_SEVENTH_SECTION_TYPE_SET	753987640
Instrument.INSTRUMENT_PEM_SIXTH_ROAD_CONGESTION_LEVEL_SET	753991711
Instrument.INSTRUMENT_PEM_SIXTH_SECTION_LENGTH_SET	753983518
Instrument.INSTRUMENT_PEM_SIXTH_SECTION_TYPE_SET	753987638
Instrument.INSTRUMENT_PEM_TENTH_ROAD_CONGESTION_LEVEL_SET	753991723
Instrument.INSTRUMENT_PEM_TENTH_SECTION_LENGTH_SET	753987614
Instrument.INSTRUMENT_PEM_TENTH_SECTION_TYPE_SET	753987646
Instrument.INSTRUMENT_PEM_THIRD_ROAD_CONGESTION_LEVEL_SET	753991702
Instrument.INSTRUMENT_PEM_THIRD_SECTION_LENGTH_SET	753979436
Instrument.INSTRUMENT_PEM_THIRD_SECTION_TYPE_SET	753987632
Instrument.INSTRUMENT_PEM_TOTAL_ENERGY_CONSUMPTION_OPTIMIZATION	625999923
Instrument.INSTRUMENT_PLANNED_CAR_DAY	1245712416
Instrument.INSTRUMENT_PLANNED_CAR_HOUR	1245712424
Instrument.INSTRUMENT_PLANNED_CAR_MINUTE	1245712432
Instrument.INSTRUMENT_PLANNED_CAR_MONTH	1245712408
Instrument.INSTRUMENT_PLANNED_CAR_TODAY_TOMORROW	1245712400
Instrument.INSTRUMENT_PLANNED_CHARGE_DAY	1245716512
Instrument.INSTRUMENT_PLANNED_CHARGE_HOUR	1245716520
Instrument.INSTRUMENT_PLANNED_CHARGE_MINUTE	1245716528
Instrument.INSTRUMENT_PLANNED_CHARGE_MONTH	1245716504
Instrument.INSTRUMENT_PLANNED_CHARGE_TODAY_TOMORROW	1245716496
Instrument.INSTRUMENT_POSITION_DEGREE	1246806049
Instrument.INSTRUMENT_POSITION_STATUS	1246806045
Instrument.INSTRUMENT_POWER_MAINTENANCE_QUIT_PEM_FLAG	542113833
Instrument.INSTRUMENT_POWER_OFF_ERROR_INFO	1128267808
Instrument.INSTRUMENT_POWER_OFF_UI_PROMPT	1245712402
Instrument.INSTRUMENT_POWER_ON_ERROR_INFO	1128267804
Instrument.INSTRUMENT_PREDICTIVE_BRAKE_SYSTEM	594026
Instrument.INSTRUMENT_PSPK_CONFIGURATION	1298141237
Instrument.INSTRUMENT_PSPK_MAC_ADDRESS_STATE	1298149392
Instrument.INSTRUMENT_PSPK_ONLINE_STATE	1298141244
Instrument.INSTRUMENT_P_GEAR_CAR_MODEL_SET	1086373916
Instrument.INSTRUMENT_P_GEAR_LOCK_FAILURE_INDICATOR	861929522
Instrument.INSTRUMENT_P_GEAR_LOCK_FAILURE_INDICATOR_COLOR	861929525
Instrument.INSTRUMENT_QUICK_AIR_LEAK	1032917015
Instrument.INSTRUMENT_RADIO_INFO_RESULT	1108152336
Instrument.INSTRUMENT_RADIO_INFO_SET	1140658184
Instrument.INSTRUMENT_RADIO_STATE_SET	1138753550
Instrument.INSTRUMENT_REAR_FOG_LAMPS_SWITCH_SET	1276153904
Instrument.INSTRUMENT_REAR_FOG_LAMPS_SWITCH_STATE	1011875872
Instrument.INSTRUMENT_REGISTER_APPLE_KEY_SET	1084842002
Instrument.INSTRUMENT_REMAINING_DISCHARGE_TIME	597688350
Instrument.INSTRUMENT_REMAIN_DRIVING_TIME_DAY_SET	1139810340
Instrument.INSTRUMENT_REMOTE_DRIVING_REMINDER	1128267812
Instrument.INSTRUMENT_RESET	802164784
Instrument.INSTRUMENT_RESPONSE_BLE_COMMAND	1077219344
Instrument.INSTRUMENT_RESPONSE_BLE_RESULT	1077219346
Instrument.INSTRUMENT_REVERSE_PICTURE_IN_PICTURE_NEED_DISPLAY	1086369828
Instrument.INSTRUMENT_RIES_CAST_STATE	827330578
Instrument.INSTRUMENT_RIES_CHILD_MODE_SWITCH	827330604
Instrument.INSTRUMENT_RIES_HOTSPOT_LINK_STATE	827330576
Instrument.INSTRUMENT_RIES_KSONG_STATUS	827330606
Instrument.INSTRUMENT_RIES_MEDIA_SOURCE_SET	814743600
Instrument.INSTRUMENT_RIES_MUSIC_PLAYBACK_PROGRESS_SET	827330616
Instrument.INSTRUMENT_RIES_MUSIC_PLAY_STATE_SET	827330608
Instrument.INSTRUMENT_RIES_NOT_DISTURB_MODE	827330596
Instrument.INSTRUMENT_RIES_RADIO_STATE_SET	827330610
Instrument.INSTRUMENT_RIES_REAR_VIEW_WORKING_STATUS	827330599
Instrument.INSTRUMENT_RIES_SCENE_MODE	827330592
Instrument.INSTRUMENT_RIES_SCREEN_REST_STATUS_SET	827330602
Instrument.INSTRUMENT_RIES_SWITCH_MACHINE_STATE	827330579
Instrument.INSTRUMENT_RIES_VOLUME	827330584
Instrument.INSTRUMENT_RIGHT_FRONT_LIGHT_SYSTEM	941138
Instrument.INSTRUMENT_RIGHT_PROJECTION_SET	1086373910
Instrument.INSTRUMENT_RIGHT_SIDE_COVER_PANEL	1086369834
Instrument.INSTRUMENT_ROTATE_ADJUST_CONFIG_STATUS	806355003
Instrument.INSTRUMENT_SAFETY_DISPLAY_STATE_SET	1139818520
Instrument.INSTRUMENT_SAVE_MEMORY_GUIDE_USER_ACT_SET	782237746
Instrument.INSTRUMENT_SCENARIO_MODE_VERSION	683679791
Instrument.INSTRUMENT_SCREEN_BACKLIGHT_AUTOMATIC_ADJUSTMENT_LEVEL_SYNC_SET	507514937
Instrument.INSTRUMENT_SCREEN_TYPE	592445474
Instrument.INSTRUMENT_SEARCH_APPLE_KEY_RESULT	1077215248
Instrument.INSTRUMENT_SEARCH_APPLE_KEY_SET	1084842000
Instrument.INSTRUMENT_SECURITY_ELECTRICITY	1245712440
Instrument.INSTRUMENT_SEEK_PHISICAL_KEY_RESULT	1077215250
Instrument.INSTRUMENT_SEND_DESTINATION_STATUS_SET	1138753592
Instrument.INSTRUMENT_SEND_NAVI_STATUS_SET	1138753594
Instrument.INSTRUMENT_SHAPE	675282982
Instrument.INSTRUMENT_SIGNAL_GEAR_CONFIG	802164768
Instrument.INSTRUMENT_SIZE	675282978
Instrument.INSTRUMENT_SMART_ENTRY_REPLY_IKEY_SEARCH_DATA_STATE	432341024
Instrument.INSTRUMENT_SMART_KEY_SYS_WARN_LIGHT	315621416
Instrument.INSTRUMENT_SOC_BALANCE_LOWER_LIMIT	1178607632
Instrument.INSTRUMENT_SPECIAL_FEATURES	1086369811
Instrument.INSTRUMENT_SPECIAL_INTERFACE	1086369814
Instrument.INSTRUMENT_SPEED_REMINDER	1086337048
Instrument.INSTRUMENT_SPORT_MEMORY_GUIDE_USER_ACT_SET	782237734
Instrument.INSTRUMENT_SRS_BREAKDOWN	1032917018
Instrument.INSTRUMENT_SR_FUNCTION	675282984
Instrument.INSTRUMENT_STEERING_SYSTEM	40684
Instrument.INSTRUMENT_SUNROOF_SYSTEM	364223
Instrument.INSTRUMENT_SUPER_FAST_CHARGING_POWER	861929507
Instrument.INSTRUMENT_SVS_INDICATOR	1032917021
Instrument.INSTRUMENT_TARGET_COMPANY_ADDRESS_INFO_SET	1140789256
Instrument.INSTRUMENT_TARGET_HOME_ADDRESS_INFO_SET	1140723720
Instrument.INSTRUMENT_TARGET_NEXT_PATHNAME_INFO_SET	1140461576
Instrument.INSTRUMENT_THEME	1086369808
Instrument.INSTRUMENT_THEME_CONTENT	683679774
Instrument.INSTRUMENT_THEME_DISPLAY_SETTINGS_SET	1324691474
Instrument.INSTRUMENT_THEME_STATUS	683679777
Instrument.INSTRUMENT_THEME_VERSION	683679771
Instrument.INSTRUMENT_THREE_LINE_LYRICS_SET	522850312
Instrument.INSTRUMENT_TIRE_PRESSURE_BREAKDOWN	1032917020
Instrument.INSTRUMENT_TOTAL_LANES_SET	427827416
Instrument.INSTRUMENT_TRAFFIC_SIGN_IDENTIFY	710934542
Instrument.INSTRUMENT_TRAFFIC_SIGN_IDENTIFY_23A	597688372
Instrument.INSTRUMENT_TRAFFIC_SIGN_IDENTIFY_VALUE	597688336
Instrument.INSTRUMENT_TRAFFIC_SIGN_RECOGNITION_INDICATOR_COLOR	646971442
Instrument.INSTRUMENT_TRAFFIC_SIGN_RECOGNITION_SYSTEM	117335
Instrument.INSTRUMENT_TRANSMISSION_FUNCTION	785631
Instrument.INSTRUMENT_TRANSMISSION_SYSTEM	867467
Instrument.INSTRUMENT_TRAVEL_TIME_DISPLAY_STATE	980418598
Instrument.INSTRUMENT_TURN_SIGNAL_LEFT_COLOR	644263
Instrument.INSTRUMENT_TURN_SIGNAL_LEFT_STATE	669117
Instrument.INSTRUMENT_TURN_SIGNAL_RIGHTT_STATE	154973
Instrument.INSTRUMENT_TURN_SIGNAL_RIGHT_COLOR	338934
Instrument.INSTRUMENT_TURN_SIGNAL_SOUND	339738670
Instrument.INSTRUMENT_UI_INTERFACE	675282976
Instrument.INSTRUMENT_UNIT_FUELCON	1246785572
Instrument.INSTRUMENT_UNIT_FUELCON_DISTANCE	1237319717
Instrument.INSTRUMENT_UNIT_FUELCON_DISTANCE_ONLINE	-910163931
Instrument.INSTRUMENT_UNIT_FUELCON_DISTANCE_SET	1312817189
Instrument.INSTRUMENT_UNIT_FUELCON_ONLINE	-900698076
Instrument.INSTRUMENT_UNIT_INSTANT_FUELCON	1246761027
Instrument.INSTRUMENT_UNIT_POWER	339738668
Instrument.INSTRUMENT_UNIT_POWER_ONLINE	-1807744980
Instrument.INSTRUMENT_UNIT_POWER_SET	1312817216
Instrument.INSTRUMENT_UNIT_PRESSURE	1246781504
Instrument.INSTRUMENT_UNIT_PRESSURE_ONLINE	-900702144
Instrument.INSTRUMENT_UNIT_PRESSURE_SET	1312817186
Instrument.INSTRUMENT_UNIT_RESET_SET	1043333190
Instrument.INSTRUMENT_UNIT_TEMPERATURE	1246769215
Instrument.INSTRUMENT_UNIT_TEMPERATURE_0A	1246797859
Instrument.INSTRUMENT_UNIT_TEMPERATURE_ONLINE	-910163936
Instrument.INSTRUMENT_UNIT_TEMPERATURE_SET	1312817184
Instrument.INSTRUMENT_VEHICLE_POWER_LIMITED	1032855612
Instrument.INSTRUMENT_WATER_TEMP_METER_PERCENT	1246793752
Instrument.INSTRUMENT_WEATHER_STATUS_SET	1083191328
Gb.GB_2IN1_TOTAL_MILEAGE	1032867856
Gb.GB_AIR_CONDITIONING_WORKING_COMMAND	608174140
Gb.GB_BATTERY_CCURRENT	677380120
Gb.GB_BATTERY_HIGH_TEMP_ALARM	608174092
Gb.GB_BATTERY_LEVEL_ALARM	608174096
Gb.GB_BATTERY_NOT_MATCH_ALARM	1132462092
Gb.GB_BATTERY_OVERCHARGE	1132462098
Gb.GB_BATTERY_POOR_CONSISTENCY_ALARM	1132462090
Gb.GB_BATTERY_PROBE_NUM	1134559248
Gb.GB_BATTERY_VERSION_FLAG	608174098
Gb.GB_BATTERY_VOLTAGE_HIGH_ALARM	1132462094
Gb.GB_BATTERY_VOLTATE_LOW_ALARM	1132462096
Gb.GB_BMC_INSULATION_VALUE	1134559256
Gb.GB_CHARGING_SYSTEM_FAILURE_10	614465544
Gb.GB_CHARGING_SYSTEM_FAILURE_20	614465552
Gb.GB_CURRENT_DATA_GET_CONFIG	677380118
Gb.GB_DC_CHARGING_FAULT	615514120
Gb.GB_DC_CONFIG_FLAG	650117150
Gb.GB_DC_RATED_POWER	650117168
Gb.GB_DC_SYSTEM_FAILURE	650117154
Gb.GB_DC_SYSTEM_FAILURE_2D8	763363362
Gb.GB_DM_PLATFORM	785383432
Gb.GB_DYNAMIC_DATA_CALLBACK	-1728053217
Gb.GB_EV_FUNCTION_LIMITED_240	603979784
Gb.GB_EV_FUNCTION_LIMITED_244	608174120
Gb.GB_FRONT_MOTOR_BUS_VOLTAGE	1169162248
Gb.GB_FRONT_MOTOR_BUS_VOLTAGE_DM40	1302331400
Gb.GB_FRONT_MOTOR_BUS_VOLTAGE_DM40_464	1178628128
Gb.GB_FRONT_MOTOR_IPM_TEMP	1154482184
Gb.GB_FRONT_MOTOR_IPM_TEMP_DM40	1302331648
Gb.GB_FRONT_MOTOR_IPM_TEMP_DM40_464	1178624016
Gb.GB_FRONT_MOTOR_TEMP	1154482192
Gb.GB_FRONT_MOTOR_TEMP_DM40	1302331672
Gb.GB_FRONT_MOTOR_TEMP_DM40_464	1178624024
Gb.GB_HIGH_TEMP_ALARM	650117136
Gb.GB_INSULATION_VALUE	639631376
Gb.GB_IPM_TEMP_STATE	603979788
Gb.GB_IPM_TEMP_STATE_EV	603979790
Gb.GB_LEAKAGE_ALARM	639631368
Gb.GB_LEFT_FRONT_MOTOR_ACTUAL_TORQUE	676331532
Gb.GB_LEFT_FRONT_MOTOR_DC_GENERATOR_CURRENT	676331864
Gb.GB_LEFT_FRONT_MOTOR_IGBT_TEMP	754975088
Gb.GB_LEFT_FRONT_MOTOR_TEMP	676331928
Gb.GB_LEFT_FRONT_MOTOT_ROTATION_SPEED	264241328
Gb.GB_LEFT_REAR_MOTOR_ACTUAL_TORQUE	676331564
Gb.GB_LEFT_REAR_MOTOR_DC_GENERATOR_CURRENT	676331896
Gb.GB_LEFT_REAR_MOTOR_IGBT_TEMP	754975104
Gb.GB_LEFT_REAR_MOTOR_TEMP	676331944
Gb.GB_LEFT_REAR_MOTOT_ROTATION_SPEED	264241360
Gb.GB_MAX_TEMP_PROBE_NUM	1135607816
Gb.GB_MIL_LIGHT	818937898
Gb.GB_MIN_TEMP_PROBE_NUM	1135607832
Gb.GB_NOTICE_MCU_REPORT_TIME_STAME_SET	-1442840191
Gb.GB_NOTIFY_MCU_REPORT_EDR_SET	-1442840223
Gb.GB_OK_LIGHT_DISPLAY_STATE	873463824
Gb.GB_POWER_MOTOR_TEMP_STATE	603979786
Gb.GB_PROBE_MAX_TEMP	1135607824
Gb.GB_PROBE_MIN_TEMP	1135607840
Gb.GB_REAR_MOTOR_BUS_VOLTAGE	1169162264
Gb.GB_REAR_MOTOR_BUS_VOLTAGE_DM40	1302331794
Gb.GB_REAR_MOTOR_BUS_VOLTAGE_DM40_464	1178628112
Gb.GB_REAR_MOTOR_IPM_TEMP	1155530760
Gb.GB_REAR_MOTOR_IPM_TEMP_DM40	1302331748
Gb.GB_REAR_MOTOR_IPM_TEMP_DM40_464	1178624032
Gb.GB_REAR_MOTOR_TARGET_TORQUE	622854184
Gb.GB_RIGHT_FRONT_MOTOR_ACTUAL_TORQUE	676331548
Gb.GB_RIGHT_FRONT_MOTOR_DC_GENERATOR_CURRENT	676331880
Gb.GB_RIGHT_FRONT_MOTOR_IGBT_TEMP	754975096
Gb.GB_RIGHT_FRONT_MOTOR_TEMP	676331936
Gb.GB_RIGHT_FRONT_MOTOT_ROTATION_SPEED	264241344
Gb.GB_RIGHT_REAR_MOTOR_ACTUAL_TORQUE	676331580
Gb.GB_RIGHT_REAR_MOTOR_DC_GENERATOR_CURRENT	676331912
Gb.GB_RIGHT_REAR_MOTOR_IGBT_TEMP	754975112
Gb.GB_RIGHT_REAR_MOTOR_TEMP	676331952
Gb.GB_RIGHT_REAR_MOTOT_ROTATION_SPEED	264241376
Gb.GB_SENT_MONITOR_TABLE_SET	-1442840543
Gb.GB_SIMULATE_ALARM	1841299490
Gb.GB_SINGLE_VOLTAGE_HIGH_ALARM	608174104
Gb.GB_SOC_HIGH_ALARM	1132462100
Gb.GB_SOC_LOW_ALARM	1132462106
Gb.GB_SOC_TRIP_ALARM	1132462102
Gb.GB_SOC_UPWARD_CORRECTION_FACTOR	1135607856
Gb.GB_TEMP_DIFF_ALARM	1132462088
Gb.GB_THERMAL_RUNAWAY	1132462104
Gb.GB_THIRD_GENERATION_ALGORITHM_ESTIMATE	1135607848
Gb.GB_TIME_STAME	-1728052863
Gb.GB_TREAR_MOTOR_TEMP	1155530768
Gb.GB_TREAR_MOTOR_TEMP_DM40	1302331756
Gb.GB_TREAR_MOTOR_TEMP_DM40_464	1178624040
Gb.GB_VACUUM_PUMP_SYSTEM_FAILURE	818937908
Gb.GB_VOLTAGE_HIGH_INTERLOCK_ALARM	608174142
Gb.GB_VOLTAGE_LEAKAGE_ALARM	608174094
Gb.GB_VOLTAGE_LEAKAGE_ALARM_THREE_LEVEL	608174139
Gb.GB_VOLTAGE_LOW_ALARM	608174102
Gb.GB_WATE_TEMP_ALARM	1246793764
Gearbox.GEARBOX_ACTUAL_GERA_STATE	606076980
Gearbox.GEARBOX_AUTOMATIC_GEAR	874512416
Gearbox.GEARBOX_AUTOMATIC_GEAR_3rd	606076976
Gearbox.GEARBOX_AUTO_MODE_TYPE	555745336
Gearbox.GEARBOX_BRAKE_FLUID_LEVEL	89128988
Gearbox.GEARBOX_BRAKE_PEDAL	692060194
Gearbox.GEARBOX_CODE	1087373336
Gearbox.GEARBOX_ENTER_BACKUP_GEAR_SHIFT	901775419
Gearbox.GEARBOX_EPB_STATE	562036753
Gearbox.GEARBOX_LIFTING_AND_SHIFT_STUCK	901775399
Gearbox.GEARBOX_LIFT_AND_SHIFT_SET	1276272664
Gearbox.GEARBOX_MANUAL_MODE_LEVEL	692060192
Gearbox.GEARBOX_PARK_BRAKE_SWITCH	89129008
Gearbox.GEARBOX_STATE	280543
Gearbox.GEARBOX_TYPE	1087373344
Func.FUNC_SCREEN_NOTICE	574015
Func.FUNC_SCREEN_NOTICE_SET	363875
Engine.ENGINE_ADVANCED_HANDLING_STUDY_MASSAGE	1033895
Engine.ENGINE_ADVANCED_HANDLING_SWITCH	579102
Engine.ENGINE_ADVANCED_HANDLING_SWITCH_SET	963560
Engine.ENGINE_AFTER_DRIVING_COOL_SWITCH	681574551
Engine.ENGINE_AFTER_DRIVING_COOL_SWITCH_CONFIG	681574671
Engine.ENGINE_AFTER_DRIVING_COOL_SWITCH_SET	1324376108
Engine.ENGINE_CATALYST_HEATING_FLAG	590348333
Engine.ENGINE_CHARGE_POWER	785383440
Engine.ENGINE_CODE	1087373352
Engine.ENGINE_COOLANT_LEVEL	89129009
Engine.ENGINE_CROSS_COUNTRY_RADIATING_SWITCH_STATUS	681574638
Engine.ENGINE_CROSS_COUNTRY_RADIATING_SWITCH_STATUS_SET	1276272684
Engine.ENGINE_CUSTOMER_MODE_CONFIG_FLAG	681574770
Engine.ENGINE_CUSTOM_AUTUAL_SUB_MODE	681574640
Engine.ENGINE_CUSTOM_AUTUAL_SUB_MODE_SET	1276272686
Engine.ENGINE_CUSTOM_MODE_CONFIGURATION_FLAG	1219518509
Engine.ENGINE_CUSTOM_MODE_CONFIGURATION_FLAG_hal_only	1244686360
Engine.ENGINE_CUSTOM_MODE_RESET_COMMAND_SET	1276272694
Engine.ENGINE_DISPLACEMENT	1087373320
Engine.ENGINE_DRIVE_FORCE_ADJUST	681574683
Engine.ENGINE_DRIVE_FORCE_ADJUST_CONFIG	681574663
Engine.ENGINE_DRIVE_FORCE_ADJUST_SET	850448436
Engine.ENGINE_DRIVE_FORCE_ADJUST_SWITCH	681574679
Engine.ENGINE_DRIVE_FORCE_ADJUST_SWITCH_SET	850448434
Engine.ENGINE_DRIVE_MOTOR_RPM_NEW_PROTOCOL_FLAG	1188037672
Engine.ENGINE_EV_ACCELERATION_G_VALUE_ABSCISSA	681574688
Engine.ENGINE_EV_ACCELERATION_G_VALUE_ORDINATE	681574696
Engine.ENGINE_FEEDBACK_ABILITY_SET_SELFSTUDY	681574670
Engine.ENGINE_FEEDBACK_ABILITY_TARGET_LEVEL	681574568
Engine.ENGINE_FEEDBACK_ABILITY_TARGET_LEVEL_SET	1324376120
Engine.ENGINE_FEEDBACK_ABILITY_TARGET_LEVEL_SWITCH	681574687
Engine.ENGINE_FEEDBACK_ABILITY_TARGET_LEVEL_SWITCH_SET	850448432
Engine.ENGINE_FRONT_AXLE_TORQUE_TARGET_ALLOCATION_PROPORTION	681574560
Engine.ENGINE_FRONT_AXLE_TORQUE_TARGET_ALLOCATION_PROPORTION_SET	1324376112
Engine.ENGINE_FRONT_MOTOR_SPEED	1141899272
Engine.ENGINE_FRONT_MOTOR_SPEED_hal_only	1188037640
Engine.ENGINE_FRONT_MOTOR_TORQUE	1141899288
Engine.ENGINE_FRONT_REAR_AXLE_TORQUE_ALLOCATION_CONFIG	681574662
Engine.ENGINE_FRONT_REAR_AXLE_TORQUE_ALLOCATION_SWITCH	681574678
Engine.ENGINE_FRONT_REAR_AXLE_TORQUE_ALLOCATION_SWITCH_SET	850448430
Engine.ENGINE_HAS_ENGINE_VOICE_SIMULATOR	1223688192
Engine.ENGINE_HAS_ENGINE_VOICE_SOURCE	1223688211
Engine.ENGINE_HAS_ENGINE_VOICE_SOURCE_2nd	-1728052969
Engine.ENGINE_INDICATED_TORQUE	283115528
Engine.ENGINE_LEFT_FRONT_MACHINE_IGBT_TEMP_LEVEL	681574667
Engine.ENGINE_LEFT_FRONT_MACHINE_TEMP_LEVEL	681574653
Engine.ENGINE_LEFT_FRONT_MOTOR_ACTUAL_WHEEL_TORQUE	264241256
Engine.ENGINE_LEFT_REAR_MACHINE_IGBT_TEMP_LEVEL	681574675
Engine.ENGINE_LEFT_REAR_MACHINE_TEMP_LEVEL	681574659
Engine.ENGINE_LEFT_REAR_MOTOR_ACTUAL_WHEEL_TORQUE	264241288
Engine.ENGINE_MOTOR_INPUT_VOLTAGE	1141899304
Engine.ENGINE_OIL_LEVEL	89129016
Engine.ENGINE_POWER	339738656
Engine.ENGINE_POWER_RESPONSE_ACTUAL_STATUS	681574643
Engine.ENGINE_POWER_RESPONSE_ACTUAL_STATUS_SET	1276272689
Engine.ENGINE_POWER_YUN	1032863805
Engine.ENGINE_RACING_MODE_DRIFT_AMPLITUDE_SELECT_STATUS	681574732
Engine.ENGINE_RACING_MODE_DRIFT_DIRECTION	681574797
Engine.ENGINE_RACING_MODE_DRIFT_FAULT_PROMPT_FLAG	681574728
Engine.ENGINE_RACING_MODE_DRIFT_MAX_ACHIEVED_DRIFT_ANGLE	681574712
Engine.ENGINE_RACING_MODE_DRIFT_MAX_ACHIEVED_DRIFT_MIN	681574720
Engine.ENGINE_RACING_MODE_DRIFT_QUIT_PROMPT_FLAG	681574727
Engine.ENGINE_RACING_MODE_DRIFT_REALTIME_SIDESLIP_ANGLE	681574704
Engine.ENGINE_RACING_MODE_DRIFT_START_PROMPT_FLAG	681574703
Engine.ENGINE_RACING_MODE_DRIFT_SWITCH_CONFIG	681574763
Engine.ENGINE_RACING_MODE_DRIFT_SWITCH_STATUS	681574694
Engine.ENGINE_RACING_MODE_SINGLE_DRIFT_DISTANCE	681574748
Engine.ENGINE_RACING_MODE_SINGLE_DRIFT_START_FLAG	681574864
Engine.ENGINE_RACING_MODE_SINGLE_DRIFT_TIME	681574736
Engine.ENGINE_REAR_MOTOR_SPEED	621805576
Engine.ENGINE_REAR_MOTOR_SPEED_hal_only	1188037656
Engine.ENGINE_REAR_MOTOR_TORQUE	621805592
Engine.ENGINE_REAR_MOTOR_TORQUE_F	1169162280
Engine.ENGINE_REAR_MOTOR_TORQUE_F_DM40	1302331896
Engine.ENGINE_REAR_MOTOR_TORQUE_F_DM40_464	1178624048
Engine.ENGINE_REAR_REFRIGERATOR_SLIDING_RAIL_MOTOR_PERCENTAGE	538980368
Engine.ENGINE_RIGHT_FRONT_MACHINE_IGBT_TEMP_LEVEL	681574672
Engine.ENGINE_RIGHT_FRONT_MACHINE_TEMP_LEVEL	681574656
Engine.ENGINE_RIGHT_FRONT_MOTOR_ACTUAL_WHEEL_TORQUE	264241272
Engine.ENGINE_RIGHT_REAR_MACHINE_IGBT_TEMP_LEVEL	681574680
Engine.ENGINE_RIGHT_REAR_MACHINE_TEMP_LEVEL	681574664
Engine.ENGINE_RIGHT_REAR_MOTOR_ACTUAL_WHEEL_TORQUE	264241304
Engine.ENGINE_SIMULATOR_SOURCE_TYPE	1223688208
Engine.ENGINE_SIMULATOR_SOURCE_TYPE_2nd	-1728052970
Engine.ENGINE_SIMULATOR_SOURCE_TYPE_SET	1043333176
Engine.ENGINE_SLIDING_RAIL_MOTOR_PERCENTAGE	591400976
Engine.ENGINE_SPEED	339738642
Engine.ENGINE_SPEED_20D	550502408
Engine.ENGINE_SPEED_ERROR_SIGNAL	550502440
Engine.ENGINE_SPEED_GB	282066952
Engine.ENGINE_SPEED_WARNING	339738655
Engine.ENGINE_STATE	282067000
Engine.ENGINE_STATE_S	780095
Engine.ENGINE_TCS_CONFIG	681574789
Engine.ENGINE_TC_ACTUAL_GEAR	681574792
Engine.ENGINE_TC_SWITCH_STATUS	681574790
Engine.ENGINE_TC_SWITCH_STATUS_SET	850444354
Engine.ENGINE_TC_TARGET_GEAR_SET	850444356
Engine.ENGINE_TRACTION_CONTROL_ACTUAL_STATUS	681574646
Engine.ENGINE_TRACTION_CONTROL_ACTUAL_STATUS_SET	1276272696
Engine.ENGINE_VOICE_SIMULATOR_STATE	1223688202
Engine.ENGINE_VOICE_SIMULATOR_STATE_2nd	-1728052971
Engine.ENGINE_VOICE_SIMULATOR_STATE_SET	1043333152
Energy.ENERGY_AVERAGE_CONSUMPTION_CURVE_MARK_FLAG	898643991
Energy.ENERGY_AVERAGE_CONSUMPTION_VERTICAL_AXIS_LIMIT	898652220
Energy.ENERGY_BCM_STATE	315621394
Energy.ENERGY_BCM_STATE_2nd	315621390
Energy.ENERGY_BCM_STATE_ALL	-1728052723
Energy.ENERGY_CONSUMPTION_DISPLAY_NEW_OLD_SCHEME_CONFIG	898648126
Energy.ENERGY_CONSUMPTION_DISTRIBUTION_AND_COMPARE_CONFIG	898652198
Energy.ENERGY_CURRENT_ITINERARY_AC_CONSUMPTION_PERCENT	898643992
Energy.ENERGY_CURRENT_ITINERARY_AVERAGE_ELECTRICITY_CONSUMPTION	898652187
Energy.ENERGY_CURRENT_ITINERARY_AVERAGE_FUEL_CONSUMPTION	898648095
Energy.ENERGY_CURRENT_ITINERARY_CONFIG	898643999
Energy.ENERGY_CURRENT_ITINERARY_DRIVE_CONSUMPTION_PERCENT	898643984
Energy.ENERGY_CURRENT_ITINERARY_ELECTRIC_EQUIPMENT_CONSUMPTION_PERCENT	898644001
Energy.ENERGY_CURRENT_ITINERARY_EQUIVALENT_AVERAGE_ENERGY_CONSUMPTION	898648115
Energy.ENERGY_CURRENT_ITINERARY_OTHER_CONSUMPTION_PERCENT	898644008
Energy.ENERGY_DC_BUS_VOLTAGE	882326
Energy.ENERGY_DC_CHARGING_PORT_TEMP	893083
Energy.ENERGY_DC_WORK_MODE	919601200
Energy.ENERGY_EV_HEV_SHIFT_KEY	1250951189
Energy.ENERGY_FOUR_WHEEL_DRIVE_LOW_SPEED_MODE_FLAG	898672692
Energy.ENERGY_FUNCTION_SMALL_VERSION_SET	1083195456
Energy.ENERGY_FUNCTION_VERSION_NUMBER_STATUS	1271937061
Energy.ENERGY_FUNCTION_VERSION_SET	1083195448
Energy.ENERGY_HIGH_SIDE_CURRENT	403078
Energy.ENERGY_HIGH_SIDE_VOLTAGE	871231
Energy.ENERGY_HISTORY_CONSUMPTION_CONFIG_FLAG	898652218
Energy.ENERGY_HISTORY_CONSUMPTION_STATISTICS_CONFIG	898652216
Energy.ENERGY_LOW_SIDE_VOLTAGE	996276
Energy.ENERGY_LOW_VOLTAGE_POWER_LIMIT	873463870
Energy.ENERGY_LOW_VOLTAGE_SIDE_CURRENT	919601192
Energy.ENERGY_LOW_VOLTAGE_SIDE_VOLTAGE	919601184
Energy.ENERGY_MODE_INSTRUMENT	874512420
Energy.ENERGY_MODE_INSTRUMENT_44	874512420
Energy.ENERGY_MODE_INSTRUMENT_50	874512424
Energy.ENERGY_MODE_SET	734003254
Energy.ENERGY_OPERATION_MODE	555745294
Energy.ENERGY_OPERATION_MODE2_SET	461930
Energy.ENERGY_OPERATION_MODE_2nd	874512412
Energy.ENERGY_OPERATION_MODE_SET	734003229
Energy.ENERGY_OPERATION_MODE_ev	874512414
Energy.ENERGY_POWER_GENERATION_STATE	888143882
Energy.ENERGY_POWER_GENERATION_VALUE	638582815
Energy.ENERGY_RECENTLY_50KM_AC_CONSUMPTION_PERCENT	898644024
Energy.ENERGY_RECENTLY_50KM_AVERAGE_CONSUMPTION_SET	898656285
Energy.ENERGY_RECENTLY_50KM_AVERAGE_ELECTRICITY_CONSUMPTION_SET	898656304
Energy.ENERGY_RECENTLY_50KM_CONFIG	898644015
Energy.ENERGY_RECENTLY_50KM_DRIVE_CONSUMPTION_PERCENT	898644017
Energy.ENERGY_RECENTLY_50KM_ELECTRIC_EQUIPMENT_CONSUMPTION_PERCENT	898644033
Energy.ENERGY_RECENTLY_50KM_EQUIVALENT_CONSUMPTION_SET	898656294
Energy.ENERGY_RECENTLY_50KM_OTHER_CONSUMPTION_PERCENT	898648080
Energy.ENERGY_ROAD_SURFACE_KIND	1186988094
Energy.ENERGY_ROAD_SURFACE_MODE	603979827
Energy.ENERGY_ROAD_SURFACE_MODE_2nd	874512429
Energy.ENERGY_ROAD_SURFACE_MODE_SET	977545
Energy.ENERGY_STATE	873463832
Energy.ENERGY_SUBTOTAL_ITINERARY_SIGNAL_RESET	1276166175
Energy.ENERGY_THERMAL_MANAGER_SYS_CMD	407149
Energy.ENERGY_VEHICLE_CONFIGURATION_CODE	1271937064
Energy.ENERGY_VEHICLE_CONFIGURATION_CODE_STATUS_SET	1083199555
Energy.ENERGY_VEHICLE_CONFIG_CODE_SET	1083195416
Energy.ENERGY_VERTICAL_AXIS_CONSUMPTION_INFO	898652176
Dtc.DTC_REMOTE_DIAG_SET	1235223599
Dtc.DTC_SET_FAULT_CODE_SET	-1442840506
Door.DOOR_LOCK_COCKPIT_HATCH_DOOR_SWITCH_STATE	1196425224
Door.DOOR_LOCK_COMMAND_AREA_BACK	1081081872
Door.DOOR_LOCK_COMMAND_AREA_CHILDLOCK_LEFT	1196425240
Door.DOOR_LOCK_COMMAND_AREA_CHILDLOCK_LEFT_SET	1276141584
Door.DOOR_LOCK_COMMAND_AREA_CHILDLOCK_RIGHT	1228931108
Door.DOOR_LOCK_COMMAND_AREA_CHILDLOCK_RIGHT_475	1196425260
Door.DOOR_LOCK_COMMAND_AREA_CHILDLOCK_RIGHT_4B9	1267728430
Door.DOOR_LOCK_COMMAND_AREA_CHILDLOCK_RIGHT_SET	1276141586
Door.DOOR_LOCK_COMMAND_AREA_LEFT_FRONT	-1066401784
Door.DOOR_LOCK_COMMAND_AREA_LEFT_REAR	-1066401780
Door.DOOR_LOCK_COMMAND_AREA_RIGHT_FRONT	-1066401782
Door.DOOR_LOCK_COMMAND_AREA_RIGHT_REAR	-1066401778
Door.DOOR_LOCK_COMMAND_LEFT_FRONT_DOOR	1196425262
Door.DOOR_LOCK_HEAT_PROTECT_STATE	962592839
Door.DOOR_LOCK_NOTIFY_PALMAR_VEIN_LOCK_SET	-1442840000
Door.DOOR_LOCK_REAR_WINDOW_LOCK_CONFIG	128902
Door.DOOR_LOCK_REAR_WINDOW_LOCK_STATE	317718580
Door.DOOR_LOCK_REAR_WINDOW_LOCK_STATE_SET	1276141588
Door.DOOR_LOCK_RSE_REAR_WINDOW_LOCK_STATE_SET_hal_only	412229662
Door.DOOR_LOCK_VALET_MODE_HEADHATCH_COVER_CONTROL_SET	850464810
Cpu.CPU_TEMPRATURE	75503
Cpu.CPU_TEMPRATURE_PMIC_TEMPRATURE_SET	-1442840508
Cpu.CPU_TEMPRATURE_SET	-1442840507
Cpu.CPU_TEMPRATURE_TEC_CTL_SET	806875
Collision.COLLISION_STANDBY_BATTERY_STATUS	672624
Collision.COLLISION_STATE_S	144824
Collision.COLLISION_VCU_CAN_DATA	-1728052736
Collision.COLLISION_VCU_CAN_SWITCH_SET	-1442840064
Collision.COLLISION_VCU_FAULT_CODE	493881352
Collision.COLLISION_VCU_FAULT_PARTS	493881378
Collision.COLLISION_VCU_FAULT_REASON	493881366
Collision.COLLISION_VCU_INTERNAL_DATA_REQUEST_FLAG	493881376
Collision.COLLISION_VCU_UPLOAD_FLAG	493881377
Charging.CHARGING_2B6_CALIBRATE_TIME_STATUS	584067125
Charging.CHARGING_ACTUAL_BATTERY_NUMBER	1132462136
Charging.CHARGING_AC_CHARGING_CURRENT	190863
Charging.CHARGING_AC_CHARGING_CURRENT_SET	614879
Charging.CHARGING_AC_CHARGING_CURRENT_TYPE	547725
Charging.CHARGING_AC_COVER_STATE	862163
Charging.CHARGING_AC_VTOV_DISCHARGE_FUNC_CONFIG	639631370
Charging.CHARGING_ALTERNATING_CURRENT_VTOV_CONFIG	614465593
Charging.CHARGING_APPOINTMENT_CAR_DAY	1191186472
Charging.CHARGING_APPOINTMENT_CAR_HOUR	1191186480
Charging.CHARGING_APPOINTMENT_CAR_MINUTE	1191186488
Charging.CHARGING_APPOINTMENT_CAR_MONTH	1191186464
Charging.CHARGING_APPOINTMENT_CAR_POWER_BATTERY_SWITCH_SETTINGS_SET	805306430
Charging.CHARGING_APPOINTMENT_CAR_YEAR	1191186456
Charging.CHARGING_APPOINTMENT_END_SOC	1191198776
Charging.CHARGING_APPOINTMENT_END_TIME_DATE_FLAG	1191194682
Charging.CHARGING_APPOINTMENT_END_TIME_DAY	1191198752
Charging.CHARGING_APPOINTMENT_END_TIME_DAY_SET	1277235232
Charging.CHARGING_APPOINTMENT_END_TIME_HOUR	1191198760
Charging.CHARGING_APPOINTMENT_END_TIME_HOUR_SET	1277235240
Charging.CHARGING_APPOINTMENT_END_TIME_MINUTE	1191198768
Charging.CHARGING_APPOINTMENT_END_TIME_MINUTE_SET	1277235248
Charging.CHARGING_APPOINTMENT_END_TIME_MONTH	1191198744
Charging.CHARGING_APPOINTMENT_END_TIME_MONTH_SET	1277235224
Charging.CHARGING_APPOINTMENT_END_TIME_YEAR	1191198736
Charging.CHARGING_APPOINTMENT_END_TIME_YEAR_SET	1277235216
Charging.CHARGING_APPOINTMENT_INSTRUCTIONS_ISSUED_REASON_SET	805306413
Charging.CHARGING_APPOINTMENT_QUTI_REASON	584067120
Charging.CHARGING_APPOINTMENT_START_TIME_DATE_FLAG	1191194680
Charging.CHARGING_APPOINTMENT_START_TIME_DAY	1191194656
Charging.CHARGING_APPOINTMENT_START_TIME_DAY_SET	1277231136
Charging.CHARGING_APPOINTMENT_START_TIME_HOUR	1191194664
Charging.CHARGING_APPOINTMENT_START_TIME_HOUR_SET	1277231144
Charging.CHARGING_APPOINTMENT_START_TIME_MINUTE	1191194672
Charging.CHARGING_APPOINTMENT_START_TIME_MINUTE_SET	1277231152
Charging.CHARGING_APPOINTMENT_START_TIME_MONTH	1191194648
Charging.CHARGING_APPOINTMENT_START_TIME_MONTH_SET	1277231128
Charging.CHARGING_APPOINTMENT_START_TIME_YEAR	1191194640
Charging.CHARGING_APPOINTMENT_START_TIME_YEAR_SET	1277231120
Charging.CHARGING_BATTERRY_DEVICE_STATE	876609560
Charging.CHARGING_BATTERRY_HEATING_SWITCH_SET	753967158
Charging.CHARGING_BATTERY_CHARGING_PREHEAT_SET	924850208
Charging.CHARGING_BATTERY_ENERGY_SAVING_MODE	731906108
Charging.CHARGING_BATTERY_ENERGY_SAVING_MODE_CONFIG	731906107
Charging.CHARGING_BATTERY_ENERGY_SAVING_MODE_SET	1324376106
Charging.CHARGING_BATTERY_PREHEAT_MODE_SIGN	584067091
Charging.CHARGING_BATTERY_PREHEAT_SELFSTUDY	1191190548
Charging.CHARGING_BATTERY_TYPE	-1728053169
Charging.CHARGING_BATTERY_VOLTAGE_CELL_NUM	584079376
Charging.CHARGING_BMS_CHARGING_INTERFACE	-1728052861
Charging.CHARGING_BMS_PILE_OPERATOR	-1728052862
Charging.CHARGING_BMS_SMART_CHARGE_SELFSTUDY	1191190547
Charging.CHARGING_CAPACITY	666894360
Charging.CHARGING_CAP_STATE	603979834
Charging.CHARGING_CAP_STATE_AC	1336934432
Charging.CHARGING_CAP_STATE_DC	1336934424
Charging.CHARGING_CAP_STATE_SET	734003264
Charging.CHARGING_CAP_STATE_hal_only	1169162309
Charging.CHARGING_CAR_APPOINTMENT_AC_CTRL_SWITCH_SET	782237714
Charging.CHARGING_CAR_APPOINTMENT_AC_STATR_FAIL_REASON	1033896004
Charging.CHARGING_CAR_APPOINTMENT_AC_STATR_TIME_SET	924850210
Charging.CHARGING_CAR_APPOINTMENT_DAY_SET	805306408
Charging.CHARGING_CAR_APPOINTMENT_HOUR_SET	805306416
Charging.CHARGING_CAR_APPOINTMENT_MINUTE_SET	805306424
Charging.CHARGING_CAR_APPOINTMENT_MONTH_SET	805306400
Charging.CHARGING_CAR_APPOINTMENT_VALID_FLAG_SET	805306404
Charging.CHARGING_CAR_APPOINTMENT_YEAR_SET	805306392
Charging.CHARGING_CHARGER_CONNECT_STATE	89128973
Charging.CHARGING_CHARGER_FAULT_STATE	666894344
Charging.CHARGING_CHARGER_WORK_STATE	666894346
Charging.CHARGING_CHARGE_APPOINTMET_TIME_OPTION	842006539
Charging.CHARGING_CHARGE_BATTERY_VOLT	1145045000
Charging.CHARGING_CHARGE_CURRENT	1145045016
Charging.CHARGING_CHARGE_CURRENT_NOT_CONVERT	-1002438632
Charging.CHARGING_CHARGE_DISCHARGE_WARNING	609222714
Charging.CHARGING_CHARGE_DISPLAY_DD	842006536
Charging.CHARGING_CHARGE_LIMIT_FUNCTION_CONFIG_STATUS	864051220
Charging.CHARGING_CHARGE_MODE_SET	805306406
Charging.CHARGING_CHARGE_NOTICE_DD	842006564
Charging.CHARGING_CHARGE_PERCENT_DD	842006544
Charging.CHARGING_CHARGE_PORT_LOCK_REBACK	1228931082
Charging.CHARGING_CHARGE_POWER_DD	842006552
Charging.CHARGING_CHARGE_POWER_DM	785383452
Charging.CHARGING_CHARGE_RESET_SET	1043333169
Charging.CHARGING_CHARGE_REST_HOUR_DD	842006568
Charging.CHARGING_CHARGE_REST_MINUTE_DD	842006576
Charging.CHARGING_CHARGE_REST_TIME_DD	842006584
Charging.CHARGING_CHARGE_SCHEDULE_DISPLAY_DD	842006586
Charging.CHARGING_CHARGE_SOC_LIMIT	584067104
Charging.CHARGING_CHARGE_TEMPERATURE_CTL_ONLINE	1132462114
Charging.CHARGING_CHARGE_TEMPERATURE_CTL_STATE	1132462112
Charging.CHARGING_CHARGE_TEMPERATURE_CTL_STATE_SET	1311768644
Charging.CHARGING_CHARGE_VEHICLE_BATTERY_TYPE	1249050668
Charging.CHARGING_CHARGE_VEHICLE_NEEDED_CURRENT	1249050652
Charging.CHARGING_CHARGE_VEHICLE_NEEDED_VOLTAGE	1249050640
Charging.CHARGING_CHARGE_WIRELESS_CHARGING_L_POWER	1105199124
Charging.CHARGING_CHARGE_WIRELESS_CHARGING_L_POWER_0A3	170917908
Charging.CHARGING_CHARGE_WIRELESS_CHARGING_L_POWER_RCS_hal_only	628097044
Charging.CHARGING_CHARGE_WIRELESS_CHARGING_L_SWITCH_0A3	170917904
Charging.CHARGING_CHARGE_WIRELESS_CHARGING_POWER_DUAL	718274592
Charging.CHARGING_CHARGE_WIRELESS_CHARGING_R_POWER	1105199136
Charging.CHARGING_CHARGE_WIRELESS_CHARGING_R_POWER_0A3	170917920
Charging.CHARGING_CHARGE_WIRELESS_CHARGING_R_STATE	1105199122
Charging.CHARGING_CHARGE_WIRELESS_CHARGING_R_STATE_MODE	-1042284526
Charging.CHARGING_CHARGE_WIRELESS_CHARGING_R_SWITCH	1105199132
Charging.CHARGING_CHARGE_WIRELESS_CHARGING_R_SWITCH_0A3	170917916
Charging.CHARGING_CHARGE_WIRELESS_CHARGING_R_SWITCH_ONLINE	-1042284516
Charging.CHARGING_CHARGE_WIRELESS_CHARGING_R_SWITCH_SET	1276182566
Charging.CHARGING_CHARGE_WIRELESS_CHARGING_STATE	1105199113
Charging.CHARGING_CHARGE_WIRELESS_CHARGING_STATE_DUAL	718274578
Charging.CHARGING_CHARGE_WIRELESS_CHARGING_STATE_FL_0A3	170917897
Charging.CHARGING_CHARGE_WIRELESS_CHARGING_STATE_FR_0A3	170917906
Charging.CHARGING_CHARGE_WIRELESS_CHARGING_STATE_RCS_hal_only	628097033
Charging.CHARGING_CHARGE_WIRELESS_CHARGING_SWITCH	1105199120
Charging.CHARGING_CHARGE_WIRELESS_CHARGING_SWITCH_DUAL	718274588
Charging.CHARGING_CHARGE_WIRELESS_CHARGING_SWITCH_RCS_hal_only	628097040
Charging.CHARGING_CHARGE_WIRELESS_CHARGING_SWITCH_SET	1312817218
Charging.CHARGING_CHARGE_WIRELESS_CONFIG	1105199140
Charging.CHARGING_CHARGE_WIRELESS_COUNTDOWN_HOUR	1105199152
Charging.CHARGING_CHARGE_WIRELESS_COUNTDOWN_MINUTE	1105199160
Charging.CHARGING_CHARGING_LIMIT_VALUE_COMMAND_SET	924850194
Charging.CHARGING_CHARGING_LIMIT_VALUE_SOC_SET	924850200
Charging.CHARGING_CHARGING_NAVI_MODE_SET	924850196
Charging.CHARGING_CHARGING_NAVI_PREHEAT_SET	924850198
Charging.CHARGING_CHARGING_STATION_CHARGING_PILE_INFO	1277243422
Charging.CHARGING_CHARGING_STOP_COMMAND_SET	924850192
Charging.CHARGING_CURRENT_BATTERY_HEATING_POWER	584067131
Charging.CHARGING_CURRENT_CHARGE_CUTOFF_LEVEL	864051256
Charging.CHARGING_CURRENT_FULL_CHARGE_REMAINING_SECONDS	558936080
Charging.CHARGING_CURRENT_REMAINING_MINUTES_DISPLAYED_IN_MINUTES_SECONDS	558936096
Charging.CHARGING_CWC_FEEDBACK_SIGNAL	1105199115
Charging.CHARGING_CWC_WORKING_STATE_FEEDBACK_FL	890241048
Charging.CHARGING_CWC_WORKING_STATE_FEEDBACK_FR	890241052
Charging.CHARGING_DC_COVER_STATE	287434
Charging.CHARGING_DIRECT_CURRENT_VTOV_CONFIG	708839448
Charging.CHARGING_DISCHARGE_AVERAGE_POWER	1271965752
Charging.CHARGING_DISCHARGE_HOUR_DURATION_FEEDBACK	1271965763
Charging.CHARGING_DISCHARGE_MINUTE_DURATION_FEEDBACK	1271961666
Charging.CHARGING_DISCHARGE_PERMISSION	876609546
Charging.CHARGING_DISCHARGE_REMAINING_TIME	1248919584
Charging.CHARGING_DISCHARGE_REQUEST_STATE	89128970
Charging.CHARGING_DISCHARGE_SOC_ENGINE_UPPER_LIMIT_VALUE	1271949368
Charging.CHARGING_DISCHARGE_STATE_INNER_SOCKET	1151336470
Charging.CHARGING_DISCHARGE_STATE_VTOL	1151336459
Charging.CHARGING_DISCHARGE_STATE_VTOL_2nd	614465546
Charging.CHARGING_DISCHARGE_STATE_VTOL_FOR_SMART	1271949376
Charging.CHARGING_DISCHARGE_TO_CAR_ONLINE	859832366
Charging.CHARGING_DISCHARGE_TO_CAR_ONLINE_HEV_hal_only	1271957520
Charging.CHARGING_DISCHARGE_TO_CAR_STATE	859832367
Charging.CHARGING_DISCHARGE_TO_CAR_STATE_HEV_hal_only	1271957521
Charging.CHARGING_DISCHARGE_TO_CAR_STATE_SET	734003214
Charging.CHARGING_DISCHARGE_TO_OUTSIDE_LOW_WARN	1132462123
Charging.CHARGING_DISCHARGE_TO_OUTSIDE_LOW_WARN_HEV_hal_only	1271957522
Charging.CHARGING_DISCHARGE_VEHICLE_OUTPUT_CURRENT	1248985116
Charging.CHARGING_DISCHARGE_VEHICLE_OUTPUT_VOLTAGE	1248985104
Charging.CHARGING_DM_CHARGING_PORT_LOCK_SET	850444352
Charging.CHARGING_DM_DISCHARGE_FUNC_UNIFY_FLAG_SET	805306421
Charging.CHARGING_DM_FORCE_FULL_CHARGING_REMINDER	584067102
Charging.CHARGING_DM_ORDER_CAR_AC_CONFIG	995098642
Charging.CHARGING_DRIVER_MOTOR_CURRENT	1186988040
Charging.CHARGING_ELECTRICITY_MAP_CONFIG_FLAG	1178628156
Charging.CHARGING_ELECTRICITY_PRICE_LEVEL_SET	753950728
Charging.CHARGING_ELECTRIC_FLAP_FAILURE_REASON	1143996684
Charging.CHARGING_ESTIMATED_CHARGE_PREHEAT_DURATION_MINUTES	864157712
Charging.CHARGING_ESTIMATED_CHARGE_PREHEAT_DURATION_SECONDS	864157720
Charging.CHARGING_ESTIMATED_CHARGING_HOURS	890241036
Charging.CHARGING_ESTIMATED_CHARGING_MINUTES	890241064
Charging.CHARGING_EV_AC_DISCHARGE_LIMIT_SET_FEEDBACK	407898120
Charging.CHARGING_EV_CHARGING_LIMIT_FUNCTION_CONFIG_SELF_LEARNING	407898179
Charging.CHARGING_EV_CHARGING_LIMIT_SETTING_FEEDBACK	407898181
Charging.CHARGING_EV_ENERGY_CENTER_CONFIGURATION	864051228
Charging.CHARGING_EV_FULL_CHARGE_INDICATOR	864051222
Charging.CHARGING_EV_V2L_DISCHARGE_CONFIGURATION_OUTSIDE_VEHICLE	407898127
Charging.CHARGING_EV_V2L_DISCHARGE_OUTSIDE_VEHICLE_STOP_DISCHARGE_LIGHT_UP_STATE	407898128
Charging.CHARGING_EXPECT_HEAT_START_DAY	584063016
Charging.CHARGING_EXPECT_HEAT_START_HOUR	584063024
Charging.CHARGING_EXPECT_HEAT_START_MONTH	584063008
Charging.CHARGING_EXPECT_HEAT_START_SECOND	584063032
Charging.CHARGING_EXPECT_HEAT_START_YEAR	584063000
Charging.CHARGING_FAST_CHARGE	649068602
Charging.CHARGING_FULL_REST_HOUR	1146095640
Charging.CHARGING_FULL_REST_MINUTE	1146095648
Charging.CHARGING_FULL_REST_TIME_CHANGE	-1728053168
Charging.CHARGING_FULL_UNLOCK_FLAG	614465591
Charging.CHARGING_GUN_CONNECT_STATE	876609586
Charging.CHARGING_GUN_ELECTRIC_LOCK_STATUS	1196425230
Charging.CHARGING_GUN_NOTINSERT_WARN_STATE	1277169683
Charging.CHARGING_HAS_CHARGE_BY_APPOINTMENT	1277169672
Charging.CHARGING_HAS_CHARGE_WIRELESS_CHARGING	1105199104
Charging.CHARGING_HEV_VTOV_CONFIG	-1438642152
Charging.CHARGING_INSITU_POWER_SUPPLY_ACTUAL_GEAR	587204666
Charging.CHARGING_INSITU_POWER_SUPPLY_CONFIG	587204668
Charging.CHARGING_INSITU_POWER_SUPPLY_PERMIT_STATE	664799266
Charging.CHARGING_INSITU_POWER_SUPPLY_SOC_LIMIT_SET	1324630048
Charging.CHARGING_INSITU_POWER_SUPPLY_SWITCH_SET	782237766
Charging.CHARGING_INSITU_POWER_SUPPLY_SWITCH_STATE	587204664
Charging.CHARGING_INSITU_POWER_SUPPLY_TARGET_GEAR_SET	1324630056
Charging.CHARGING_INSITU_POWER_SUPPLY_TARGET_SOC_STATUS_VALUE	587204648
Charging.CHARGING_INTERFACE_WARM_PROMPT	1191190576
Charging.CHARGING_IRON_BATTERY_POWER_MODE	1150287938
Charging.CHARGING_LEFT_COVER_CLOSE_FAIL_REASON	1200619757
Charging.CHARGING_LEFT_COVER_CONFIG	1240465719
Charging.CHARGING_LEFT_COVER_NEXT_RESPONSE_ACTION	1200619628
Charging.CHARGING_LEFT_COVER_OPEN_FAIL_REASON	1200619755
Charging.CHARGING_LEFT_COVER_STATE	1081081896
Charging.CHARGING_LEFT_DEVICE_BATTERY_STATUS	890241040
Charging.CHARGING_LEFT_ELECTRIC_FLAP_CONFIG	1200619620
Charging.CHARGING_LEFT_ELECTRIC_FLAP_STATE	1200619622
Charging.CHARGING_LEFT_FLAP_COVER_STATE_SET	1276178466
Charging.CHARGING_LIMIT_CHARGING_SELFSTUDY	1191190549
Charging.CHARGING_LIMIT_CHARGING_SIGN	584067089
Charging.CHARGING_LOW_POWER_NOTICE	1132462108
Charging.CHARGING_LOW_POWER_OF_CHARGING_POINT	731906059
Charging.CHARGING_LOW_POWER_STATR_ENGINE	1175453720
Charging.CHARGING_LOW_POWER_STATR_ENGINE_SET	782237709
Charging.CHARGING_LOW_POWER_STATR_ENGINE_SWITCH_SET	753971254
Charging.CHARGING_L_CHARGE_WIRELESS_ELEC_VOLTAGE	1105199144
Charging.CHARGING_MAIN_BATTERY_VOLTAGE_WOTKING_AREA	304480
Charging.CHARGING_MANDATORY_EV_MODE_PAD_POWER_LEVEL_PROMPT	898656272
Charging.CHARGING_MAX_CHARGE_VOLTAGE_ALLOWED	1248919592
Charging.CHARGING_MEGAWATT_CHARGE_FUNCTION	864092190
Charging.CHARGING_MEGAWATT_CHARGE_MARK	558899232
Charging.CHARGING_MEGAWATT_FLASH_CHARGING_SWITCH_STATUS	-1728052348
Charging.CHARGING_MEGAWATT_FLASH_CHARGING_SWITCH_STATUS_SET	-1442839674
Charging.CHARGING_MOBILE_FORGETTING_REMINDER	-1728052667
Charging.CHARGING_MOBILE_FORGETTING_REMINDER_257	628097032
Charging.CHARGING_MOBILE_FORGETTING_REMINDER_2AD	718274584
Charging.CHARGING_MOBILE_FORGETTING_REMINDER_351	132132
Charging.CHARGING_MOBILE_FORGETTING_REMINDER_41E	1105199112
Charging.CHARGING_MOBILE_FORGETTING_REMINDER_4E8	1317011464
Charging.CHARGING_MOBILE_FORGETTING_REMINDER_4E9	1318060040
Charging.CHARGING_MOBILE_FORGETTING_REMINDER_OFF_BROADCAST_351	890241070
Charging.CHARGING_MODE	1231032338
Charging.CHARGING_MODE_SET	668530
Charging.CHARGING_MULTI_MIDIA_APPOINTMENT_TIME_REACH_ABNORMAL_SIGN	584067127
Charging.CHARGING_NAVI_OR_BATTERY_PREHEAT_STATUS	584067092
Charging.CHARGING_NAVI_PREHEAT_MODE_SIGN	584067090
Charging.CHARGING_NAVI_PREHEAT_SELFSTUDY	1191190551
Charging.CHARGING_NAVI_PREHEAT_TIME	584067112
Charging.CHARGING_NEXT_CHARGING_STATION_EXPECTED_ARRIVE_MINUTE	1277243424
Charging.CHARGING_NEXT_CHARGING_STATION_EXPECTED_MILEAGE	1277243408
Charging.CHARGING_OBC_CHARGING_INTERFACE	-1728052859
Charging.CHARGING_OBC_CONSTANT_VOLTAGE_POWER_SUPPLY	584067128
Charging.CHARGING_OBC_PILE_OPERATOR	-1728052860
Charging.CHARGING_OBC_TYPE_CONFIG	614465562
Charging.CHARGING_OIL_ELECTRICITY_PRIORITY_MODE	1175453734
Charging.CHARGING_OIL_ELECTRICITY_PRIORITY_MODE_ONLINE	-972029914
Charging.CHARGING_OIL_ELECTRICITY_PRIORITY_MODE_SET	782237730
Charging.CHARGING_ONE_KEY_HEAT_CONFIG	1191190552
Charging.CHARGING_ONE_KEY_HEAT_REST_TIME_HOUR	1191211032
Charging.CHARGING_ONE_KEY_HEAT_REST_TIME_MINUTE	1191211040
Charging.CHARGING_ONE_KEY_HEAT_STATE	1191211024
Charging.CHARGING_ONE_KEY_HEAT_STATR_RESULT	1191211030
Charging.CHARGING_PHASE_SOC_DISPLAY_STATUS	1246806072
Charging.CHARGING_PHASE_SOC_REMAINING_HOURS	1246806077
Charging.CHARGING_PHASE_SOC_REMAINING_MINUTES	1246806082
Charging.CHARGING_PHONE_ONE_KEY_HEAT_SWITCH_SET	782237757
Charging.CHARGING_PLUG_AND_CHARGE_OPEN_STATE	879757348
Charging.CHARGING_PLUG_AND_CHARGE_SWITCH_SET	782237764
Charging.CHARGING_POWER	740506
Charging.CHARGING_POWER_BATTERY_NEED_HEAT_FLAG	1191211027
Charging.CHARGING_PREHEAT_CHARGE_STATUS	864157726
Charging.CHARGING_PREHEAT_FUNCTION_CONFIG	879755304
Charging.CHARGING_PREHEAT_PERMIT	1151336468
Charging.CHARGING_PREHEAT_SET	1324617774
Charging.CHARGING_PREHEAT_STATUS	879755302
Charging.CHARGING_QUICK_POWER_ALLOWABLE_FLAG	731906058
Charging.CHARGING_QUICK_POWER_CONFIGURATION	731906056
Charging.CHARGING_QUICK_POWER_SETTING_SET	1324376100
Charging.CHARGING_QUICK_POWER_STATUS	731906057
Charging.CHARGING_RCS_CHARGE_WIRELESS_CHARGING_SWITCH_SET_hal_only	796934160
Charging.CHARGING_REAR_DRIVER_MOTOR_CURRENT	1186988056
Charging.CHARGING_REQUEST_VCU_EXIT_CONSTANT_VOLTAGE_POWER_SUPPLY	584067130
Charging.CHARGING_RIGHT_COVER_CLOSE_FAIL_REASON	1200619761
Charging.CHARGING_RIGHT_COVER_CONFIG	1240465863
Charging.CHARGING_RIGHT_COVER_OPEN_FAIL_REASON	1200619759
Charging.CHARGING_RIGHT_COVER_STATE	1081081898
Charging.CHARGING_RIGHT_COVER_STATE_RIGHT_DOMAIN_hal_only	1103101994
Charging.CHARGING_RIGHT_DEVICE_BATTERY_STATUS	890241056
Charging.CHARGING_RIGHT_ELECTRIC_FLAP_CONFIG	1200619660
Charging.CHARGING_RIGHT_ELECTRIC_FLAP_INNER_COVER_CONFIG	1200619662
Charging.CHARGING_RIGHT_ELECTRIC_FLAP_STATE	1200619664
Charging.CHARGING_RIGHT_FAST_COVER_NEXT_RESPONSE_ACTION	1200619753
Charging.CHARGING_RIGHT_FLAP_COVER_FAST_STATE_SET	1276182588
Charging.CHARGING_RIGHT_FLAP_COVER_STATE_SET	1276178470
Charging.CHARGING_RIGHT_SIOW_COVER_NEXT_RESPONSE_ACTION	1200619668
Charging.CHARGING_RR_RCS_CHARGE_WIRELESS_CHARGING_SWITCH_SET	801128464
Charging.CHARGING_RR_RSE_CHARGE_WIRELESS_CHARGING_SWITCH_SET	422592562
Charging.CHARGING_RSE_CHARGE_WIRELESS_CHARGING_R_SWITCH_SET_hal_only	412229682
Charging.CHARGING_RSE_CHARGE_WIRELESS_CHARGING_SWITCH_SET_hal_only	412229680
Charging.CHARGING_R_CHARGE_WIRELESS_ELEC_VOLTAGE	1105199168
Charging.CHARGING_SAFE_BATTERY_SET	805306432
Charging.CHARGING_SCHEDULE_ENABLE_STATE	89128974
Charging.CHARGING_SCHEDULE_END_TIME_DAY_SET	753971232
Charging.CHARGING_SCHEDULE_END_TIME_HOUR_SET	753971240
Charging.CHARGING_SCHEDULE_END_TIME_MINUTE_SET	753971248
Charging.CHARGING_SCHEDULE_END_TIME_MONTH_SET	753971224
Charging.CHARGING_SCHEDULE_END_TIME_YEAR_SET	753971216
Charging.CHARGING_SCHEDULE_START_TIME_DAY_SET	753967136
Charging.CHARGING_SCHEDULE_START_TIME_HOUR_SET	753967144
Charging.CHARGING_SCHEDULE_START_TIME_MINUTE_SET	753967152
Charging.CHARGING_SCHEDULE_START_TIME_MONTH_SET	753967128
Charging.CHARGING_SCHEDULE_START_TIME_YEAR_SET	753967120
Charging.CHARGING_SCHEDULE_STATE	1277169680
Charging.CHARGING_SCHEDULE_TIME_CHANGE	-1728053167
Charging.CHARGING_SCHEDULE_TIME_HOUR	1277169688
Charging.CHARGING_SCHEDULE_TIME_MINUTE	1277169696
Charging.CHARGING_SINGLE_BATTERY_MAX_VOLTAGE	1248919604
Charging.CHARGING_SMART_CHARGING_CANNOT_ENTER	1150287943
Charging.CHARGING_SMART_CHARGING_COMMAND	1151338510
Charging.CHARGING_SMART_CHARGING_HEAT_END_REASON	584067096
Charging.CHARGING_SMART_CHARGING_STATE	1150287936
Charging.CHARGING_SMART_CHARGING_STATE_2nd	315621404
Charging.CHARGING_SMART_CHARGING_SUPPORT_MESSAGE_SET	844109840
Charging.CHARGING_SMART_LOCK_STATUS	1261437358
Charging.CHARGING_SMART_LOCK_STATUS_SET	1276141600
Charging.CHARGING_SMART_LOCK_STATUS_STUDY	-886046290
Charging.CHARGING_SMART_POWER_DOWN_STATUS	1261437354
Charging.CHARGING_SMART_POWER_DOWN_STATUS_SET	1276141596
Charging.CHARGING_SMART_POWER_DOWN_STATUS_STUDY	-886046294
Charging.CHARGING_SMART_TRAVEL_CONFIG	1191190545
Charging.CHARGING_SMART_TRAVEL_CONFIG_SECOND	1191190546
Charging.CHARGING_SMART_UNLOCK_STATUS	1261437356
Charging.CHARGING_SMART_UNLOCK_STATUS_SET	1276141598
Charging.CHARGING_SMART_UNLOCK_STATUS_STUDY	-886046292
Charging.CHARGING_SOC_SAVE_SWITCH	1186988086
Charging.CHARGING_SOC_SAVE_SWITCH_CONFIG	-960495562
Charging.CHARGING_SOC_SAVE_SWITCH_SET	782237704
Charging.CHARGING_STAGE_SOC_REMAINING_MINUTES_DISPLAYED_IN_MINUTES_SECONDS	558936104
Charging.CHARGING_STAGE_SOC_VALUE	1246806074
Charging.CHARGING_START_CHARGING_TIME_FLAG_SET	844109843
Charging.CHARGING_START_HEATING_TIME_FLAG_SET	844109845
Charging.CHARGING_STATE	1231032336
Charging.CHARGING_STATE_OF_POWER_OFF_SET	1111490608
Charging.CHARGING_STOP_CHARGING_SELFSTUDY	1191190550
Charging.CHARGING_STOP_CHARGING_SIGN	584067088
Charging.CHARGING_STOP_QUANTITY_SETTING	1132462120
Charging.CHARGING_STOP_QUANTITY_SETTING_SET	734003226
Charging.CHARGING_STOP_QUANTITY_SUPPORT	1132462116
Charging.CHARGING_STOP_QUANTITY_SWITCH	1132462118
Charging.CHARGING_STOP_QUANTITY_SWITCH_SET	734003224
Charging.CHARGING_SUPER_CHARGE_LOGO	649068596
Charging.CHARGING_SUPER_CHARGE_RANGE_DISPLAY	301989942
Charging.CHARGING_SUPPORT_PLUG_AND_CHARGE	879757347
Charging.CHARGING_TEMPERATURE_HIGN_FORECAST_SET	782237720
Charging.CHARGING_TEMPERATURE_LOW_FORECAST_SET	782237736
Charging.CHARGING_TEMPERATURE_PRESET_SET	1276145714
Charging.CHARGING_TEMPERATURE_PRESET_SET_CONFIG	864051226
Charging.CHARGING_TEMPERATURE_PRESET_SET_STATUS	677380114
Charging.CHARGING_TIMER_CYCLE_FRI_1_GET	1277173796
Charging.CHARGING_TIMER_CYCLE_FRI_1_SET	1276129316
Charging.CHARGING_TIMER_CYCLE_FRI_2_GET	1277177892
Charging.CHARGING_TIMER_CYCLE_FRI_2_SET	1276133412
Charging.CHARGING_TIMER_CYCLE_MON_1_GET	1277173792
Charging.CHARGING_TIMER_CYCLE_MON_1_SET	1276129312
Charging.CHARGING_TIMER_CYCLE_MON_2_GET	1277177888
Charging.CHARGING_TIMER_CYCLE_MON_2_SET	1276133408
Charging.CHARGING_TIMER_CYCLE_SAT_1_GET	1277173797
Charging.CHARGING_TIMER_CYCLE_SAT_1_SET	1276129317
Charging.CHARGING_TIMER_CYCLE_SAT_2_GET	1277177893
Charging.CHARGING_TIMER_CYCLE_SAT_2_SET	1276133413
Charging.CHARGING_TIMER_CYCLE_SUN_1_GET	1277173798
Charging.CHARGING_TIMER_CYCLE_SUN_1_SET	1276129318
Charging.CHARGING_TIMER_CYCLE_SUN_2_GET	1277177894
Charging.CHARGING_TIMER_CYCLE_SUN_2_SET	1276133414
Charging.CHARGING_TIMER_CYCLE_THU_1_GET	1277173795
Charging.CHARGING_TIMER_CYCLE_THU_1_SET	1276129315
Charging.CHARGING_TIMER_CYCLE_THU_2_GET	1277177891
Charging.CHARGING_TIMER_CYCLE_THU_2_SET	1276133411
Charging.CHARGING_TIMER_CYCLE_TUR_1_GET	1277173793
Charging.CHARGING_TIMER_CYCLE_TUR_1_SET	1276129313
Charging.CHARGING_TIMER_CYCLE_TUR_2_GET	1277177889
Charging.CHARGING_TIMER_CYCLE_TUR_2_SET	1276133409
Charging.CHARGING_TIMER_CYCLE_WED_1_GET	1277173794
Charging.CHARGING_TIMER_CYCLE_WED_1_SET	1276129314
Charging.CHARGING_TIMER_CYCLE_WED_2_GET	1277177890
Charging.CHARGING_TIMER_CYCLE_WED_2_SET	1276133410
Charging.CHARGING_TIMER_INFO_CHANGED	-1728053166
Charging.CHARGING_TIMER_SWITCH_1_GET	1277173800
Charging.CHARGING_TIMER_SWITCH_1_SET	1276129320
Charging.CHARGING_TIMER_SWITCH_2_GET	1277177896
Charging.CHARGING_TIMER_SWITCH_2_SET	1276133416
Charging.CHARGING_TIMER_TYPE_1_GET	1277173768
Charging.CHARGING_TIMER_TYPE_1_SET	1276129288
Charging.CHARGING_TIMER_TYPE_2_GET	1277177864
Charging.CHARGING_TIMER_TYPE_2_SET	1276133384
Charging.CHARGING_TIMER_UNIT_HOUR_1_GET	1277173776
Charging.CHARGING_TIMER_UNIT_HOUR_1_SET	1276129296
Charging.CHARGING_TIMER_UNIT_HOUR_2_GET	1277177872
Charging.CHARGING_TIMER_UNIT_HOUR_2_SET	1276133392
Charging.CHARGING_TIMER_UNIT_MIMITE_1_GET	1277173784
Charging.CHARGING_TIMER_UNIT_MIMITE_1_SET	1276129304
Charging.CHARGING_TIMER_UNIT_MIMITE_2_GET	1277177880
Charging.CHARGING_TIMER_UNIT_MIMITE_2_SET	1276133400
Charging.CHARGING_TIMING_STATE_SET	503316508
Charging.CHARGING_TYPE	876609592
Charging.CHARGING_UI_PROMPT_0	1186988080
Charging.CHARGING_UI_PROMPT_1	1186988081
Charging.CHARGING_UI_PROMPT_2	1186988082
Charging.CHARGING_UI_PROMPT_3	1186988083
Charging.CHARGING_UI_PROMPT_4	1186988084
Charging.CHARGING_UI_PROMPT_5	1186988085
Charging.CHARGING_UNTIL_SOC_VALUE_CHARGE_REMAINING_SECONDS	558936088
Charging.CHARGING_V2L_DISCHARGE_END_REASON_SMART	1271965728
Charging.CHARGING_VCU_SMART_CHARGE_SELFSTUDY	1271949383
Charging.CHARGING_VEHICLE_MAX_SOC	1248919576
Charging.CHARGING_VEHICLE_SOC	1248919568
Charging.CHARGING_VEHICLE_SOC_HEV_hal_only	708839432
Charging.CHARGING_VT0V_DISCHARGE_CONNECT_COUNTDOWN	1248985132
Charging.CHARGING_VT0V_DISCHARGE_CONNECT_COUNTDOWN_HEV_hal_only	1271957523
Charging.CHARGING_VTOL_REMAINING_HOUR	1175453715
Charging.CHARGING_VTOL_REMAINING_HOUR_SET	805306376
Charging.CHARGING_VTOL_REMAINING_MINUTE	1175453722
Charging.CHARGING_VTOL_REMAINING_MINUTE_SET	805306384
Charging.CHARGING_VTOL_SET	782237707
Charging.CHARGING_VTOL_STATE	1186988088
Charging.CHARGING_VTOL_SWITCH_STATUS	1271949379
Charging.CHARGING_VTOV_CHARGE_START_SOC	1249050672
Charging.CHARGING_VTOV_DISCHARGE_ACTUAL_STATUS_20A	547358738
Charging.CHARGING_VTOV_DISCHARGE_CONNECT_STATE	859832352
Charging.CHARGING_VTOV_DISCHARGE_DURATION	1248985136
Charging.CHARGING_VTOV_DISCHARGE_DURATION_HEV_hal_only	1271957544
Charging.CHARGING_VTOV_DISCHARGE_ELECTRICITY	859832368
Charging.CHARGING_VTOV_DISCHARGE_ELECTRICITY_HEV_hal_only	1271957556
Charging.CHARGING_VTOV_DISCHARGE_ENDING_REASON	1248985144
Charging.CHARGING_VTOV_DISCHARGE_ENDING_REASON_HEV_hal_only	681574589
Charging.CHARGING_VTOV_DISCHARGE_LIMIT_VAL	934894
Charging.CHARGING_VTOV_DISCHARGE_LIMIT_VAL_SET	734003232
Charging.CHARGING_VTOV_DISCHARGE_LOWEST_VAL	570269
Charging.CHARGING_VTOV_DISCHARGE_QUANTITY	876609568
Charging.CHARGING_VTOV_DISCHARGE_SETTING_GRAY_FLAG	614465585
Charging.CHARGING_VTOV_DISCHARGE_STATUS	614465584
Charging.CHARGING_VTOV_DISCHARGE_STATUS_SET	1324376130
Charging.CHARGING_VTOV_LOWEST_DISCHARGE_SETTING_VALUE	1249116184
Charging.CHARGING_VTOV_LOWEST_DISCHARGE_SETTING_VALUE_HEV_hal_only	1271957536
Charging.CHARGING_VTOV_LOWEST_DISCHARGE_VALUE	1249116176
Charging.CHARGING_VTOV_LOWEST_DISCHARGE_VALUE_HEV_hal_only	1271957528
Charging.CHARGING_VTOV_MAX_POWER_BATTERY_TEMP	1249050688
Charging.CHARGING_VTOV_MAX_TEMP_ALLOWED	1249050680
Charging.CHARGING_WEATHER_TIME_REQUIREMENT	590348330
Charging.CHARGING_WIRELESS_CARD_PROCTECT_STATUS_FEDDBACK_L	890241071
Charging.CHARGING_WIRELESS_CARD_PROCTECT_STATUS_FEDDBACK_R	890241076
Charging.CHARGING_WIRELESS_CHARGING_CONFIG	890241032
Charging.CHARGING_WIRELESS_CHARGING_MOBILE_FORGETTING_REMINDER_FEEDBACK_351	890241034
Charging.CHARGING_WIRELESS_CHARGING_ONLINE5S	1105199104
Charging.CHARGING_WIRELESS_CHARGING_SWITCH_ONLINE	-1042284528
Charging.CHARGING_WIRELESS_CHARGING_SWITCH_RL_SET	1276182576
Charging.CHARGING_WIRELESS_CHARGING_SWITCH_RR_SET	1276182578
Bigdata.BIGDATA_DYNAMIC_DATA_CALLBACK	-1728053216
Bigdata.BIGDATA_SENT_MONITOR_TABLE_SET	-1442840542
Bodywork.BODYWORK_ABNORMAL_ASSOCIATION_AUTOMOBILE_PARTS_ALARM	363855928
Bodywork.BODYWORK_ABNORMAL_AUTOMOBILE_PARTS_ALARM	363855920
Bodywork.BODYWORK_ABNORMAL_CAN_CYCLE	363855912
Bodywork.BODYWORK_ABNORMAL_CAN_ID	363855896
Bodywork.BODYWORK_ABNORMAL_CAN_LENGTH	363855888
Bodywork.BODYWORK_ABNORMAL_CAN_VEVENT_TYPE	363855880
Bodywork.BODYWORK_ALARM_STATE	1150287934
Bodywork.BODYWORK_ALLOWED_STATUS	879755276
Bodywork.BODYWORK_ASSEMBLE_CONFIGURATION_WORD	-1728052655
Bodywork.BODYWORK_ASSEMBLE_CONFIGURATION_WORD_SET	-1442839981
Bodywork.BODYWORK_AUTOMATIC_MODE_DELAY_RETRACT_SWITCH_STATUS	1284505790
Bodywork.BODYWORK_AUTO_ENERGY_TYPE	-1728052985
Bodywork.BODYWORK_AUTO_SYSTEM_STATE	315621421
Bodywork.BODYWORK_AUTO_TYPE	1087373328
Bodywork.BODYWORK_AUTO_TYPE_hal_only	955252744
Bodywork.BODYWORK_AUTO_VIN	-1728053195
Bodywork.BODYWORK_AUTO_VIN_SET	-1442840538
Bodywork.BODYWORK_BACKDOOR_CURRENT_POSITION	1074790416
Bodywork.BODYWORK_BACKDOOR_INIT_STATUS	1074790428
Bodywork.BODYWORK_BACKDOOR_POSITION_FEEDBACK	1074790456
Bodywork.BODYWORK_BACKDOOR_POSITION_OPEN_HEIGHT_SET	1276211248
Bodywork.BODYWORK_BACK_DOOR_ANTI_PALY_MODE	1074790434
Bodywork.BODYWORK_BACK_DOOR_AR_KICK_CONFIG	1323302930
Bodywork.BODYWORK_BACK_DOOR_MAINTENANCE_STATUS	654311438
Bodywork.BODYWORK_BACK_DOOR_MAINTENANCE_STATUS_CONFIG	-1493172210
Bodywork.BODYWORK_BACK_DOOR_MAINTENANCE_STATUS_SET	1276211264
Bodywork.BODYWORK_BACK_DOOR_OPEN_STATUS_CONFIRM	654311456
Bodywork.BODYWORK_BACK_DOOR_STATUS_FLAG	692060181
Bodywork.BODYWORK_BATTERY_CAPACITY	1146093584
Bodywork.BODYWORK_BATTERY_POWER	1146093576
Bodywork.BODYWORK_BATTERY_SINGLE_NUM	1134559240
Bodywork.BODYWORK_BATTERY_VOLTAGE_LEVEL	1077936194
Bodywork.BODYWORK_BLUETOOTH_UNLOCK_TYPE	1048596496
Bodywork.BODYWORK_BODY_HORIZONTAL_INCLINATION	1090519056
Bodywork.BODYWORK_BRAKE_PEDAL_STATE	204008
Bodywork.BODYWORK_BRANDNAME	792723888
Bodywork.BODYWORK_BT_KEY_CODE	1049600016
Bodywork.BODYWORK_BT_UNLOCK	1048596480
Bodywork.BODYWORK_CAC_SWITCH	823540
Bodywork.BODYWORK_CAC_SWITCH_SET	1324617776
Bodywork.BODYWORK_CAIL_PARAMETER_STATUS	879755274
Bodywork.BODYWORK_CARD_NFC_KEY_STATE	1077100563
Bodywork.BODYWORK_CAR_COLOR	1207971880
Bodywork.BODYWORK_CAR_WASH_MODE_CONFIG	792723906
Bodywork.BODYWORK_CDE_SWITCH	938475534
Bodywork.BODYWORK_CDE_SWITCH_SET	1324617780
Bodywork.BODYWORK_CDE_SWITCH_STUDY	938475584
Bodywork.BODYWORK_CDE_SWITCH_STUDY_hal_only	629145756
Bodywork.BODYWORK_CDE_SWITCH_hal_only	629145764
Bodywork.BODYWORK_CENTRAL_CONTROL_SCENE_MODE_ALARM_SET	850477096
Bodywork.BODYWORK_CENTRAL_CONTROL_SCENE_MODE_THEME_SET	1083228208
Bodywork.BODYWORK_CHARGING_MODE_CONTROL_COMMAND	932188194
Bodywork.BODYWORK_CHARGING_MODE_CONTROL_COMMAND_SET	1324585014
Bodywork.BODYWORK_CHASSIS_CONTROL_SWITCH_GRAY_STATUS	705691688
Bodywork.BODYWORK_CHILD_CARE_FUNCTION_SWITCH_STATE	1226833938
Bodywork.BODYWORK_CLOSE_WINDOW_FOR_RAIN	1222639659
Bodywork.BODYWORK_CLOSE_WINDOW_FOR_RAIN_ONLINE	-924843989
Bodywork.BODYWORK_CLOSE_WINDOW_FOR_RAIN_SET	1125122102
Bodywork.BODYWORK_CLOUD_SERVICE_WAKEUP_GPS_SET	-1442839675
Bodywork.BODYWORK_CMD_55_ONLINE	89128960
Bodywork.BODYWORK_COMFORT_ANTI_DAZZLE_SWITCH_SIGNAL_SET	850616366
Bodywork.BODYWORK_CONTROL_SEAT_STATUS_SET	850554946
Bodywork.BODYWORK_CREW_ACTION_DETECTION_RESULT_SET	1226833940
Bodywork.BODYWORK_CREW_CHECK_RESULT_SET	1226833950
Bodywork.BODYWORK_CURRENT_POSITION_STATE	917504032
Bodywork.BODYWORK_DATA_FRAME_MONITOR	285282312
Bodywork.BODYWORK_DELETE_KEY_COMMAND_ENTIRE_FRAME_SET	1084846088
Bodywork.BODYWORK_DETACHABLE_PAD_REMAIN_STATUS	364904491
Bodywork.BODYWORK_DIBA_POP_UPS	917504028
Bodywork.BODYWORK_DISUS_ACCELERATION_DAMPING_PARAMETER	789598346
Bodywork.BODYWORK_DISUS_ACCELERATION_DAMPING_PARAMETER_SET	850591802
Bodywork.BODYWORK_DISUS_ACTIVE_FLANK_CONFIG	789598232
Bodywork.BODYWORK_DISUS_AIR_SPRING_CONFIG	789598229
Bodywork.BODYWORK_DISUS_APP_CONFIG_SIGNAL	277872680
Bodywork.BODYWORK_DISUS_APP_CONFIG_SIGNAL_hal_only	443547677
Bodywork.BODYWORK_DISUS_BRAKING_DAMPING_PARAMETER	789598353
Bodywork.BODYWORK_DISUS_BRAKING_DAMPING_PARAMETER_SET	850591809
Bodywork.BODYWORK_DISUS_CHASSIS_TUNING_MASTER_CONFIG	789598224
Bodywork.BODYWORK_DISUS_CHASSIS_TUNING_MASTER_EVALUATION_SWITCH	789598446
Bodywork.BODYWORK_DISUS_CHASSIS_TUNING_MASTER_EVALUATION_SWITCH_SET	850587672
Bodywork.BODYWORK_DISUS_CHASSIS_TUNING_MASTER_PARAMETER	789598257
Bodywork.BODYWORK_DISUS_CHASSIS_TUNING_MASTER_PARAMETER_GRAY	789598261
Bodywork.BODYWORK_DISUS_CHASSIS_TUNING_MASTER_PARAMETER_SET	850587668
Bodywork.BODYWORK_DISUS_CHASSIS_TUNING_MASTER_RESET_PARAMETER_SET	850587674
Bodywork.BODYWORK_DISUS_CHASSIS_TUNING_MASTER_SWITCH	789598255
Bodywork.BODYWORK_DISUS_CHASSIS_TUNING_MASTER_SWITCH_SET	850587666
Bodywork.BODYWORK_DISUS_COMPOSITE_EVALUATION_SCORE_DIFFERENCE_STATUS	789602355
Bodywork.BODYWORK_DISUS_COMPOSITE_EVALUATION_SCORE_STATUS	789598465
Bodywork.BODYWORK_DISUS_DAMPING_GRAY	789598660
Bodywork.BODYWORK_DISUS_ELECTRIC_SHOCK_ABSORBER_CONFIG	789598226
Bodywork.BODYWORK_DISUS_EVALUATION_EXIT_REASON_STATUS	789598453
Bodywork.BODYWORK_DISUS_EVALUATION_SCORE_PROGRESS_STATUS	789598458
Bodywork.BODYWORK_DISUS_FETCH_FUNCTION_MEMORY_SET	850432060
Bodywork.BODYWORK_DISUS_FLANKED_GRAY	789598663
Bodywork.BODYWORK_DISUS_FLANK_ROOL_ACCELERATION	789598403
Bodywork.BODYWORK_DISUS_FLANK_ROOL_ACCELERATION_SET	850587704
Bodywork.BODYWORK_DISUS_FLANK_VERTICAL_ACCELERATION	789598396
Bodywork.BODYWORK_DISUS_FLANK_VERTICAL_ACCELERATION_SET	850587689
Bodywork.BODYWORK_DISUS_FOLLOW_SPEED_FRONT_AXLE_DAMPING_PARAMETER1	789598262
Bodywork.BODYWORK_DISUS_FOLLOW_SPEED_FRONT_AXLE_DAMPING_PARAMETER1_SET	850591760
Bodywork.BODYWORK_DISUS_FOLLOW_SPEED_FRONT_AXLE_DAMPING_PARAMETER2	789598269
Bodywork.BODYWORK_DISUS_FOLLOW_SPEED_FRONT_AXLE_DAMPING_PARAMETER2_SET	850591767
Bodywork.BODYWORK_DISUS_FOLLOW_SPEED_FRONT_AXLE_DAMPING_PARAMETER3	789598276
Bodywork.BODYWORK_DISUS_FOLLOW_SPEED_FRONT_AXLE_DAMPING_PARAMETER3_SET	850591774
Bodywork.BODYWORK_DISUS_FOLLOW_SPEED_FRONT_AXLE_DAMPING_PARAMETER4	789598283
Bodywork.BODYWORK_DISUS_FOLLOW_SPEED_FRONT_AXLE_DAMPING_PARAMETER4_SET	850591781
Bodywork.BODYWORK_DISUS_FOLLOW_SPEED_FRONT_AXLE_DAMPING_PARAMETER5	789598290
Bodywork.BODYWORK_DISUS_FOLLOW_SPEED_FRONT_AXLE_DAMPING_PARAMETER5_SET	850591788
Bodywork.BODYWORK_DISUS_FOLLOW_SPEED_FRONT_AXLE_DAMPING_PARAMETER6	789598297
Bodywork.BODYWORK_DISUS_FOLLOW_SPEED_FRONT_AXLE_DAMPING_PARAMETER6_SET	850591795
Bodywork.BODYWORK_DISUS_FOLLOW_SPEED_REAR_AXLE_DAMPING_PARAMETER1	789598304
Bodywork.BODYWORK_DISUS_FOLLOW_SPEED_REAR_AXLE_DAMPING_PARAMETER1_SET	850595856
Bodywork.BODYWORK_DISUS_FOLLOW_SPEED_REAR_AXLE_DAMPING_PARAMETER2	789598311
Bodywork.BODYWORK_DISUS_FOLLOW_SPEED_REAR_AXLE_DAMPING_PARAMETER2_SET	850595863
Bodywork.BODYWORK_DISUS_FOLLOW_SPEED_REAR_AXLE_DAMPING_PARAMETER3	789598318
Bodywork.BODYWORK_DISUS_FOLLOW_SPEED_REAR_AXLE_DAMPING_PARAMETER3_SET	850595870
Bodywork.BODYWORK_DISUS_FOLLOW_SPEED_REAR_AXLE_DAMPING_PARAMETER4	789598325
Bodywork.BODYWORK_DISUS_FOLLOW_SPEED_REAR_AXLE_DAMPING_PARAMETER4_SET	850595877
Bodywork.BODYWORK_DISUS_FOLLOW_SPEED_REAR_AXLE_DAMPING_PARAMETER5	789598332
Bodywork.BODYWORK_DISUS_FOLLOW_SPEED_REAR_AXLE_DAMPING_PARAMETER5_SET	850595884
Bodywork.BODYWORK_DISUS_FOLLOW_SPEED_REAR_AXLE_DAMPING_PARAMETER6	789598339
Bodywork.BODYWORK_DISUS_FOLLOW_SPEED_REAR_AXLE_DAMPING_PARAMETER6_SET	850595891
Bodywork.BODYWORK_DISUS_FUNCTION_KEY	662700049
Bodywork.BODYWORK_DISUS_HEIGHT_ADAPTIVE_SPEED	789598367
Bodywork.BODYWORK_DISUS_HEIGHT_ADAPTIVE_SPEED_SET	850587696
Bodywork.BODYWORK_DISUS_HEIGHT_GRAY	789598662
Bodywork.BODYWORK_DISUS_HIGHT_SPEED_LOWER_LIMIT_STATUS	789598241
Bodywork.BODYWORK_DISUS_HIGHT_SPEED_UPPER_LIMIT_STATUS	789598248
Bodywork.BODYWORK_DISUS_HIGHT_TUNING_CONFIG	789598239
Bodywork.BODYWORK_DISUS_IMU_MAX_DIFFERENCE_PITCH_ANGLE	789598590
Bodywork.BODYWORK_DISUS_IMU_MAX_DIFFERENCE_PITCH_ANGLE_RATE	789598612
Bodywork.BODYWORK_DISUS_IMU_MAX_DIFFERENCE_ROLL_ANGLE	789598601
Bodywork.BODYWORK_DISUS_IMU_MAX_DIFFERENCE_ROLL_ANGLE_RATE	789598628
Bodywork.BODYWORK_DISUS_IMU_MAX_DIFFERENCE_VERTICAL_ACCELERATION	789598644
Bodywork.BODYWORK_DISUS_IMU_MAX_PITCH_ANGLE	789598475
Bodywork.BODYWORK_DISUS_IMU_MAX_PITCH_ANGLE_RATE	789598497
Bodywork.BODYWORK_DISUS_IMU_MAX_ROLL_ANGLE	789598486
Bodywork.BODYWORK_DISUS_IMU_MAX_ROLL_ANGLE_RATE	789598513
Bodywork.BODYWORK_DISUS_IMU_MAX_VERTICAL_ACCELERATION	789598529
Bodywork.BODYWORK_DISUS_IMU_PITCH_ANGLE_RATE	277872856
Bodywork.BODYWORK_DISUS_IMU_ROLL_ANGLE_RATE	277872840
Bodywork.BODYWORK_DISUS_INERTIAL_MEASURE_UNIT	277872824
Bodywork.BODYWORK_DISUS_LAST_TIME_PERFORMANCE_VALUE_RADAR_CHART1	789602320
Bodywork.BODYWORK_DISUS_LAST_TIME_PERFORMANCE_VALUE_RADAR_CHART2	789602327
Bodywork.BODYWORK_DISUS_LAST_TIME_PERFORMANCE_VALUE_RADAR_CHART3	789602334
Bodywork.BODYWORK_DISUS_LAST_TIME_PERFORMANCE_VALUE_RADAR_CHART4	789602341
Bodywork.BODYWORK_DISUS_LAST_TIME_PERFORMANCE_VALUE_RADAR_CHART5	789602348
Bodywork.BODYWORK_DISUS_PARAMETER_GROUP_RADAR_CHART1	789598411
Bodywork.BODYWORK_DISUS_PARAMETER_GROUP_RADAR_CHART2	789598418
Bodywork.BODYWORK_DISUS_PARAMETER_GROUP_RADAR_CHART3	789598425
Bodywork.BODYWORK_DISUS_PARAMETER_GROUP_RADAR_CHART4	789598432
Bodywork.BODYWORK_DISUS_PARAMETER_GROUP_RADAR_CHART5	789598439
Bodywork.BODYWORK_DISUS_PERFORMANCE_VALUE_RADAR_CHART1	789598545
Bodywork.BODYWORK_DISUS_PERFORMANCE_VALUE_RADAR_CHART2	789598552
Bodywork.BODYWORK_DISUS_PERFORMANCE_VALUE_RADAR_CHART3	789598559
Bodywork.BODYWORK_DISUS_PERFORMANCE_VALUE_RADAR_CHART4	789598566
Bodywork.BODYWORK_DISUS_PERFORMANCE_VALUE_RADAR_CHART5	789598573
Bodywork.BODYWORK_DISUS_SPEED_DAMPING_CONFIG	789598235
Bodywork.BODYWORK_DISUS_START_EVALUATION_GRAY	789598410
Bodywork.BODYWORK_DISUS_STIFFNESS_ACCELERATION_PITCH_SUPPRESSION_COEFFICIENT	789598375
Bodywork.BODYWORK_DISUS_STIFFNESS_ACCELERATION_PITCH_SUPPRESSION_COEFFICIENT_SET	850587711
Bodywork.BODYWORK_DISUS_STIFFNESS_BRAKE_PITCH_SUPPRESSION_COEFFICIENT	789598382
Bodywork.BODYWORK_DISUS_STIFFNESS_BRAKE_PITCH_SUPPRESSION_COEFFICIENT_SET	850587675
Bodywork.BODYWORK_DISUS_STIFFNESS_GRAY	789598661
Bodywork.BODYWORK_DISUS_STIFFNESS_TUNING_CONFIG	789598237
Bodywork.BODYWORK_DISUS_STIFFNESS_TURN_ROLL_SUPPRESSION_COEFFICIENT	789598389
Bodywork.BODYWORK_DISUS_STIFFNESS_TURN_ROLL_SUPPRESSION_COEFFICIENT_SET	850587682
Bodywork.BODYWORK_DISUS_TURNING_DAMPING_PARAMETER	789598360
Bodywork.BODYWORK_DISUS_TURNING_DAMPING_PARAMETER_SET	850595898
Bodywork.BODYWORK_DISUS_ULTRA_HIGH_PROMPT	629145882
Bodywork.BODYWORK_DISUS_ULTRA_HIGH_SWITCH_STATUS	629145878
Bodywork.BODYWORK_DISUS_ULTRA_HIGH_SWITCH_STATUS_SET	1324617788
Bodywork.BODYWORK_DISUS_ULTRA_LOW_PROMPT	629145884
Bodywork.BODYWORK_DISUS_ULTRA_LOW_SWITCH_STATUS	629145880
Bodywork.BODYWORK_DISUS_ULTRA_LOW_SWITCH_STATUS_SET	1324617790
Bodywork.BODYWORK_DISUS_UNAVAILABLE_REASON_STATUS	789598448
Bodywork.BODYWORK_DMS_LIFTING_MACHANISM_UP_DOWN_SET	784334870
Bodywork.BODYWORK_DMS_LIFTING_MECHANISM_POSITION	413138952
Bodywork.BODYWORK_DMS_LIFTING_MECHANISM_SYSTEM_STATE	413138954
Bodywork.BODYWORK_DOUBLE_CILCK_UNLOCK_DOOR	957350162
Bodywork.BODYWORK_DOUBLE_CILCK_UNLOCK_DOOR_SET	1276198962
Bodywork.BODYWORK_DOWN_SHIFT_PROMPTS	653262894
Bodywork.BODYWORK_DRIVER_EYEBROW_HORIZONTAL_SIGNAL_SET	834666800
Bodywork.BODYWORK_DRIVER_EYEBROW_ORDINATE_SIGNAL_SET	834666816
Bodywork.BODYWORK_DRIVER_EYEBROW_Z_COORDINATE_SIGNAL_SET	834666832
Bodywork.BODYWORK_DRIVER_LEFT_EYE_HORIZONTAL_SIGNAL_SET	834666848
Bodywork.BODYWORK_DRIVER_LEFT_EYE_ORDINATE_SIGNAL_SET	834666864
Bodywork.BODYWORK_DRIVER_LEFT_EYE_Z_COORDINATE_SIGNAL_SET	834666880
Bodywork.BODYWORK_DRIVER_MODE_KEY	662700071
Bodywork.BODYWORK_DRIVER_RIGHT_EYE_HORIZONTAL_SIGNAL_SET	834666896
Bodywork.BODYWORK_DRIVER_RIGHT_EYE_ORDINATE_SIGNAL_SET	834666912
Bodywork.BODYWORK_DRIVER_RIGHT_EYE_Z_COORDINATE_SIGNAL_SET	834666928
Bodywork.BODYWORK_DRIVER_SEAT_EXECUTION_RESULT_FEEDBACK	715145232
Bodywork.BODYWORK_DRIVER_VOICE_ADJUSTMENT_SIGN_FEEDBACK_2AA	715141150
Bodywork.BODYWORK_DRIVER_VOICE_ADJUSTMENT_SIGN_FEEDBACK_2E4_hal_only	775974958
Bodywork.BODYWORK_DRIVER_VOICE_ADJUSTMENT_SIGN_FEEDBACK_306_hal_only	811614240
Bodywork.BODYWORK_DRIVER_VOICE_ADJUSTMENT_SIGN_FEEDBACK_349_hal_only	881889318
Bodywork.BODYWORK_DYNA_REWORKABLE_SET	-1442840205
Bodywork.BODYWORK_DYNA_REWORK_STATE	-1728052880
Bodywork.BODYWORK_ECO_MODE_CONFIGURATION	789594228
Bodywork.BODYWORK_ECO_MODE_STATUS	789594230
Bodywork.BODYWORK_ECO_MODE_SWITCH_SET	850485304
Bodywork.BODYWORK_ECT_SELFCHECK_BLUETOOTH_CHIP_DETAILS	1080037396
Bodywork.BODYWORK_ECT_SELFCHECK_DSRC_CHIP_DETAILS	1080037398
Bodywork.BODYWORK_ECT_SELFCHECK_EASM_CHIP_DETAILS	1080037394
Bodywork.BODYWORK_ECT_SELFCHECK_STATUS	1080037392
Bodywork.BODYWORK_ELECTRIC_DOOR_CONFIG	957350048
Bodywork.BODYWORK_ELECTRIC_PEDAL_CONFIG	1284505759
Bodywork.BODYWORK_ELECTRIC_PEDAL_FUNCTION_SWITCH_STATUS	1284505750
Bodywork.BODYWORK_ELECTRIC_PEDAL_FUNCTION_SWITCH_STATUS_SET	1276194872
Bodywork.BODYWORK_ELECTRIC_PEDAL_MODE_STATUS	1284505824
Bodywork.BODYWORK_ELECTRIC_PEDAL_MODE_STATUS_SET	1276194884
Bodywork.BODYWORK_ELECTRIC_PEDAL_OFFLOAD_MODE_STATUS	1284505757
Bodywork.BODYWORK_ELECTRIC_PEDAL_OFFLOAD_MODE_STATUS_SET	1276194878
Bodywork.BODYWORK_ELECTRIC_PEDAL_REPAIR_MODE_STATUS	1284505755
Bodywork.BODYWORK_ELECTRIC_PEDAL_REPAIR_MODE_STATUS_SET	1276194876
Bodywork.BODYWORK_ELECTRIC_PEDAL_ROOF_MODE_STATUS	1284505753
Bodywork.BODYWORK_ELECTRIC_PEDAL_ROOF_MODE_STATUS_SET	1276194874
Bodywork.BODYWORK_ELECTRIC_PEDAL_WASH_MODE_FEEDBACK	1284505826
Bodywork.BODYWORK_ELEC_BACKDOOR_MULT_SOFT_KEY_CONTRAL_SET	503316520
Bodywork.BODYWORK_ELEC_SLIDE_ONLINE	-887095278
Bodywork.BODYWORK_ELEC_SLIDE_STATE	1260388370
Bodywork.BODYWORK_ELEC_SLIDE_STATE_SET	1312817213
Bodywork.BODYWORK_EMERGENCY_ALARM_STATE	692060190
Bodywork.BODYWORK_EMERGENCY_ALARM_STATE_SIGN	692060183
Bodywork.BODYWORK_EMERGENCY_FLOAT_REMAINING_TIME	513807440
Bodywork.BODYWORK_ETC_BLUETOOTH_STATUS	1080037408
Bodywork.BODYWORK_ETC_BLUETOOTH_SUPPLIER_FIRST_ABBR_NUM	1080037416
Bodywork.BODYWORK_ETC_BLUETOOTH_SUPPLIER_SECOND_ABBR_NUM	1080037424
Bodywork.BODYWORK_ETC_BLUETOOTH_SUPPLIER_THIRD_ABBR_NUM	1080037432
Bodywork.BODYWORK_ETC_BLUETOOTH_SWITCH_REQ_SET	850460690
Bodywork.BODYWORK_ETC_CARD_NUM	-1728052648
Bodywork.BODYWORK_ETC_CONFIG_INFO	1080037410
Bodywork.BODYWORK_ETC_INLET_OUTLET_STATUS	1080037412
Bodywork.BODYWORK_ETC_SN_NUM	-1728052649
Bodywork.BODYWORK_ETC_SWITCH_CONTROL_SET	850460688
Bodywork.BODYWORK_ETC_SWITCH_STATUS	1080037402
Bodywork.BODYWORK_ETC_SYSTEM_ACTIVATION_STATUS	1080037406
Bodywork.BODYWORK_ETC_TAMPER_RANDOM_NUM	636485640
Bodywork.BODYWORK_ETC_TAMPER_RANDOM_NUM_SET	564133896
Bodywork.BODYWORK_ETC_TAMPER_STATUS	1080037400
Bodywork.BODYWORK_ETC_TRADING_FLAG	1080033520
Bodywork.BODYWORK_ETC_TRADING_INLET_OUTLET	797966376
Bodywork.BODYWORK_ETC_TRADING_STATUS	797966380
Bodywork.BODYWORK_ETC_TRANSACTION_AMOUNT	797966344
Bodywork.BODYWORK_ETC_VOLTAGE_STATUS	1080037404
Bodywork.BODYWORK_FOUR_DOOR_SET	1276141590
Bodywork.BODYWORK_FOUR_DOOR_SET_RSE_hal_only	412229648
Bodywork.BODYWORK_FOUR_PEOPLE_ENJOY_CONFIG	1131413555
Bodywork.BODYWORK_FOUR_PEOPLE_ENJOY_CONFIG_hal_only	377495568
Bodywork.BODYWORK_FRAME_LOSS_MSG_MONITOR	285544456
Bodywork.BODYWORK_FRIDGE_CONFIG	917504021
Bodywork.BODYWORK_FRIDGE_DISINFECT_STATE	917504019
Bodywork.BODYWORK_FRIDGE_DISINFECT_STATE_SET	1276182548
Bodywork.BODYWORK_FRIDGE_DOOR_SEATE	917504024
Bodywork.BODYWORK_FRIDGE_FAULT_REASON	917504016
Bodywork.BODYWORK_FRIDGE_POWER_OFF_MEMORY	917504012
Bodywork.BODYWORK_FRIDGE_POWER_OFF_MEMORY_SET	1276182544
Bodywork.BODYWORK_FRIDGE_WORK_STATE	917504014
Bodywork.BODYWORK_FRIDGE_WORK_STATE_SET	1276182546
Bodywork.BODYWORK_FRONT_DOOR_STATUS_FLAG	692060182
Bodywork.BODYWORK_FRONT_HATCH_CONFIG	1156579354
Bodywork.BODYWORK_FRONT_HATCH_CURRENT_POSITION	1156579344
Bodywork.BODYWORK_FRONT_HATCH_HEIGHT_FEEDBACK	1156579336
Bodywork.BODYWORK_FRONT_HATCH_HEIGHT_SET	1276182552
Bodywork.BODYWORK_FRONT_HATCH_INIT_STATUS	1156579386
Bodywork.BODYWORK_FRONT_HATCH_MENTION_USER_CONFIRMATION_SET	1276313616
Bodywork.BODYWORK_FRONT_HATCH_OPEN_POSITION_PERCENT	1156579368
Bodywork.BODYWORK_FRONT_HATCH_OPEN_POSITION_PERCENT_SET	1276182568
Bodywork.BODYWORK_FRONT_HATCH_POPUP_REMIND	1156579376
Bodywork.BODYWORK_FRONT_HATCH_REMOTE_CONTROL_FAIL_REASON	1156579365
Bodywork.BODYWORK_FRONT_SUNSHADE_THERMAL_PROTECTION	1101004857
Bodywork.BODYWORK_FSE_EXECUTION_RESULT_FEEDBACK	811610168
Bodywork.BODYWORK_FSE_LARGE_BED_MODE_CONFIGURATION	377495578
Bodywork.BODYWORK_FSE_LARGE_BED_MODE_CONFIGURATION_hal_only	811601984
Bodywork.BODYWORK_FSE_LARGE_BED_SET	1276157984
Bodywork.BODYWORK_FSE_PASSENGER_ZERO_GRAVITY_WAKEUP_COMMAND_SET_hal_only	232331
Bodywork.BODYWORK_FSE_SEAT_SYSTEM_WORK_MODE	377491480
Bodywork.BODYWORK_FSE_SEAT_SYSTEM_WORK_MODE_306	811601980
Bodywork.BODYWORK_FSE_VIEW_CONFIG_FEEDBACK_306	811601990
Bodywork.BODYWORK_FSE_VOICE_ADJUSTMENT_SIGN_FEEDBACK_2FF_hal_only	804261940
Bodywork.BODYWORK_FSE_VOICE_ADJUSTMENT_SIGN_FEEDBACK_306	811614242
Bodywork.BODYWORK_FSE_VOICE_ADJUSTMENT_SIGN_FEEDBACK_349_hal_only	881889326
Bodywork.BODYWORK_FUEL_ELEC_LOW_POWER	89128990
Bodywork.BODYWORK_FUEL_TANK_CAP	1336934422
Bodywork.BODYWORK_GEAR_FLASH_STATUS_ARHUD	653262900
Bodywork.BODYWORK_GESTURE_CONTROL_SWITCH_STATE	1226833930
Bodywork.BODYWORK_GESTURE_RECOGNITION_RESULT_SET	1226833945
Bodywork.BODYWORK_GRASS_TAB_CONFIG	341835828
Bodywork.BODYWORK_GROUND_CLEARANCE	277872946
Bodywork.BODYWORK_GROUND_CLEARANCE_hal_only	451936302
Bodywork.BODYWORK_HAS_WIPER_CONFIG	321912855
Bodywork.BODYWORK_HIGHSPEED_AUTOMATIC_WINDOW_CLOSING	1222639678
Bodywork.BODYWORK_HIGHSPEED_AUTOMATIC_WINDOW_CLOSING_SET	1138753606
Bodywork.BODYWORK_HIGHSPEED_SKYLIGHT_CONTROL_ALARM	1101004860
Bodywork.BODYWORK_HOOD	692060188
Bodywork.BODYWORK_HUD_CAR_TYPE	806355016
Bodywork.BODYWORK_INCAR_SENSING_SWITCH_STATUS_SET	1226833939
Bodywork.BODYWORK_KEY_DEFINITION_FRONT_SET	1084842024
Bodywork.BODYWORK_KEY_DEFINITION_REAR_SET	1084850192
Bodywork.BODYWORK_KEY_OPERATION_TYPE_LSB	432263184
Bodywork.BODYWORK_KEY_OPERATION_TYPE_MSB	432259088
Bodywork.BODYWORK_KEY_TYPE_SET	1084842016
Bodywork.BODYWORK_KICK_DOOR_SENSE_CONFIG	654311463
Bodywork.BODYWORK_KNOCK_UNLOCK_DOOR	957350166
Bodywork.BODYWORK_KNOCK_UNLOCK_DOOR_SET	1276268560
Bodywork.BODYWORK_LARGE_BED_MODE_SET	1276157982
Bodywork.BODYWORK_LECTRIC_DOOR_MANUAL_MODE	957350164
Bodywork.BODYWORK_LECTRIC_DOOR_PARK_REMIND	957350168
Bodywork.BODYWORK_LEFT_ARMREST_NAP_MODE_ALARM	797020184
Bodywork.BODYWORK_LEFT_ARMREST_NAP_MODE_ALARM_hal_only	801214488
Bodywork.BODYWORK_LEFT_ARMREST_NAP_MODE_SEAT	797020194
Bodywork.BODYWORK_LEFT_ARMREST_NAP_MODE_SEAT_hal_only	801214498
Bodywork.BODYWORK_LEFT_ARMREST_NAP_MODE_SWITCH	797020192
Bodywork.BODYWORK_LEFT_ARMREST_NAP_MODE_SWITCH_hal_only	801214496
Bodywork.BODYWORK_LEFT_ARMREST_NAP_MODE_THEME	797020178
Bodywork.BODYWORK_LEFT_ARMREST_NAP_MODE_THEME_hal_only	801214482
Bodywork.BODYWORK_LEFT_ELEC_SLIDE_ONLINE	-888143854
Bodywork.BODYWORK_LEFT_ELEC_SLIDE_STATE	1259339794
Bodywork.BODYWORK_LEFT_ELEC_SLIDE_STATE_ONLINE	-888143854
Bodywork.BODYWORK_LEFT_FRONT_DOOR_CONFIG	298273
Bodywork.BODYWORK_LEFT_FRONT_DOOR_HANDLE_EXTERNAL_SWITCH_SIGNAL	962592789
Bodywork.BODYWORK_LEFT_FRONT_DOOR_HANDLE_INTERNAL_SWITCH_SIGNAL	962592788
Bodywork.BODYWORK_LEFT_FRONT_WINDOW	947912760
Bodywork.BODYWORK_LEFT_FRONT_WINDOW_CURRENT_STATE	1222639653
Bodywork.BODYWORK_LEFT_FRONT_WINDOW_PERMIT	1222639670
Bodywork.BODYWORK_LEFT_FRONT_WINDOW_THERMAL_PROTECTION	1222639646
Bodywork.BODYWORK_LEFT_HAND_FRONT_DOOR	692060168
Bodywork.BODYWORK_LEFT_HAND_REAR_DOOR	692060172
Bodywork.BODYWORK_LEFT_REAR_DOOR_CONFIG	957350052
Bodywork.BODYWORK_LEFT_REAR_DOOR_HANDLE_EXTERNAL_SWITCH_SIGNAL	962592791
Bodywork.BODYWORK_LEFT_REAR_DOOR_HANDLE_INTERNAL_SWITCH_SIGNAL	962592790
Bodywork.BODYWORK_LEFT_REAR_HANDRAIL_HEAT_LEVEL	1159725252
Bodywork.BODYWORK_LEFT_REAR_HANDRAIL_HEAT_LEVEL_29E_hal_only	702545984
Bodywork.BODYWORK_LEFT_REAR_HANDRAIL_HEAT_LEVEL_SET	1324638260
Bodywork.BODYWORK_LEFT_REAR_HANDRAIL_HEAT_LEVEL_SET_RCS_hal_only	589369364
Bodywork.BODYWORK_LEFT_REAR_HANDRAIL_HEAT_LEVEL_SET_RSE_hal_only	412192788
Bodywork.BODYWORK_LEFT_REAR_HANDRAIL_HEAT_MODE	1159725250
Bodywork.BODYWORK_LEFT_REAR_HANDRAIL_HEAT_MODE_29E_hal_only	702545982
Bodywork.BODYWORK_LEFT_REAR_HANDRAIL_HEAT_MODE_SET	1324638258
Bodywork.BODYWORK_LEFT_REAR_HANDRAIL_HEAT_MODE_SET_RCS_hal_only	589369362
Bodywork.BODYWORK_LEFT_REAR_HANDRAIL_HEAT_MODE_SET_RSE_hal_only	412192786
Bodywork.BODYWORK_LEFT_REAR_HANDRAIL_HEAT_START	1159725248
Bodywork.BODYWORK_LEFT_REAR_HANDRAIL_HEAT_START_29E_hal_only	702545980
Bodywork.BODYWORK_LEFT_REAR_HANDRAIL_HEAT_START_SET	1324638256
Bodywork.BODYWORK_LEFT_REAR_HANDRAIL_HEAT_START_SET_RCS_hal_only	589369360
Bodywork.BODYWORK_LEFT_REAR_HANDRAIL_HEAT_START_SET_RSE_hal_only	412192784
Bodywork.BODYWORK_LEFT_REAR_MASSAGE_SWITCH_OPERATION_MODE	1261437424
Bodywork.BODYWORK_LEFT_REAR_MASSAGE_SWITCH_OPERATION_MODE_SECOND_hal_only	1261437392
Bodywork.BODYWORK_LEFT_REAR_MASSAGE_SWITCH_OPERATION_MODE_UCU_hal_only	1310720064
Bodywork.BODYWORK_LEFT_REAR_MASSAGE_SWITCH_OPERATION_MODE_hal_only	702545970
Bodywork.BODYWORK_LEFT_REAR_SEAT_ACTIVE_FLANK_ADJUST	1310720050
Bodywork.BODYWORK_LEFT_REAR_SEAT_ACTIVE_FLANK_ADJUST_SET	850448440
Bodywork.BODYWORK_LEFT_REAR_SEAT_ACTIVE_FLANK_CONFIG	1310720030
Bodywork.BODYWORK_LEFT_REAR_SEAT_BACKBRACE_ADJUST_SET	1276190768
Bodywork.BODYWORK_LEFT_REAR_SEAT_BACKBRACE_ADJUST_SET_RCS_hal_only	589303824
Bodywork.BODYWORK_LEFT_REAR_SEAT_BACKBRACE_ADJUST_SET_RSE_hal_only	412192824
Bodywork.BODYWORK_LEFT_REAR_SEAT_BACKBRACE_CONFIG	1261437380
Bodywork.BODYWORK_LEFT_REAR_SEAT_BACKBRACE_CONFIG_4E2_hal_only	1310720031
Bodywork.BODYWORK_LEFT_REAR_SEAT_NECKBRACE_CONFIG	1261437382
Bodywork.BODYWORK_LEFT_REAR_SEAT_NECKBRACE_CONFIG_4E2_hal_only	1310720033
Bodywork.BODYWORK_LEFT_REAR_SEAT_NECKBRACK_ADJUST_SET	850448419
Bodywork.BODYWORK_LEFT_REAR_SEAT_NECKBRACK_ADJUST_SET_RCS_hal_only	796921912
Bodywork.BODYWORK_LEFT_REAR_SEAT_NECKBRACK_ADJUST_SET_RSE_hal_only	412192811
Bodywork.BODYWORK_LEFT_REAR_SEAT_SHOULDERBRACE_ADJUST_SET	850448416
Bodywork.BODYWORK_LEFT_REAR_SEAT_SHOULDERBRACE_ADJUST_SET_RCS_hal_only	796921909
Bodywork.BODYWORK_LEFT_REAR_SEAT_SHOULDERBRACE_ADJUST_SET_RSE_hal_only	412192808
Bodywork.BODYWORK_LEFT_REAR_SEAT_SHOULDERBRACE_CONFIG	1261437381
Bodywork.BODYWORK_LEFT_REAR_SEAT_SHOULDERBRACE_CONFIG_4E2_hal_only	1310720032
Bodywork.BODYWORK_LEFT_REAR_SEAT_SYSTEM_OPERATION_MODE	902852664
Bodywork.BODYWORK_LEFT_REAR_WINDOW	947912762
Bodywork.BODYWORK_LEFT_REAR_WINDOW_CURRENT_STATE	1222639656
Bodywork.BODYWORK_LEFT_REAR_WINDOW_THERMAL_PROTECTION	1222639647
Bodywork.BODYWORK_LEFT_ROW2_HAS_PERSON	1075839037
Bodywork.BODYWORK_LEFT_SEAT_RAILS_ROW3_FEEDBACK_POSITION	881864738
Bodywork.BODYWORK_LEFT_SEAT_ROW3_NON_ELECTRICALLY_ADJUSTABLE	881864722
Bodywork.BODYWORK_LEFT_SEAT_ROW3_NON_ELECTRICALLY_ADJUSTABLE_hal_only	446701592
Bodywork.BODYWORK_LEFT_SLIDE_ACTION	1259339798
Bodywork.BODYWORK_LEFT_SLIDE_ACTION_ONLINE	-888143850
Bodywork.BODYWORK_LEFT_SLIDE_CHILDREN_LOCK_STATE	1259339810
Bodywork.BODYWORK_LEFT_SLIDE_PERCENT	1259339800
Bodywork.BODYWORK_LEFT_SLIDE_STATE	1259339792
Bodywork.BODYWORK_LEFT_SLIDING_DOOR_ANTI_PLAY_MODE	1259339815
Bodywork.BODYWORK_LEFT_STRUT_MOTOR_CURRENT_STATUS	1156579346
Bodywork.BODYWORK_LEFT_STRUT_MOTOR_RUNNING_STATUS	1074790418
Bodywork.BODYWORK_LEFT_TURN_LIGHT_COPY_SET	1139867699
Bodywork.BODYWORK_LEFT_TURN_LIGHT_COUNTDOWN_SECONDS_SET	1139863600
Bodywork.BODYWORK_LEFT_TURN_LIGHT_STATE_SET	1139867696
Bodywork.BODYWORK_LEFT_VOICE_BROADCAST_REQUEST	1259339808
Bodywork.BODYWORK_LEOPARD_TURN_CONFIG_146	341835821
Bodywork.BODYWORK_LEOPARD_TURN_CONFIG_28A	681574914
Bodywork.BODYWORK_LEOPARD_TURN_CONFIG_2A5	709886122
Bodywork.BODYWORK_LEOPARD_TURN_HIGH_ATTACHMENT_APP_SCENE_CONFIG	681574635
Bodywork.BODYWORK_LEOPARD_TURN_LOW_ATTACHMENT_APP_SCENE_CONFIG	681574633
Bodywork.BODYWORK_LEOPARD_TURN_MID_ATTACHMENT_APP_SCENE_CONFIG	681574634
Bodywork.BODYWORK_LF_DOOR_HANDLE_FRETTING_SIGNAL	697303062
Bodywork.BODYWORK_LF_DOOR_STATUS_FLAG	692060176
Bodywork.BODYWORK_LF_ELECTRIC_DOOR_ACTUATOR_STATUS	957350169
Bodywork.BODYWORK_LF_ELECTRIC_DOOR_CURRENT_POSITION	957350000
Bodywork.BODYWORK_LF_ELECTRIC_DOOR_INIT_STATUS	957349960
Bodywork.BODYWORK_LF_ELECTRIC_DOOR_OBSTACLE	957350024
Bodywork.BODYWORK_LF_ELECTRIC_DOOR_OPEN_ANGLE_SET	1276211216
Bodywork.BODYWORK_LF_ELECTRIC_DOOR_POSITION	957349896
Bodywork.BODYWORK_LF_ELECTRIC_DOOR_PREVENT_PLAY_STATUS	957350008
Bodywork.BODYWORK_LF_ELECTRIC_DOOR_SET	1276178480
Bodywork.BODYWORK_LF_ELECTRIC_DOOR_SUCTION_ACTUATOR_STATUS	957350080
Bodywork.BODYWORK_LF_SEAT_LEG_REST_UNINITIALIZED	1291845643
Bodywork.BODYWORK_LF_SEAT_LHEADREST_HEIGHT_UNINITIALIZED	1291845644
Bodywork.BODYWORK_LF_SEAT_LHEADREST_HORIZONTAL_UNINITIALIZED	1291845645
Bodywork.BODYWORK_LF_WINDOW_CTRL_SET	1125122104
Bodywork.BODYWORK_LF_WINDOW_CTRL_SET_FSE_hal_only	459280416
Bodywork.BODYWORK_LF_WINDOW_CTRL_SET_RSE_hal_only	412229650
Bodywork.BODYWORK_LF_WINDOW_INIT	1222639632
Bodywork.BODYWORK_LF_WINDOW_TARGET_POSITION_SET	1276219408
Bodywork.BODYWORK_LNVOKE_LEGACY_DETECTION_MODE	1226833936
Bodywork.BODYWORK_LRSE_SECOND_ROW_SEAT_LEFT_BACKREST_POSITION_SET_hal_only	412225560
Bodywork.BODYWORK_LRSE_SECOND_ROW_SEAT_LEFT_BIDET_POSITION_SET_hal_only	412225584
Bodywork.BODYWORK_LRSE_SECOND_ROW_SEAT_LEFT_HEADREST_HEIGHT_POSITION_SET_hal_only	412225600
Bodywork.BODYWORK_LRSE_SECOND_ROW_SEAT_LEFT_HEADREST_HORIZONTAL_POSITION_SET_hal_only	412225592
Bodywork.BODYWORK_LRSE_SECOND_ROW_SEAT_LEFT_HEIGHT_POSITION_SET_hal_only	412225576
Bodywork.BODYWORK_LRSE_SECOND_ROW_SEAT_LEFT_HORIZONTAL_POSITION_SET_hal_only	412225552
Bodywork.BODYWORK_LRSE_SECOND_ROW_SEAT_LEFT_LEGHOLDER_POSITION_SET_hal_only	412225568
Bodywork.BODYWORK_LR_DOOR_LOCK_STATUS	1081081868
Bodywork.BODYWORK_LR_DOOR_STATUS_FLAG	692060178
Bodywork.BODYWORK_LR_ELECTRIC_DOOR_ACTUATOR_STATUS	957350176
Bodywork.BODYWORK_LR_ELECTRIC_DOOR_CURRENT_POSITION	957350004
Bodywork.BODYWORK_LR_ELECTRIC_DOOR_INIT_STATUS	957349964
Bodywork.BODYWORK_LR_ELECTRIC_DOOR_OBSTACLE	957350028
Bodywork.BODYWORK_LR_ELECTRIC_DOOR_OPEN_ANGLE_SET	1276211232
Bodywork.BODYWORK_LR_ELECTRIC_DOOR_POSITION	957349912
Bodywork.BODYWORK_LR_ELECTRIC_DOOR_PREVENT_PLAY_STATUS	957350010
Bodywork.BODYWORK_LR_ELECTRIC_DOOR_SET	1276178488
Bodywork.BODYWORK_LR_ELECTRIC_DOOR_SUCTION_ACTUATOR_STATUS	957350084
Bodywork.BODYWORK_LR_SEAT_BACKREST_POSITION	1216348176
Bodywork.BODYWORK_LR_SEAT_BIDET_POSITION	1216348192
Bodywork.BODYWORK_LR_SEAT_HEADREST_HEIGHT_POSITION	1216348216
Bodywork.BODYWORK_LR_SEAT_HEADREST_HORIZONTAL_POSITION	1216348208
Bodywork.BODYWORK_LR_SEAT_HEIGHT_POSITION	1216348184
Bodywork.BODYWORK_LR_SEAT_HORIZONTAL_POSITION	1216348168
Bodywork.BODYWORK_LR_SEAT_IN_AND_OUT_CONFIGURATION	902840384
Bodywork.BODYWORK_LR_SEAT_LEG_REST_POSITION	1216348200
Bodywork.BODYWORK_LR_SEAT_TRANSVERSE_POSITION	902828072
Bodywork.BODYWORK_LR_VOICE_ADJUSTMENT_SIGN_FEEDBACK_349	881889344
Bodywork.BODYWORK_LR_VOICE_ADJUSTMENT_SIGN_FEEDBACK_35D_hal_only	902840350
Bodywork.BODYWORK_LR_WINDOW_CTRL_SET	1125122112
Bodywork.BODYWORK_LR_WINDOW_CTRL_SET_FSE_hal_only	459280424
Bodywork.BODYWORK_LR_WINDOW_CTRL_SET_RSE_hal_only	412229656
Bodywork.BODYWORK_LR_WINDOW_INIT	1222639634
Bodywork.BODYWORK_LR_WINDOW_SUNSHADE_CONTROL_SET	1276207172
Bodywork.BODYWORK_LR_WINDOW_SUNSHADE_CONTROL_SET_hal_only	589312038
Bodywork.BODYWORK_LR_WINDOW_TARGET_POSITION_SET	1276219416
Bodywork.BODYWORK_LR_WINDOW_TARGET_POSITION_SET_RSE_hal_only	412229664
Bodywork.BODYWORK_LUGGAGE_DOOR	692060186
Bodywork.BODYWORK_LUGGAGE_SETTING_SET	1276141592
Bodywork.BODYWORK_L_ELEC_SLIDE_STATE_SET	1312817200
Bodywork.BODYWORK_MAIN_DRIVER_CUSHION_FLANK_CONFIG	775950396
Bodywork.BODYWORK_MAIN_DRIVER_FLANK_SERVO_CONFIG	1261437404
Bodywork.BODYWORK_MAIN_DRIVER_FLANK_SERVO_CONFIG_3CE_hal_only	1021313093
Bodywork.BODYWORK_MAIN_DRIVER_HANDRAIL_HEAT_LEVEL	702545956
Bodywork.BODYWORK_MAIN_DRIVER_HANDRAIL_HEAT_LEVEL_SET	1324638228
Bodywork.BODYWORK_MAIN_DRIVER_HANDRAIL_HEAT_MODE	702545954
Bodywork.BODYWORK_MAIN_DRIVER_HANDRAIL_HEAT_MODE_SET	1324638226
Bodywork.BODYWORK_MAIN_DRIVER_HANDRAIL_HEAT_START	702545952
Bodywork.BODYWORK_MAIN_DRIVER_HANDRAIL_HEAT_START_SET	1324638224
Bodywork.BODYWORK_MAIN_DRIVER_HEADREST_STATUS	775970876
Bodywork.BODYWORK_MAIN_DRIVER_HEADREST_STATUS_hal_only	715141180
Bodywork.BODYWORK_MAIN_DRIVER_LIE_FLAT_MODE_SET	1324421162
Bodywork.BODYWORK_MAIN_DRIVER_MASSAGE_SWITCH_OPERATION_MODE	1261437420
Bodywork.BODYWORK_MAIN_DRIVER_MASSAGE_SWITCH_OPERATION_MODE_SECOND_hal_only	1261437388
Bodywork.BODYWORK_MAIN_DRIVER_MASSAGE_SWITCH_OPERATION_MODE_UCU_hal_only	1021313088
Bodywork.BODYWORK_MAIN_DRIVER_SEAT_BACKBRACE_ADJUST_SET	1276137528
Bodywork.BODYWORK_MAIN_DRIVER_SEAT_BACKBRACE_CONFIG	1261437372
Bodywork.BODYWORK_MAIN_DRIVER_SEAT_BACKBRACE_CONFIG_3CE_hal_only	1021313055
Bodywork.BODYWORK_MAIN_DRIVER_SEAT_NECKBRACE_ADJUST_SET	850448405
Bodywork.BODYWORK_MAIN_DRIVER_SEAT_NECKBRACE_CONFIG	1261437374
Bodywork.BODYWORK_MAIN_DRIVER_SEAT_NECKBRACE_CONFIG_3CE_hal_only	1021313057
Bodywork.BODYWORK_MAIN_DRIVER_SEAT_SHOULDERBRACE_ADJUST_SET	850448402
Bodywork.BODYWORK_MAIN_DRIVER_SEAT_SHOULDERBRACE_CONFIG	1261437373
Bodywork.BODYWORK_MAIN_DRIVER_SEAT_SHOULDERBRACE_CONFIG_3CE_hal_only	1021313056
Bodywork.BODYWORK_MAIN_DRIVER_SYSTEM_WORKING_MODE	775966788
Bodywork.BODYWORK_MAIN_DRIVER_SYSTEM_WORKING_MODE_2AA	715145240
Bodywork.BODYWORK_MAIN_DRIVER_ZERO_GRAVITY_COMMAND_SET	1276248125
Bodywork.BODYWORK_MAIN_DRIVER_ZERO_GRAVITY_CONFIG	988807235
Bodywork.BODYWORK_MAIN_DRIVER_ZERO_GRAVITY_MEMORY_FLAG	988807237
Bodywork.BODYWORK_MAIN_DRIVER_ZERO_GRAVITY_STATUS	775966744
Bodywork.BODYWORK_MAIN_DRIVER_ZERO_GRAVITY_WAKEUP_COMMAND_SET	1276248128
Bodywork.BODYWORK_MAIN_DRIVER_ZERO_GRAVITY_WAKEUP_STATUS	775950392
Bodywork.BODYWORK_MAIN_DRIVE_BACKREST_TABLE_POSITION_FEEDBACK	775966738
Bodywork.BODYWORK_MAIN_DRIVE_ONE_KEY_FLAT_LYING_CONFIGURATION	715141146
Bodywork.BODYWORK_MASSAGE_PHYSICAL_BUTTONS_CONFIG_2E4_hal_only	775966748
Bodywork.BODYWORK_MASSAGE_PHYSICAL_BUTTONS_CONFIG_2FF_hal_only	804278331
Bodywork.BODYWORK_MASSAGE_PHYSICAL_BUTTONS_CONFIG_35D_hal_only	902832192
Bodywork.BODYWORK_MASSAGE_PHYSICAL_BUTTONS_CONFIG_363_hal_only	909123648
Bodywork.BODYWORK_MIDDLE_RIGHT_SEAT_WELCOME_FUNCTION_CONFIG_SET	1276248116
Bodywork.BODYWORK_MOON_ROOF	1101004828
Bodywork.BODYWORK_MOON_ROOF_CONFIG	1101004844
Bodywork.BODYWORK_MOON_ROOF_CONFIG_hal_only	1101004867
Bodywork.BODYWORK_MOON_ROOF_CTL_SET	1125122056
Bodywork.BODYWORK_MOON_ROOF_ONLINE	1101004844
Bodywork.BODYWORK_MOON_ROOF_OPEN_PERCENT	1101004808
Bodywork.BODYWORK_MOON_ROOF_OPEN_PERCENT_SET	1330642976
Bodywork.BODYWORK_MOON_ROOF_PERCENT_CONTROL_FLAG	1101004864
Bodywork.BODYWORK_MUD_TAB_CONFIG	341835826
Bodywork.BODYWORK_MULTIMEDIA_KEY	1249906704
Bodywork.BODYWORK_NAVIGATION_FIRST_INTERSECTION_ARROW_ANIMATION_SET	1139847192
Bodywork.BODYWORK_NAVIGATION_FIRST_INTERSECTION_COUNTDOWN_SECONDS_SET	1139855408
Bodywork.BODYWORK_NAVIGATION_FIRST_INTERSECTION_CURRENT_LIGHT_STATE_SET	1139847186
Bodywork.BODYWORK_NAVIGATION_FIRST_INTERSECTION_LIGHT_ANIMATION_SET	1139847195
Bodywork.BODYWORK_NAVIGATION_FIRST_INTERSECTION_TRAFFIC_ARROW_DIRECTION_SET	1139847198
Bodywork.BODYWORK_NAVIGATION_FIRST_INTERSECTION_TRAFFIC_LIGHT_COPY_SET	1139847189
Bodywork.BODYWORK_NAVIGATION_FIRST_INTERSECTION_WAITING_ROUNDS_SET	1139847201
Bodywork.BODYWORK_NAVIGATION_SECOND_INTERSECTION_ARROW_ANIMATION_SET	1139847210
Bodywork.BODYWORK_NAVIGATION_SECOND_INTERSECTION_COUNTDOWN_SECONDS_SET	1139855416
Bodywork.BODYWORK_NAVIGATION_SECOND_INTERSECTION_CURRENT_LIGHT_STATE_SET	1139847204
Bodywork.BODYWORK_NAVIGATION_SECOND_INTERSECTION_LIGHT_ANIMATION_SET	1139847213
Bodywork.BODYWORK_NAVIGATION_SECOND_INTERSECTION_TRAFFIC_ARROW_DIRECTION_SET	1139847216
Bodywork.BODYWORK_NAVIGATION_SECOND_INTERSECTION_TRAFFIC_LIGHT_COPY_SET	1139847207
Bodywork.BODYWORK_NAVIGATION_SECOND_INTERSECTION_WAITING_ROUNDS_SET	1139847219
Bodywork.BODYWORK_NAVIGATION_THIRD_INTERSECTION_ARROW_ANIMATION_SET	1139847228
Bodywork.BODYWORK_NAVIGATION_THIRD_INTERSECTION_COUNTDOWN_SECONDS_SET	1139855424
Bodywork.BODYWORK_NAVIGATION_THIRD_INTERSECTION_CURRENT_LIGHT_STATE_SET	1139847222
Bodywork.BODYWORK_NAVIGATION_THIRD_INTERSECTION_LIGHT_ANIMATION_SET	1139847231
Bodywork.BODYWORK_NAVIGATION_THIRD_INTERSECTION_TRAFFIC_ARROW_DIRECTION_SET	1139847234
Bodywork.BODYWORK_NAVIGATION_THIRD_INTERSECTION_TRAFFIC_LIGHT_COPY_SET	1139847225
Bodywork.BODYWORK_NAVIGATION_THIRD_INTERSECTION_WAITING_ROUNDS_SET	1139847237
Bodywork.BODYWORK_NFC_IMPLEMENT_RESULT	1077104688
Bodywork.BODYWORK_NFC_IMPLEMENT_RESULT_DUAL_MODULE	432222256
Bodywork.BODYWORK_NFC_KEY_UNLOCK_CAR_INFORMATION	1077096464
Bodywork.BODYWORK_NFC_KEY_UNLOCK_EXECUTE_RESULT	1077325872
Bodywork.BODYWORK_NFC_KEY_UNLOCK_SRC	1077325856
Bodywork.BODYWORK_NFC_OPERATION_COMMAND	1077104680
Bodywork.BODYWORK_NFC_OPERATION_COMMAND_DUAL_MODULE	432222248
Bodywork.BODYWORK_NFC_OPERATION_TYPE	1077104672
Bodywork.BODYWORK_NFC_OPERATION_TYPE_DUAL_MODULE	432222240
Bodywork.BODYWORK_NFC_TIME_ALLOWED_TO_START_SET	1084842005
Bodywork.BODYWORK_NODE_MONITOR	285609992
Bodywork.BODYWORK_OMS_LIFT_SYSTEM_POSITION_SIGNAL	435159048
Bodywork.BODYWORK_OMS_LIFT_SYSTEM_STATUS_SIGNAL	435159050
Bodywork.BODYWORK_OMS_SYSTEM_SELF_CHECK_STATE	1226833932
Bodywork.BODYWORK_ONEKEY_BEDDING_CONFIG_2E4_hal_only	775966750
Bodywork.BODYWORK_ONEKEY_BEDDING_CONFIG_2FF_hal_only	804278302
Bodywork.BODYWORK_ONLINE_359_SUBID_55	975702
Bodywork.BODYWORK_ONLINE_3D9_SUBID_55	1033195520
Bodywork.BODYWORK_ONLINE_480_SUBID_04	1207975936
Bodywork.BODYWORK_ONLINE_4D0_SUBID_04	687963
Bodywork.BODYWORK_ONLINE_HAS_0X03A000	973078528
Bodywork.BODYWORK_ONLINE_HAS_0X043600	1130364928
Bodywork.BODYWORK_ONLINE_HAS_0x005300	87031808
Bodywork.BODYWORK_ONLINE_HAS_0x006300	103809024
Bodywork.BODYWORK_ONLINE_HAS_0x008C00	146800640
Bodywork.BODYWORK_ONLINE_HAS_0x00A202	169877504
Bodywork.BODYWORK_ONLINE_HAS_0x00A207	169897984
Bodywork.BODYWORK_ONLINE_HAS_0x00A209	169906176
Bodywork.BODYWORK_ONLINE_HAS_0x00A20A	169910272
Bodywork.BODYWORK_ONLINE_HAS_0x00A216	169959424
Bodywork.BODYWORK_ONLINE_HAS_0x00A300	170917888
Bodywork.BODYWORK_ONLINE_HAS_0x00AE00	182452224
Bodywork.BODYWORK_ONLINE_HAS_0x00DC00	230686720
Bodywork.BODYWORK_ONLINE_HAS_0x00F400	255852544
Bodywork.BODYWORK_ONLINE_HAS_0x00FB00	1021622
Bodywork.BODYWORK_ONLINE_HAS_0x010800	276824064
Bodywork.BODYWORK_ONLINE_HAS_0x010900	277872640
Bodywork.BODYWORK_ONLINE_HAS_0x011200	287310848
Bodywork.BODYWORK_ONLINE_HAS_0x012100	303038464
Bodywork.BODYWORK_ONLINE_HAS_0x012200	304087040
Bodywork.BODYWORK_ONLINE_HAS_0x012D00	315621376
Bodywork.BODYWORK_ONLINE_HAS_0x012F00	317718528
Bodywork.BODYWORK_ONLINE_HAS_0x013200	320864256
Bodywork.BODYWORK_ONLINE_HAS_0x013300	321912832
Bodywork.BODYWORK_ONLINE_HAS_0x013800	327155712
Bodywork.BODYWORK_ONLINE_HAS_0x013900	328205312
Bodywork.BODYWORK_ONLINE_HAS_0x013F00	334495744
Bodywork.BODYWORK_ONLINE_HAS_0x014300	338690048
Bodywork.BODYWORK_ONLINE_HAS_0x014400	339738624
Bodywork.BODYWORK_ONLINE_HAS_0x014500	340787200
Bodywork.BODYWORK_ONLINE_HAS_0x014600	341835776
Bodywork.BODYWORK_ONLINE_HAS_0x014700	342884352
Bodywork.BODYWORK_ONLINE_HAS_0x015100	353370112
Bodywork.BODYWORK_ONLINE_HAS_0x015500	357564416
Bodywork.BODYWORK_ONLINE_HAS_0x015A00	362807296
Bodywork.BODYWORK_ONLINE_HAS_0x015B00	363855872
Bodywork.BODYWORK_ONLINE_HAS_0x015C00	364904448
Bodywork.BODYWORK_ONLINE_HAS_0x016700	376438784
Bodywork.BODYWORK_ONLINE_HAS_0x017F00	401604608
Bodywork.BODYWORK_ONLINE_HAS_0x018500	407898112
Bodywork.BODYWORK_ONLINE_HAS_0x018A00	413138944
Bodywork.BODYWORK_ONLINE_HAS_0x019500	424673280
Bodywork.BODYWORK_ONLINE_HAS_0x019900	428867584
Bodywork.BODYWORK_ONLINE_HAS_0x019D00	433061888
Bodywork.BODYWORK_ONLINE_HAS_0x019E00	434110464
Bodywork.BODYWORK_ONLINE_HAS_0x01A100	437256192
Bodywork.BODYWORK_ONLINE_HAS_0x01A700	443547648
Bodywork.BODYWORK_ONLINE_HAS_0x01AA02	446701568
Bodywork.BODYWORK_ONLINE_HAS_0x01AA05	446713856
Bodywork.BODYWORK_ONLINE_HAS_0x01AF00	451936256
Bodywork.BODYWORK_ONLINE_HAS_0x01B700	460357632
Bodywork.BODYWORK_ONLINE_HAS_0x01BA00	463470592
Bodywork.BODYWORK_ONLINE_HAS_0x01BA20	463601664
Bodywork.BODYWORK_ONLINE_HAS_0x01C000	469762048
Bodywork.BODYWORK_ONLINE_HAS_0x01C200	471859200
Bodywork.BODYWORK_ONLINE_HAS_0x01CB00	481296384
Bodywork.BODYWORK_ONLINE_HAS_0x01CD00	922914
Bodywork.BODYWORK_ONLINE_HAS_0x01D100	487587840
Bodywork.BODYWORK_ONLINE_HAS_0x01EA01	513807360
Bodywork.BODYWORK_ONLINE_HAS_0x01EA02	513811456
Bodywork.BODYWORK_ONLINE_HAS_0x01EB02	514859008
Bodywork.BODYWORK_ONLINE_HAS_0x01EB03	514863104
Bodywork.BODYWORK_ONLINE_HAS_0x01EB05	514871296
Bodywork.BODYWORK_ONLINE_HAS_0x01EC00	515899392
Bodywork.BODYWORK_ONLINE_HAS_0x01FD00	533725184
Bodywork.BODYWORK_ONLINE_HAS_0x01FF01	535826432
Bodywork.BODYWORK_ONLINE_HAS_0x01FF02	535830528
Bodywork.BODYWORK_ONLINE_HAS_0x01FF04	535838720
Bodywork.BODYWORK_ONLINE_HAS_0x020401	541069312
Bodywork.BODYWORK_ONLINE_HAS_0x020500	542113792
Bodywork.BODYWORK_ONLINE_HAS_0x020700	544210944
Bodywork.BODYWORK_ONLINE_HAS_0x020D00	550502400
Bodywork.BODYWORK_ONLINE_HAS_0x021502	558899200
Bodywork.BODYWORK_ONLINE_HAS_0x02150B	558936064
Bodywork.BODYWORK_ONLINE_HAS_0x02150F	558952448
Bodywork.BODYWORK_ONLINE_HAS_0x021D01	567283712
Bodywork.BODYWORK_ONLINE_HAS_0x021E00	568328192
Bodywork.BODYWORK_ONLINE_HAS_0x022A00	580911104
Bodywork.BODYWORK_ONLINE_HAS_0x022C00	583008256
Bodywork.BODYWORK_ONLINE_HAS_0x022D01	584062976
Bodywork.BODYWORK_ONLINE_HAS_0x022D02	584067072
Bodywork.BODYWORK_ONLINE_HAS_0x023000	587204608
Bodywork.BODYWORK_ONLINE_HAS_0x023300	590348288
Bodywork.BODYWORK_ONLINE_HAS_0x023401	591400960
Bodywork.BODYWORK_ONLINE_HAS_0x023402	591405056
Bodywork.BODYWORK_ONLINE_HAS_0x023500	592445440
Bodywork.BODYWORK_ONLINE_HAS_0x023700	594542592
Bodywork.BODYWORK_ONLINE_HAS_0x023A00	597688320
Bodywork.BODYWORK_ONLINE_HAS_0x024000	603979776
Bodywork.BODYWORK_ONLINE_HAS_0x024200	606076928
Bodywork.BODYWORK_ONLINE_HAS_0x024500	609222656
Bodywork.BODYWORK_ONLINE_HAS_0x024800	612368384
Bodywork.BODYWORK_ONLINE_HAS_0x024A00	614465536
Bodywork.BODYWORK_ONLINE_HAS_0x024C00	616562688
Bodywork.BODYWORK_ONLINE_HAS_0x025500	625999872
Bodywork.BODYWORK_ONLINE_HAS_0x025600	627048448
Bodywork.BODYWORK_ONLINE_HAS_0x025700	628097024
Bodywork.BODYWORK_ONLINE_HAS_0x025800	629145600
Bodywork.BODYWORK_ONLINE_HAS_0x025A00	631242752
Bodywork.BODYWORK_ONLINE_HAS_0x025B01	632295424
Bodywork.BODYWORK_ONLINE_HAS_0x025D00	634388480
Bodywork.BODYWORK_ONLINE_HAS_0x025F00	636485632
Bodywork.BODYWORK_ONLINE_HAS_0x026100	638582784
Bodywork.BODYWORK_ONLINE_HAS_0x026601	643829760
Bodywork.BODYWORK_ONLINE_HAS_0x026602	643833856
Bodywork.BODYWORK_ONLINE_HAS_0x026603	643837952
Bodywork.BODYWORK_ONLINE_HAS_0x026900	646971392
Bodywork.BODYWORK_ONLINE_HAS_0x026B00	649068544
Bodywork.BODYWORK_ONLINE_HAS_0x026C00	650117120
Bodywork.BODYWORK_ONLINE_HAS_0x026F00	653262848
Bodywork.BODYWORK_ONLINE_HAS_0x027000	654311424
Bodywork.BODYWORK_ONLINE_HAS_0x027100	655360000
Bodywork.BODYWORK_ONLINE_HAS_0x027200	656408576
Bodywork.BODYWORK_ONLINE_HAS_0x027300	657457152
Bodywork.BODYWORK_ONLINE_HAS_0x027500	659554304
Bodywork.BODYWORK_ONLINE_HAS_0x027A00	664799232
Bodywork.BODYWORK_ONLINE_HAS_0x028400	675282944
Bodywork.BODYWORK_ONLINE_HAS_0x028600	677380096
Bodywork.BODYWORK_ONLINE_HAS_0x028700	678428672
Bodywork.BODYWORK_ONLINE_HAS_0x028800	679477248
Bodywork.BODYWORK_ONLINE_HAS_0x028900	680525824
Bodywork.BODYWORK_ONLINE_HAS_0x028A00	681574400
Bodywork.BODYWORK_ONLINE_HAS_0x028F00	686817280
Bodywork.BODYWORK_ONLINE_HAS_0x029300	691011584
Bodywork.BODYWORK_ONLINE_HAS_0x029400	692060160
Bodywork.BODYWORK_ONLINE_HAS_0x029501	693112832
Bodywork.BODYWORK_ONLINE_HAS_0x029502	693116928
Bodywork.BODYWORK_ONLINE_HAS_0x029503	693121024
Bodywork.BODYWORK_ONLINE_HAS_0x029504	693125120
Bodywork.BODYWORK_ONLINE_HAS_0x029600	694157312
Bodywork.BODYWORK_ONLINE_HAS_0x029701	695209984
Bodywork.BODYWORK_ONLINE_HAS_0x029702	695214080
Bodywork.BODYWORK_ONLINE_HAS_0x029703	695218176
Bodywork.BODYWORK_ONLINE_HAS_0x029704	695222272
Bodywork.BODYWORK_ONLINE_HAS_0x029C00	700448768
Bodywork.BODYWORK_ONLINE_HAS_0x029E00	702545920
Bodywork.BODYWORK_ONLINE_HAS_0x02A400	708839424
Bodywork.BODYWORK_ONLINE_HAS_0x02A600	710934528
Bodywork.BODYWORK_ONLINE_HAS_0x02A700	711983104
Bodywork.BODYWORK_ONLINE_HAS_0x02AA02	715137024
Bodywork.BODYWORK_ONLINE_HAS_0x02AA03	715141120
Bodywork.BODYWORK_ONLINE_HAS_0x02AD00	718274560
Bodywork.BODYWORK_ONLINE_HAS_0x02B000	721420288
Bodywork.BODYWORK_ONLINE_HAS_0x02B400	725614592
Bodywork.BODYWORK_ONLINE_HAS_0x02B500	726663168
Bodywork.BODYWORK_ONLINE_HAS_0x02B600	727711744
Bodywork.BODYWORK_ONLINE_HAS_0x02BA00	731906048
Bodywork.BODYWORK_ONLINE_HAS_0x02C000	738197504
Bodywork.BODYWORK_ONLINE_HAS_0x02C500	743440384
Bodywork.BODYWORK_ONLINE_HAS_0x02CE04	752893952
Bodywork.BODYWORK_ONLINE_HAS_0x02D000	754974720
Bodywork.BODYWORK_ONLINE_HAS_0x02D300	758120448
Bodywork.BODYWORK_ONLINE_HAS_0x02D500	760217600
Bodywork.BODYWORK_ONLINE_HAS_0x02D800	763363328
Bodywork.BODYWORK_ONLINE_HAS_0x02DB00	766509056
Bodywork.BODYWORK_ONLINE_HAS_0x02E401	775950336
Bodywork.BODYWORK_ONLINE_HAS_0x02E405	775966720
Bodywork.BODYWORK_ONLINE_HAS_0x02EB00	783286272
Bodywork.BODYWORK_ONLINE_HAS_0x02EC00	784334848
Bodywork.BODYWORK_ONLINE_HAS_0x02ED00	785383424
Bodywork.BODYWORK_ONLINE_HAS_0x02F000	788529152
Bodywork.BODYWORK_ONLINE_HAS_0x02F400	792723456
Bodywork.BODYWORK_ONLINE_HAS_0x02F700	795871232
Bodywork.BODYWORK_ONLINE_HAS_0x02F819	797020160
Bodywork.BODYWORK_ONLINE_HAS_0x02F900	797966336
Bodywork.BODYWORK_ONLINE_HAS_0x02FC19	801214464
Bodywork.BODYWORK_ONLINE_HAS_0x02FF00	177064
Bodywork.BODYWORK_ONLINE_HAS_0x02FF02	804265984
Bodywork.BODYWORK_ONLINE_HAS_0x02FF05	804278272
Bodywork.BODYWORK_ONLINE_HAS_0x02FF08	804290560
Bodywork.BODYWORK_ONLINE_HAS_0x030100	806354944
Bodywork.BODYWORK_ONLINE_HAS_0x030601	811601920
Bodywork.BODYWORK_ONLINE_HAS_0x030800	813694976
Bodywork.BODYWORK_ONLINE_HAS_0x030900	814743552
Bodywork.BODYWORK_ONLINE_HAS_0x030D00	818937856
Bodywork.BODYWORK_ONLINE_HAS_0x031000	45700
Bodywork.BODYWORK_ONLINE_HAS_0x031200	824180736
Bodywork.BODYWORK_ONLINE_HAS_0x031501	827330560
Bodywork.BODYWORK_ONLINE_HAS_0x031600	828375040
Bodywork.BODYWORK_ONLINE_HAS_0x031A02	832577536
Bodywork.BODYWORK_ONLINE_HAS_0x031C00	834666496
Bodywork.BODYWORK_ONLINE_HAS_0x031E00	836763648
Bodywork.BODYWORK_ONLINE_HAS_0x032000	838860800
Bodywork.BODYWORK_ONLINE_HAS_0x032100	839909376
Bodywork.BODYWORK_ONLINE_HAS_0x032300	842006528
Bodywork.BODYWORK_ONLINE_HAS_0x032D00	852492288
Bodywork.BODYWORK_ONLINE_HAS_0x033100	806386
Bodywork.BODYWORK_ONLINE_HAS_0x033400	859832320
Bodywork.BODYWORK_ONLINE_HAS_0x033806	864051200
Bodywork.BODYWORK_ONLINE_HAS_0x033810	864092160
Bodywork.BODYWORK_ONLINE_HAS_0x034200	874512384
Bodywork.BODYWORK_ONLINE_HAS_0x034300	875560960
Bodywork.BODYWORK_ONLINE_HAS_0x034600	878706688
Bodywork.BODYWORK_ONLINE_HAS_0x034700	879755264
Bodywork.BODYWORK_ONLINE_HAS_0x034800	880803840
Bodywork.BODYWORK_ONLINE_HAS_0x034900	881852416
Bodywork.BODYWORK_ONLINE_HAS_0x034908	881885184
Bodywork.BODYWORK_ONLINE_HAS_0x034C00	884998144
Bodywork.BODYWORK_ONLINE_HAS_0x034F00	888143872
Bodywork.BODYWORK_ONLINE_HAS_0x035100	890241024
Bodywork.BODYWORK_ONLINE_HAS_0x035200	504892
Bodywork.BODYWORK_ONLINE_HAS_0x035202	891297792
Bodywork.BODYWORK_ONLINE_HAS_0x035300	892338176
Bodywork.BODYWORK_ONLINE_HAS_0x035901	66585
Bodywork.BODYWORK_ONLINE_HAS_0x035902	208544
Bodywork.BODYWORK_ONLINE_HAS_0x035903	262644
Bodywork.BODYWORK_ONLINE_HAS_0x035904	567612
Bodywork.BODYWORK_ONLINE_HAS_0x035905	299596
Bodywork.BODYWORK_ONLINE_HAS_0x035906	139589
Bodywork.BODYWORK_ONLINE_HAS_0x035911	695052
Bodywork.BODYWORK_ONLINE_HAS_0x035956	430130
Bodywork.BODYWORK_ONLINE_HAS_0x035958	25058
Bodywork.BODYWORK_ONLINE_HAS_0x035959	263059
Bodywork.BODYWORK_ONLINE_HAS_0x03595A	239522
Bodywork.BODYWORK_ONLINE_HAS_0x03595B	146293
Bodywork.BODYWORK_ONLINE_HAS_0x03595C	193148
Bodywork.BODYWORK_ONLINE_HAS_0x03595D	115654
Bodywork.BODYWORK_ONLINE_HAS_0x0359AA	650591
Bodywork.BODYWORK_ONLINE_HAS_0x035B00	900726784
Bodywork.BODYWORK_ONLINE_HAS_0x035D01	902828032
Bodywork.BODYWORK_ONLINE_HAS_0x035D02	902832128
Bodywork.BODYWORK_ONLINE_HAS_0x035D04	902840320
Bodywork.BODYWORK_ONLINE_HAS_0x035D05	902844416
Bodywork.BODYWORK_ONLINE_HAS_0x036301	909119488
Bodywork.BODYWORK_ONLINE_HAS_0x036302	909123584
Bodywork.BODYWORK_ONLINE_HAS_0x036304	909131776
Bodywork.BODYWORK_ONLINE_HAS_0x036305	909135872
Bodywork.BODYWORK_ONLINE_HAS_0x036B00	917504000
Bodywork.BODYWORK_ONLINE_HAS_0x036D00	919601152
Bodywork.BODYWORK_ONLINE_HAS_0x036E00	920649728
Bodywork.BODYWORK_ONLINE_HAS_0x037F00	938475520
Bodywork.BODYWORK_ONLINE_HAS_0x038400	943718400
Bodywork.BODYWORK_ONLINE_HAS_0x038A00	950009856
Bodywork.BODYWORK_ONLINE_HAS_0x038B00	951058432
Bodywork.BODYWORK_ONLINE_HAS_0x038D00	953155584
Bodywork.BODYWORK_ONLINE_HAS_0x039100	957349888
Bodywork.BODYWORK_ONLINE_HAS_0x039400	960495616
Bodywork.BODYWORK_ONLINE_HAS_0x039500	961544192
Bodywork.BODYWORK_ONLINE_HAS_0x039600	962592768
Bodywork.BODYWORK_ONLINE_HAS_0x039CFF	480756
Bodywork.BODYWORK_ONLINE_HAS_0x039E00	57488
Bodywork.BODYWORK_ONLINE_HAS_0x03A000	973078528
Bodywork.BODYWORK_ONLINE_HAS_0x03A300	976224256
Bodywork.BODYWORK_ONLINE_HAS_0x03A500	978321408
Bodywork.BODYWORK_ONLINE_HAS_0x03A700	980418560
Bodywork.BODYWORK_ONLINE_HAS_0x03AB00	984612864
Bodywork.BODYWORK_ONLINE_HAS_0x03AC00	985661440
Bodywork.BODYWORK_ONLINE_HAS_0x03AD00	986710016
Bodywork.BODYWORK_ONLINE_HAS_0x03AE00	987758592
Bodywork.BODYWORK_ONLINE_HAS_0x03B000	989855744
Bodywork.BODYWORK_ONLINE_HAS_0x03B300	993001472
Bodywork.BODYWORK_ONLINE_HAS_0x03B400	994050048
Bodywork.BODYWORK_ONLINE_HAS_0x03B600	996147200
Bodywork.BODYWORK_ONLINE_HAS_0x03BB00	1001390080
Bodywork.BODYWORK_ONLINE_HAS_0x03BD00	1003487232
Bodywork.BODYWORK_ONLINE_HAS_0x03BE00	1004535808
Bodywork.BODYWORK_ONLINE_HAS_0x03BF00	1005584384
Bodywork.BODYWORK_ONLINE_HAS_0x03C100	1007681536
Bodywork.BODYWORK_ONLINE_HAS_0x03C800	1015021568
Bodywork.BODYWORK_ONLINE_HAS_0x03CA00	1017118720
Bodywork.BODYWORK_ONLINE_HAS_0x03CE00	1021313024
Bodywork.BODYWORK_ONLINE_HAS_0x03D200	1025507328
Bodywork.BODYWORK_ONLINE_HAS_0x03D300	1026555904
Bodywork.BODYWORK_ONLINE_HAS_0x03D901	1032851456
Bodywork.BODYWORK_ONLINE_HAS_0x03D902	1032855552
Bodywork.BODYWORK_ONLINE_HAS_0x03D903	1032859648
Bodywork.BODYWORK_ONLINE_HAS_0x03D904	1032863744
Bodywork.BODYWORK_ONLINE_HAS_0x03D905	1032867840
Bodywork.BODYWORK_ONLINE_HAS_0x03D906	1032871936
Bodywork.BODYWORK_ONLINE_HAS_0x03D908	1032880128
Bodywork.BODYWORK_ONLINE_HAS_0x03D909	1032884224
Bodywork.BODYWORK_ONLINE_HAS_0x03D911	1032916992
Bodywork.BODYWORK_ONLINE_HAS_0x03D956	1033199616
Bodywork.BODYWORK_ONLINE_HAS_0x03D958	1033207808
Bodywork.BODYWORK_ONLINE_HAS_0x03D959	1033211904
Bodywork.BODYWORK_ONLINE_HAS_0x03D95A	1033216000
Bodywork.BODYWORK_ONLINE_HAS_0x03D95B	1033220096
Bodywork.BODYWORK_ONLINE_HAS_0x03D95C	1033224192
Bodywork.BODYWORK_ONLINE_HAS_0x03D95D	1033228288
Bodywork.BODYWORK_ONLINE_HAS_0x03D9AA	1033543680
Bodywork.BODYWORK_ONLINE_HAS_0x03DB00	1034944512
Bodywork.BODYWORK_ONLINE_HAS_0x03DD00	1037041664
Bodywork.BODYWORK_ONLINE_HAS_0x03DF00	1039138816
Bodywork.BODYWORK_ONLINE_HAS_0x03E000	1040187392
Bodywork.BODYWORK_ONLINE_HAS_0x03E100	1041235968
Bodywork.BODYWORK_ONLINE_HAS_0x03E300	1043333120
Bodywork.BODYWORK_ONLINE_HAS_0x03E600	1046499328
Bodywork.BODYWORK_ONLINE_HAS_0x03E700	1047527424
Bodywork.BODYWORK_ONLINE_HAS_0x03E80A	1048616960
Bodywork.BODYWORK_ONLINE_HAS_0x03E816	1048666112
Bodywork.BODYWORK_ONLINE_HAS_0x03E900	1049624576
Bodywork.BODYWORK_ONLINE_HAS_0x03F300	1060110336
Bodywork.BODYWORK_ONLINE_HAS_0x03FE00	1071644672
Bodywork.BODYWORK_ONLINE_HAS_0x040100	1074790400
Bodywork.BODYWORK_ONLINE_HAS_0x040200	1075838976
Bodywork.BODYWORK_ONLINE_HAS_0x040500	1078984704
Bodywork.BODYWORK_ONLINE_HAS_0x040600	854935
Bodywork.BODYWORK_ONLINE_HAS_0x040601	1080037376
Bodywork.BODYWORK_ONLINE_HAS_0x040700	1081081856
Bodywork.BODYWORK_ONLINE_HAS_0x040800	1082130432
Bodywork.BODYWORK_ONLINE_HAS_0x040C07	1086353408
Bodywork.BODYWORK_ONLINE_HAS_0x040D00	1087373312
Bodywork.BODYWORK_ONLINE_HAS_0x041200	500223
Bodywork.BODYWORK_ONLINE_HAS_0x041300	324983
Bodywork.BODYWORK_ONLINE_HAS_0x041700	1097859072
Bodywork.BODYWORK_ONLINE_HAS_0x041A00	1101004800
Bodywork.BODYWORK_ONLINE_HAS_0x041C00	1103101952
Bodywork.BODYWORK_ONLINE_HAS_0x041F00	1106247680
Bodywork.BODYWORK_ONLINE_HAS_0x042900	1116733440
Bodywork.BODYWORK_ONLINE_HAS_0x042E00	1121976320
Bodywork.BODYWORK_ONLINE_HAS_0x042F00	1123024896
Bodywork.BODYWORK_ONLINE_HAS_0x043200	1126170624
Bodywork.BODYWORK_ONLINE_HAS_0x043300	1127219200
Bodywork.BODYWORK_ONLINE_HAS_0x043400	1128267776
Bodywork.BODYWORK_ONLINE_HAS_0x043700	1131413504
Bodywork.BODYWORK_ONLINE_HAS_0x043800	1132462080
Bodywork.BODYWORK_ONLINE_HAS_0x043E00	1138753536
Bodywork.BODYWORK_ONLINE_HAS_0x043F01	1139806208
Bodywork.BODYWORK_ONLINE_HAS_0x043FB1	1140527104
Bodywork.BODYWORK_ONLINE_HAS_0x043FD1	1140658176
Bodywork.BODYWORK_ONLINE_HAS_0x044300	1143996416
Bodywork.BODYWORK_ONLINE_HAS_0x044400	1145044992
Bodywork.BODYWORK_ONLINE_HAS_0x044700	1148190720
Bodywork.BODYWORK_ONLINE_HAS_0x044F00	1156579328
Bodywork.BODYWORK_ONLINE_HAS_0x045200	1159725056
Bodywork.BODYWORK_ONLINE_HAS_0x045300	1160773632
Bodywork.BODYWORK_ONLINE_HAS_0x045400	1161822208
Bodywork.BODYWORK_ONLINE_HAS_0x045500	1162870784
Bodywork.BODYWORK_ONLINE_HAS_0x046100	1175453696
Bodywork.BODYWORK_ONLINE_HAS_0x046C00	1186988032
Bodywork.BODYWORK_ONLINE_HAS_0x047000	1191190528
Bodywork.BODYWORK_ONLINE_HAS_0x047002	1191190528
Bodywork.BODYWORK_ONLINE_HAS_0x047500	1196425216
Bodywork.BODYWORK_ONLINE_HAS_0x047900	1200619520
Bodywork.BODYWORK_ONLINE_HAS_0x047A00	1201668096
Bodywork.BODYWORK_ONLINE_HAS_0x048400	1212153856
Bodywork.BODYWORK_ONLINE_HAS_0x048600	1214251008
Bodywork.BODYWORK_ONLINE_HAS_0x048700	1215299584
Bodywork.BODYWORK_ONLINE_HAS_0x048800	1216348160
Bodywork.BODYWORK_ONLINE_HAS_0x048900	1217396736
Bodywork.BODYWORK_ONLINE_HAS_0x048A00	1218445312
Bodywork.BODYWORK_ONLINE_HAS_0x048B02	1219502080
Bodywork.BODYWORK_ONLINE_HAS_0x048B04	1219510272
Bodywork.BODYWORK_ONLINE_HAS_0x048B0A	1219534848
Bodywork.BODYWORK_ONLINE_HAS_0x048C00	1220542464
Bodywork.BODYWORK_ONLINE_HAS_0x048D00	307243
Bodywork.BODYWORK_ONLINE_HAS_0x048E00	1222639616
Bodywork.BODYWORK_ONLINE_HAS_0x049000	1224736768
Bodywork.BODYWORK_ONLINE_HAS_0x049400	1228931072
Bodywork.BODYWORK_ONLINE_HAS_0x049501	367282
Bodywork.BODYWORK_ONLINE_HAS_0x049502	375810
Bodywork.BODYWORK_ONLINE_HAS_0x049503	553858
Bodywork.BODYWORK_ONLINE_HAS_0x049504	418300
Bodywork.BODYWORK_ONLINE_HAS_0x049505	761517
Bodywork.BODYWORK_ONLINE_HAS_0x049506	866195
Bodywork.BODYWORK_ONLINE_HAS_0x049507	918816
Bodywork.BODYWORK_ONLINE_HAS_0x049508	500150
Bodywork.BODYWORK_ONLINE_HAS_0x049509	704602
Bodywork.BODYWORK_ONLINE_HAS_0x04950A	65646
Bodywork.BODYWORK_ONLINE_HAS_0x04950B	1017960
Bodywork.BODYWORK_ONLINE_HAS_0x049C00	1237319680
Bodywork.BODYWORK_ONLINE_HAS_0x049F00	1240465408
Bodywork.BODYWORK_ONLINE_HAS_0x04A100	1242562560
Bodywork.BODYWORK_ONLINE_HAS_0x04A301	1244665856
Bodywork.BODYWORK_ONLINE_HAS_0x04A401	1245712384
Bodywork.BODYWORK_ONLINE_HAS_0x04A402	1245716480
Bodywork.BODYWORK_ONLINE_HAS_0x04A501	1246760960
Bodywork.BODYWORK_ONLINE_HAS_0x04A502	1246765056
Bodywork.BODYWORK_ONLINE_HAS_0x04A503	1246769152
Bodywork.BODYWORK_ONLINE_HAS_0x04A504	1246773248
Bodywork.BODYWORK_ONLINE_HAS_0x04A505	1246777344
Bodywork.BODYWORK_ONLINE_HAS_0x04A506	1246781440
Bodywork.BODYWORK_ONLINE_HAS_0x04A507	1246785536
Bodywork.BODYWORK_ONLINE_HAS_0x04A508	1246789632
Bodywork.BODYWORK_ONLINE_HAS_0x04A509	1246793728
Bodywork.BODYWORK_ONLINE_HAS_0x04A50A	1246797824
Bodywork.BODYWORK_ONLINE_HAS_0x04A50B	1246801920
Bodywork.BODYWORK_ONLINE_HAS_0x04A50C	1246806016
Bodywork.BODYWORK_ONLINE_HAS_0x04A710	1248919552
Bodywork.BODYWORK_ONLINE_HAS_0x04A720	1248985088
Bodywork.BODYWORK_ONLINE_HAS_0x04A730	1249050624
Bodywork.BODYWORK_ONLINE_HAS_0x04AD00	1255145472
Bodywork.BODYWORK_ONLINE_HAS_0x04B000	1258291200
Bodywork.BODYWORK_ONLINE_HAS_0x04B100	1259339776
Bodywork.BODYWORK_ONLINE_HAS_0x04B200	1260388352
Bodywork.BODYWORK_ONLINE_HAS_0x04B300	1261436928
Bodywork.BODYWORK_ONLINE_HAS_0x04B800	1266679808
Bodywork.BODYWORK_ONLINE_HAS_0x04BB00	1269825536
Bodywork.BODYWORK_ONLINE_HAS_0x04BD03	1271937024
Bodywork.BODYWORK_ONLINE_HAS_0x04BD06	1271949312
Bodywork.BODYWORK_ONLINE_HAS_0x04BD08	1271957504
Bodywork.BODYWORK_ONLINE_HAS_0x04BD09	1271961600
Bodywork.BODYWORK_ONLINE_HAS_0x04BD0A	1271965696
Bodywork.BODYWORK_ONLINE_HAS_0x04BF00	1274019840
Bodywork.BODYWORK_ONLINE_HAS_0x04C10E	1276174336
Bodywork.BODYWORK_ONLINE_HAS_0x04C201	1277169664
Bodywork.BODYWORK_ONLINE_HAS_0x04C202	1277173760
Bodywork.BODYWORK_ONLINE_HAS_0x04C203	1277177856
Bodywork.BODYWORK_ONLINE_HAS_0x04C400	1279262720
Bodywork.BODYWORK_ONLINE_HAS_0x04C500	1280311296
Bodywork.BODYWORK_ONLINE_HAS_0x04C700	1282408448
Bodywork.BODYWORK_ONLINE_HAS_0x04C800	1283457024
Bodywork.BODYWORK_ONLINE_HAS_0x04C900	1284505600
Bodywork.BODYWORK_ONLINE_HAS_0x04D000	1291845632
Bodywork.BODYWORK_ONLINE_HAS_0x04D200	1293942784
Bodywork.BODYWORK_ONLINE_HAS_0x04D601	1298141184
Bodywork.BODYWORK_ONLINE_HAS_0x04D603	1298149376
Bodywork.BODYWORK_ONLINE_HAS_0x04DC00	1304428544
Bodywork.BODYWORK_ONLINE_HAS_0x04E200	1310720000
Bodywork.BODYWORK_ONLINE_HAS_0x04E501	1313869824
Bodywork.BODYWORK_ONLINE_HAS_0x04E800	1317011456
Bodywork.BODYWORK_ONLINE_HAS_0x04E900	1318060032
Bodywork.BODYWORK_ONLINE_HAS_0x04EC00	1321205760
Bodywork.BODYWORK_ONLINE_HAS_0x04EDFF	1323298816
Bodywork.BODYWORK_ONLINE_HAS_0x04EE00	1323302912
Bodywork.BODYWORK_ONLINE_HAS_0x04FA00	1335885824
Bodywork.BODYWORK_ONLINE_HAS_0x04FB00	1336934400
Bodywork.BODYWORK_ONLINE_HAS_0x04FD00	1339031552
Bodywork.BODYWORK_ONLINE_HAS_0x04FE00	1340080128
Bodywork.BODYWORK_ONLINE_HAS_0x04FF00	1341128704
Bodywork.BODYWORK_ONLINE_HAS_0x055C00	1438646272
Bodywork.BODYWORK_ONLINE_HAS_0x055D00	1439694848
Bodywork.BODYWORK_ONLINE_HAS_0x070000	1879048192
Bodywork.BODYWORK_ONLINE_HAS_0x070100	1880096768
Bodywork.BODYWORK_ONLINE_HAS_0x219F00	435159040
Bodywork.BODYWORK_ONLINE_HAS_0x234A00	882903040
Bodywork.BODYWORK_ONLINE_HAS_0x24F200	1327499264
Bodywork.BODYWORK_ONLINE_HAS_0x24F701	1332746240
Bodywork.BODYWORK_ONLINE_HAS_0x305000	810549248
Bodywork.BODYWORK_ONLINE_HAS_0x3D6000	1029701632
Bodywork.BODYWORK_ONLINE_HAS_0x3FB00	1068498944
Bodywork.BODYWORK_ONLINE_HAS_0x4D914	1301364736
Bodywork.BODYWORK_OUB_INTERNALLY_STORES_THE_CHASSIS_NUMBER_AFTER_EIGHT_BIT	-1728052186
Bodywork.BODYWORK_PAD_OPERATION_COMMAND	432013344
Bodywork.BODYWORK_PANORAMA_SUNROOF_ONLINE	627542
Bodywork.BODYWORK_PASSENGER_CUSHION_FLANK_CONFIG	804266048
Bodywork.BODYWORK_PASSENGER_DRIVE_BACKREST_TABLE_POSITION_FEEDBACK	804278290
Bodywork.BODYWORK_PASSENGER_FLANK_SERVO_CONFIG	1261437406
Bodywork.BODYWORK_PASSENGER_FLANK_SERVO_CONFIG_3D3_hal_only	1026555973
Bodywork.BODYWORK_PASSENGER_HANDRAIL_HEAT_LEVEL	1282408812
Bodywork.BODYWORK_PASSENGER_HANDRAIL_HEAT_LEVEL_SET	1324638236
Bodywork.BODYWORK_PASSENGER_HANDRAIL_HEAT_MODE	1282408810
Bodywork.BODYWORK_PASSENGER_HANDRAIL_HEAT_MODE_SET	1324638234
Bodywork.BODYWORK_PASSENGER_HANDRAIL_HEAT_START	1282408808
Bodywork.BODYWORK_PASSENGER_HANDRAIL_HEAT_START_SET	1324638232
Bodywork.BODYWORK_PASSENGER_HEADREST_STATUS	881856564
Bodywork.BODYWORK_PASSENGER_HEADREST_STATUS_2FF_hal_only	804282428
Bodywork.BODYWORK_PASSENGER_HEADREST_STATUS_306_hal_only	811601988
Bodywork.BODYWORK_PASSENGER_LEG_REST_TELESCOPING_UNINITIALIZED	804278309
Bodywork.BODYWORK_PASSENGER_LHEADREST_HORIZONTAL_UNINITIALIZED	1017118770
Bodywork.BODYWORK_PASSENGER_MASSAGE_SWITCH_OPERATION_MODE	1261437422
Bodywork.BODYWORK_PASSENGER_MASSAGE_SWITCH_OPERATION_MODE_SECOND_hal_only	1261437390
Bodywork.BODYWORK_PASSENGER_MASSAGE_SWITCH_OPERATION_MODE_UCU_hal_only	1026555968
Bodywork.BODYWORK_PASSENGER_SEAT_BACKBRACE_ADJUST_SET	1276137532
Bodywork.BODYWORK_PASSENGER_SEAT_BACKBRACE_CONFIG	1261437376
Bodywork.BODYWORK_PASSENGER_SEAT_BACKBRACE_CONFIG_3D3_hal_only	1026555935
Bodywork.BODYWORK_PASSENGER_SEAT_BOSS_ONEKEY_STATUS	804266044
Bodywork.BODYWORK_PASSENGER_SEAT_NECKBRACE_ADJUST_SET	850448411
Bodywork.BODYWORK_PASSENGER_SEAT_NECKBRACE_CONFIG	1261437378
Bodywork.BODYWORK_PASSENGER_SEAT_NECKBRACE_CONFIG_3D3_hal_only	1026555937
Bodywork.BODYWORK_PASSENGER_SEAT_SHOULDERBRACE_ADJUST_SET	850448408
Bodywork.BODYWORK_PASSENGER_SEAT_SHOULDERBRACE_CONFIG	1261437377
Bodywork.BODYWORK_PASSENGER_SEAT_SHOULDERBRACE_CONFIG_3D3_hal_only	1026555936
Bodywork.BODYWORK_PASSENGER_SEAT_SYSTEM_OPERATING_STATUS	1017118756
Bodywork.BODYWORK_PASSENGER_SEAT_SYSTEM_WORKING_MODE	804278340
Bodywork.BODYWORK_PASSENGER_SEAT_SYSTEM_WORK_MODE	804290592
Bodywork.BODYWORK_PASSENGER_ZERO_GRAVITY_COMMAND_SET	1276252216
Bodywork.BODYWORK_PASSENGER_ZERO_GRAVITY_CONFIG	1215299651
Bodywork.BODYWORK_PASSENGER_ZERO_GRAVITY_MEMORY_FLAG	1215299653
Bodywork.BODYWORK_PASSENGER_ZERO_GRAVITY_STATUS	804278296
Bodywork.BODYWORK_PASSENGER_ZERO_GRAVITY_WAKEUP_COMMAND_SET	1276252219
Bodywork.BODYWORK_PASSENGER_ZERO_GRAVITY_WAKEUP_STATUS	573007
Bodywork.BODYWORK_PEDAL_DELAY_RETRACT_CONFIG	1284505848
Bodywork.BODYWORK_PHONE_CHARGE_DANCING_GYROSCOPE_SWITCH_SIGNAL_SET	135267461
Bodywork.BODYWORK_PHONE_GYROSCOPE_SWITCH_SIGNAL_SET	1844487304
Bodywork.BODYWORK_POWER_DAY_MODE	299748
Bodywork.BODYWORK_POWER_LEVEL	315621418
Bodywork.BODYWORK_POWER_LEVEL_TEMP_SET	315623466
Bodywork.BODYWORK_PROBLEM_NETWORK_CROWDING_TIME_MONITOR	285347848
Bodywork.BODYWORK_PROBLEM_NETWORK_ERROR_FRAME_MONITOR	285413384
Bodywork.BODYWORK_PROBLEM_NETWORK_LOAD_MONITOR	285478920
Bodywork.BODYWORK_PROJECTION_DOOR_OPENING_FUNCTION_ENABLE_STATUS	1068498960
Bodywork.BODYWORK_RAER_RIGHT_SEAT_SOCKEY_INTERFERENCE_PROMPT	909123620
Bodywork.BODYWORK_RCS_LEFT_REAR_SEAT_ACTIVE_FLANK_ADJUST_SET_hal_only	589353008
Bodywork.BODYWORK_RCS_LR_ELECTRIC_DOOR_SET_hal_only	589316116
Bodywork.BODYWORK_RCS_LR_WINDOW_CTRL_SET_hal_only	589357088
Bodywork.BODYWORK_RCS_LR_WINDOW_TARGET_POSITION_SET_hal_only	589357072
Bodywork.BODYWORK_RCS_L_ELEC_SLIDE_STATE_SET_hal_only	796921892
Bodywork.BODYWORK_RCS_MOON_ROOF_OPEN_PERCENT_SET_hal_only	750780472
Bodywork.BODYWORK_RCS_RIGHT_REAR_SEAT_ACTIVE_FLANK_ADJUST_SET_hal_only	589353013
Bodywork.BODYWORK_RCS_RR_ELECTRIC_DOOR_SET_hal_only	589316124
Bodywork.BODYWORK_RCS_RR_WINDOW_CTRL_SET_hal_only	589357091
Bodywork.BODYWORK_RCS_RR_WINDOW_TARGET_POSITION_SET_hal_only	589357080
Bodywork.BODYWORK_RCS_R_ELEC_SLIDE_STATE_SET_hal_only	796921894
Bodywork.BODYWORK_RCS_SUNSHADE_PANEL_PERCENT_SET_hal_only	750780480
Bodywork.BODYWORK_REAL_AUTO_VIN	-1728052710
Bodywork.BODYWORK_REARBODY_CONTROLLER_HEIGHT_SETTING_CONFIG	654311472
Bodywork.BODYWORK_REARVIEW_MIRROR_CONFIRMATION_KEY	1249906712
Bodywork.BODYWORK_REARVIEW_MIRROR_SET	1324556304
Bodywork.BODYWORK_REARVIEW_MIRROR_SETTING_ITEM	1228931132
Bodywork.BODYWORK_REAR_CENTER_HANDRAIL_POSITION	1214251037
Bodywork.BODYWORK_REAR_FRIDGE_DISINFECT_STATE_SET	850550805
Bodywork.BODYWORK_REAR_FRIDGE_DISINFECT_STATE_SET_RCS_hal_only	589381653
Bodywork.BODYWORK_REAR_FRIDGE_DOOR_ACTION_CONTROL_SET	850550824
Bodywork.BODYWORK_REAR_FRIDGE_DOOR_ACTION_CONTROL_SET_RCS_hal_only	589381668
Bodywork.BODYWORK_REAR_FRIDGE_WORK_STATE_SET	850550800
Bodywork.BODYWORK_REAR_FRIDGE_WORK_STATE_SET_RCS_hal_only	589381648
Bodywork.BODYWORK_REAR_LEFT_SEAT_REFRIGERATOR_INTERFERENCE_PROMPT	902832168
Bodywork.BODYWORK_REAR_LEFT_SEAT_ZERO_GRAVITY_STATUS	902832160
Bodywork.BODYWORK_REAR_POSITION_LIGHT_STATUS	950009896
Bodywork.BODYWORK_REAR_RIGHT_SEAT_BOOS_ONEKEY_MEMORY_POPUP_PROMPT	1123024964
Bodywork.BODYWORK_REAR_RIGHT_SEAT_BOSS_ONEKEY_CONFIG	1123024962
Bodywork.BODYWORK_REAR_RIGHT_SEAT_REFRIGERATOR_INTERFERENCE_PROMPT	909123624
Bodywork.BODYWORK_REAR_RIGHT_SEAT_ZERO_GRAVITY_STATUS	909123616
Bodywork.BODYWORK_REAR_SEAT_BACKREST_AUTO_RESET_COMMAND_SET	850554948
Bodywork.BODYWORK_REAR_SEAT_BELT_REMINDER_STRATEGY_FLAG	276824120
Bodywork.BODYWORK_REAR_SEAT_BELT_WARNING_POPUP	276824117
Bodywork.BODYWORK_REAR_SEAT_LEFT_BACKREST_AUTO_RESET_SETTING_FEEDBACK	446709822
Bodywork.BODYWORK_REAR_SUNROOF_CURRENT_ACTION_STATE	1206911000
Bodywork.BODYWORK_REAR_SUNROOF_POSITION_FEEDBACK	1206910996
Bodywork.BODYWORK_REAR_SUNROOF_WINDOBLIND_INIT_STATE	1206910994
Bodywork.BODYWORK_REAR_SUNROOF_WINDOWBLIND_CLOSED_STATUS	1206910992
Bodywork.BODYWORK_REAR_SUNROOF_WINDOWBLIND_VOICE_CONTROL_SET	1276178456
Bodywork.BODYWORK_REAR_SUNSHADE_CONTROL_SET	1276207170
Bodywork.BODYWORK_REAR_SUNSHADE_CONTROL_SET_hal_only	589312036
Bodywork.BODYWORK_REAR_SUNSHADE_PANEL_PERCENT	1206910984
Bodywork.BODYWORK_REAR_SUNSHADE_PANEL_PERCENT_SET	1276178472
Bodywork.BODYWORK_REAR_SUNSHADE_THERMAL_PROTECTION	1206911032
Bodywork.BODYWORK_REAR_VIEW_MIRROR_ADAPTIVE_ADJUSTMENT_FLAG	1003487728
Bodywork.BODYWORK_REAR_VIEW_MIRROR_ADJUSTMENT_VOICE_PROMPT	1003487730
Bodywork.BODYWORK_REAR_VIEW_MIRROR_AND_CHASSIS_LIFT_SET	1324556317
Bodywork.BODYWORK_REMAIN_REMINDER_FUNCTION_SWITCH_STATE	1226833931
Bodywork.BODYWORK_REMOTE_ACTIVATION_FLAG	1080037414
Bodywork.BODYWORK_REMOTE_CONTROL_CHASSIS_WX_ROLL_ANGLE_RATE_SET	135267341
Bodywork.BODYWORK_REMOTE_CONTROL_CHASSIS_WY_PITCH_ANGLE_RATE_SET	135267397
Bodywork.BODYWORK_REMOTE_CONTROL_CHASSIS_WZ_YAW_ANGLE_RATE_SET	135267437
Bodywork.BODYWORK_REMOTE_CONTROL_CHASSIS_X_ACC_SET	135267365
Bodywork.BODYWORK_REMOTE_CONTROL_CHASSIS_Y_ACC_SET	135267381
Bodywork.BODYWORK_REMOTE_CONTROL_CHASSIS_Z_ACC_SET	135267421
Bodywork.BODYWORK_REMOTE_CONTROL_LOCK	402653193
Bodywork.BODYWORK_REMOTE_CONTROL_UNLOCK	402653192
Bodywork.BODYWORK_REQUEST_LIFT_RISE_FALL	1226833928
Bodywork.BODYWORK_RESERVE_CAR_BATTERY_HEATING_STATE	879755309
Bodywork.BODYWORK_RESERVE_CAR_CONFIG	879755305
Bodywork.BODYWORK_RESERVE_CAR_POWER_STATE	879755307
Bodywork.BODYWORK_RESERVE_CAR_STATE	879755306
Bodywork.BODYWORK_RESPOND_OFFLINE_OPEERATIONS	1077215258
Bodywork.BODYWORK_RESPOND_OFFLINE_OPEERATIONS_DUAL_MODULE	432341018
Bodywork.BODYWORK_RESPOND_OFFLINE_RESULTS	1077215264
Bodywork.BODYWORK_RESTART_COUNTDOWN_PROMPT_SET	-1442839805
Bodywork.BODYWORK_RESTORE_SEAT_CONFIGURATION	377495576
Bodywork.BODYWORK_RF_DOOR_LOCK_STATUS	1081081866
Bodywork.BODYWORK_RF_DOOR_STATUS_FLAG	692060177
Bodywork.BODYWORK_RF_ELECTRIC_DOOR_ACTUATOR_STATUS	957350172
Bodywork.BODYWORK_RF_ELECTRIC_DOOR_CURRENT_POSITION	957350002
Bodywork.BODYWORK_RF_ELECTRIC_DOOR_INIT_STATUS	957349962
Bodywork.BODYWORK_RF_ELECTRIC_DOOR_OBSTACLE	957350026
Bodywork.BODYWORK_RF_ELECTRIC_DOOR_OPEN_ANGLE_SET	1276211224
Bodywork.BODYWORK_RF_ELECTRIC_DOOR_POSITION	957349904
Bodywork.BODYWORK_RF_ELECTRIC_DOOR_PREVENT_PLAY_STATUS	957350009
Bodywork.BODYWORK_RF_ELECTRIC_DOOR_SET	1276178483
Bodywork.BODYWORK_RF_ELECTRIC_DOOR_SUCTION_ACTUATOR_STATUS	957350082
Bodywork.BODYWORK_RF_SEAT_BACKREST_POSITION	1215299600
Bodywork.BODYWORK_RF_SEAT_BIDET_POSITION	1215299616
Bodywork.BODYWORK_RF_SEAT_BIDET_POSITION_SET	1276276784
Bodywork.BODYWORK_RF_SEAT_HEADREST_HEIGHT_POSITION	1215299640
Bodywork.BODYWORK_RF_SEAT_HEADREST_HEIGHT_POSITION_SET	1276276800
Bodywork.BODYWORK_RF_SEAT_HEADREST_HORIZONTAL_POSITION	1215299632
Bodywork.BODYWORK_RF_SEAT_HEADREST_HORIZONTAL_POSITION_SET	1276276792
Bodywork.BODYWORK_RF_SEAT_HEIGHT_POSITION	1215299608
Bodywork.BODYWORK_RF_SEAT_HEIGHT_POSITION_SET	1276276776
Bodywork.BODYWORK_RF_SEAT_HORIZONTAL_POSITION	1215299592
Bodywork.BODYWORK_RF_SEAT_HORIZONTAL_POSITION_SET	1276276752
Bodywork.BODYWORK_RF_SEAT_LEG_REST_POSITION	1215299624
Bodywork.BODYWORK_RF_WINDOW_CTRL_SET	1125122107
Bodywork.BODYWORK_RF_WINDOW_CTRL_SET_FSE_hal_only	459280419
Bodywork.BODYWORK_RF_WINDOW_CTRL_SET_RSE_hal_only	412229653
Bodywork.BODYWORK_RF_WINDOW_INIT	1267728392
Bodywork.BODYWORK_RF_WINDOW_INIT_hal_only	1222639636
Bodywork.BODYWORK_RF_WINDOW_TARGET_POSITION_SET	1276219424
Bodywork.BODYWORK_RIES_CONFIG	1059061768
Bodywork.BODYWORK_RIES_HAS_LRSE_SCREEN_SET	-1442839977
Bodywork.BODYWORK_RIES_HAS_RCS_SCREEN_SET	-1442839975
Bodywork.BODYWORK_RIES_HAS_RRSE_SCREEN_SET	-1442839976
Bodywork.BODYWORK_RIGHT_FRONT_DOOR_CONFIG	760381
Bodywork.BODYWORK_RIGHT_FRONT_DOOR_HANDLE_EXTERNAL_SWITCH_SIGNAL	1103101969
Bodywork.BODYWORK_RIGHT_FRONT_DOOR_HANDLE_INTERNAL_SWITCH_SIGNAL	1103101968
Bodywork.BODYWORK_RIGHT_FRONT_WINDOW	1267728396
Bodywork.BODYWORK_RIGHT_FRONT_WINDOW_CURRENT_STATE	1222639661
Bodywork.BODYWORK_RIGHT_FRONT_WINDOW_THERMAL_PROTECTION	947912768
Bodywork.BODYWORK_RIGHT_FRONT_WINDOW_hal_only	947912764
Bodywork.BODYWORK_RIGHT_HAND_FRONT_DOOR	692060170
Bodywork.BODYWORK_RIGHT_HAND_REAR_DOOR	692060174
Bodywork.BODYWORK_RIGHT_REAR_DOOR_CONFIG	957350054
Bodywork.BODYWORK_RIGHT_REAR_DOOR_HANDLE_EXTERNAL_SWITCH_SIGNAL	1103101971
Bodywork.BODYWORK_RIGHT_REAR_DOOR_HANDLE_INTERNAL_SWITCH_SIGNAL	1103101970
Bodywork.BODYWORK_RIGHT_REAR_HANDRAIL_HEAT_LEVEL	1159725260
Bodywork.BODYWORK_RIGHT_REAR_HANDRAIL_HEAT_LEVEL_455_hal_only	1162870836
Bodywork.BODYWORK_RIGHT_REAR_HANDRAIL_HEAT_LEVEL_SET	1324638268
Bodywork.BODYWORK_RIGHT_REAR_HANDRAIL_HEAT_LEVEL_SET_RCS_hal_only	589369372
Bodywork.BODYWORK_RIGHT_REAR_HANDRAIL_HEAT_LEVEL_SET_RSE_hal_only	412192796
Bodywork.BODYWORK_RIGHT_REAR_HANDRAIL_HEAT_MODE	1159725258
Bodywork.BODYWORK_RIGHT_REAR_HANDRAIL_HEAT_MODE_455_hal_only	1162870834
Bodywork.BODYWORK_RIGHT_REAR_HANDRAIL_HEAT_MODE_SET	1324638266
Bodywork.BODYWORK_RIGHT_REAR_HANDRAIL_HEAT_MODE_SET_RCS_hal_only	589369370
Bodywork.BODYWORK_RIGHT_REAR_HANDRAIL_HEAT_MODE_SET_RSE_hal_only	412192794
Bodywork.BODYWORK_RIGHT_REAR_HANDRAIL_HEAT_START	1159725256
Bodywork.BODYWORK_RIGHT_REAR_HANDRAIL_HEAT_START_455_hal_only	1162870832
Bodywork.BODYWORK_RIGHT_REAR_HANDRAIL_HEAT_START_SET	1324638264
Bodywork.BODYWORK_RIGHT_REAR_HANDRAIL_HEAT_START_SET_RCS_hal_only	589369368
Bodywork.BODYWORK_RIGHT_REAR_HANDRAIL_HEAT_START_SET_RSE_hal_only	412192792
Bodywork.BODYWORK_RIGHT_REAR_MASSAGE_SWITCH_OPERATION_MODE	1261437426
Bodywork.BODYWORK_RIGHT_REAR_MASSAGE_SWITCH_OPERATION_MODE_29E_hal_only	702545972
Bodywork.BODYWORK_RIGHT_REAR_MASSAGE_SWITCH_OPERATION_MODE_SECOND_hal_only	1261437394
Bodywork.BODYWORK_RIGHT_REAR_MASSAGE_SWITCH_OPERATION_MODE_UCU_hal_only	1321205824
Bodywork.BODYWORK_RIGHT_REAR_SEAT_ACTIVE_FLANK_ADJUST	1321205810
Bodywork.BODYWORK_RIGHT_REAR_SEAT_ACTIVE_FLANK_ADJUST_SET	850448445
Bodywork.BODYWORK_RIGHT_REAR_SEAT_ACTIVE_FLANK_CONFIG	1321205790
Bodywork.BODYWORK_RIGHT_REAR_SEAT_BACKBRACE_ADJUST_SET	1276190772
Bodywork.BODYWORK_RIGHT_REAR_SEAT_BACKBRACE_ADJUST_SET_RCS_hal_only	589303827
Bodywork.BODYWORK_RIGHT_REAR_SEAT_BACKBRACE_ADJUST_SET_RSE_hal_only	412192827
Bodywork.BODYWORK_RIGHT_REAR_SEAT_BACKBRACE_CONFIG	1261437384
Bodywork.BODYWORK_RIGHT_REAR_SEAT_BACKBRACE_CONFIG_4EC_hal_only	1321205791
Bodywork.BODYWORK_RIGHT_REAR_SEAT_NECKBRACE_ADJUST_SET	850448427
Bodywork.BODYWORK_RIGHT_REAR_SEAT_NECKBRACE_ADJUST_SET_RCS_hal_only	801116216
Bodywork.BODYWORK_RIGHT_REAR_SEAT_NECKBRACE_ADJUST_SET_RSE_hal_only	412192819
Bodywork.BODYWORK_RIGHT_REAR_SEAT_NECKBRACE_CONFIG	1261437386
Bodywork.BODYWORK_RIGHT_REAR_SEAT_NECKBRACE_CONFIG_4EC_hal_only	1321205793
Bodywork.BODYWORK_RIGHT_REAR_SEAT_ONEKEY_RESULT_FEEDBACK	881856532
Bodywork.BODYWORK_RIGHT_REAR_SEAT_SHOULDERBRACE_ADJUST_SET	850448424
Bodywork.BODYWORK_RIGHT_REAR_SEAT_SHOULDERBRACE_ADJUST_SET_RCS_hal_only	801116213
Bodywork.BODYWORK_RIGHT_REAR_SEAT_SHOULDERBRACE_ADJUST_SET_RSE_hal_only	412192816
Bodywork.BODYWORK_RIGHT_REAR_SEAT_SHOULDERBRACE_CONFIG	1261437385
Bodywork.BODYWORK_RIGHT_REAR_SEAT_SHOULDERBRACE_CONFIG_4EC_hal_only	1321205792
Bodywork.BODYWORK_RIGHT_REAR_WINDOW	1267728398
Bodywork.BODYWORK_RIGHT_REAR_WINDOW_CURRENT_STATE	1222639664
Bodywork.BODYWORK_RIGHT_REAR_WINDOW_THERMAL_PROTECTION	947912769
Bodywork.BODYWORK_RIGHT_REAR_WINDOW_hal_only	947912766
Bodywork.BODYWORK_RIGHT_ROW2_HAS_PERSON	1123024957
Bodywork.BODYWORK_RIGHT_SEAT_RAILS_ROW3_FEEDBACK_POSITION	881864742
Bodywork.BODYWORK_RIGHT_SEAT_ROW3_NON_ELECTRICALLY_ADJUSTABLE	881864754
Bodywork.BODYWORK_RIGHT_SEAT_ROW3_NON_ELECTRICALLY_ADJUSTABLE_hal_only	514859032
Bodywork.BODYWORK_RIGHT_SLIDE_ACTION	1260388374
Bodywork.BODYWORK_RIGHT_SLIDE_ACTION_ONLINE	-887095274
Bodywork.BODYWORK_RIGHT_SLIDE_PERCENT	1260388376
Bodywork.BODYWORK_RIGHT_SLIDE_STATE	1260388368
Bodywork.BODYWORK_RIGHT_SLIDING_DOOR_ANTI_PLAY_MODE	1260388391
Bodywork.BODYWORK_RIGHT_SLIDING_DOOR_AR_KICK_CONFIGURATION	1068498962
Bodywork.BODYWORK_RIGHT_STRUT_MOTOR_CURRENT_STATUS	1156579358
Bodywork.BODYWORK_RIGHT_STRUT_MOTOR_RUNNING_STATUS	1074790454
Bodywork.BODYWORK_RIGHT_TURN_LIGHT_COPY_SET	1139867711
Bodywork.BODYWORK_RIGHT_TURN_LIGHT_COUNTDOWN_SECONDS_SET	1139863616
Bodywork.BODYWORK_RIGHT_TURN_LIGHT_STATE_SET	1139867708
Bodywork.BODYWORK_ROW3_LEFT_VOICE_ADJUSTMENT_SIGN_FEEDBACK_1AA_hal_only	446709820
Bodywork.BODYWORK_ROW3_LEFT_VOICE_ADJUSTMENT_SIGN_FEEDBACK_349	881889348
Bodywork.BODYWORK_ROW3_RIGHT_VOICE_ADJUSTMENT_SIGN_FEEDBACK_1EB_hal_only	514867260
Bodywork.BODYWORK_ROW3_RIGHT_VOICE_ADJUSTMENT_SIGN_FEEDBACK_349	881889350
Bodywork.BODYWORK_RR_DOOR_LOCK_STATUS	1081081870
Bodywork.BODYWORK_RR_DOOR_STATUS_FLAG	692060179
Bodywork.BODYWORK_RR_ELECTRIC_DOOR_ACTUATOR_STATUS	957350179
Bodywork.BODYWORK_RR_ELECTRIC_DOOR_CURRENT_POSITION	957350006
Bodywork.BODYWORK_RR_ELECTRIC_DOOR_INIT_STATUS	957349966
Bodywork.BODYWORK_RR_ELECTRIC_DOOR_OBSTACLE	957350030
Bodywork.BODYWORK_RR_ELECTRIC_DOOR_OPEN_ANGLE_SET	1276211240
Bodywork.BODYWORK_RR_ELECTRIC_DOOR_POSITION	957349920
Bodywork.BODYWORK_RR_ELECTRIC_DOOR_PREVENT_PLAY_STATUS	957350011
Bodywork.BODYWORK_RR_ELECTRIC_DOOR_SET	1276178491
Bodywork.BODYWORK_RR_ELECTRIC_DOOR_SUCTION_ACTUATOR_STATUS	957350086
Bodywork.BODYWORK_RR_SEAT_BACKREST_POSITION	1217396752
Bodywork.BODYWORK_RR_SEAT_BACK_SWITCH_SIGNAL	42808
Bodywork.BODYWORK_RR_SEAT_BIDET_POSITION	1217396768
Bodywork.BODYWORK_RR_SEAT_HEADREST_HEIGHT_POSITION	1217396792
Bodywork.BODYWORK_RR_SEAT_HEADREST_HORIZONTAL_POSITION	1217396784
Bodywork.BODYWORK_RR_SEAT_HEIGHT_POSITION	1217396760
Bodywork.BODYWORK_RR_SEAT_HORIZONTAL_POSITION	1217396744
Bodywork.BODYWORK_RR_SEAT_IN_AND_OUT_CONFIGURATION	909131840
Bodywork.BODYWORK_RR_SEAT_LEG_REST_POSITION	1217396776
Bodywork.BODYWORK_RR_SEAT_SEAT_SYSTEM_WORKING_MODE	881856548
Bodywork.BODYWORK_RR_SEAT_TRANSVERSE_POSITION	909119528
Bodywork.BODYWORK_RR_VOICE_ADJUSTMENT_SIGN_FEEDBACK_349	881889346
Bodywork.BODYWORK_RR_VOICE_ADJUSTMENT_SIGN_FEEDBACK_35D_hal_only	909131806
Bodywork.BODYWORK_RR_WINDOW_CTRL_SET	1125122115
Bodywork.BODYWORK_RR_WINDOW_CTRL_SET_FSE_hal_only	459280427
Bodywork.BODYWORK_RR_WINDOW_CTRL_SET_RSE_hal_only	412229659
Bodywork.BODYWORK_RR_WINDOW_INIT	1222639638
Bodywork.BODYWORK_RR_WINDOW_SUNSHADE_CONTROL_SET	1276207174
Bodywork.BODYWORK_RR_WINDOW_SUNSHADE_CONTROL_SET_hal_only	589312040
Bodywork.BODYWORK_RR_WINDOW_TARGET_POSITION_SET	1276219432
Bodywork.BODYWORK_RR_WINDOW_TARGET_POSITION_SET_RSE_hal_only	412229672
Bodywork.BODYWORK_RSE_FRIDGE_DISINFECT_STATE_SET_hal_only	412229688
Bodywork.BODYWORK_RSE_FRIDGE_WORK_STATE_SET_hal_only	412229686
Bodywork.BODYWORK_RSE_MOON_ROOF_CTL_SET_hal_only	412151860
Bodywork.BODYWORK_RSE_MOON_ROOF_OPEN_PERCENT_SET	412151824
Bodywork.BODYWORK_RSE_REAR_SUNROOF_WINDOWBLIND_VOICE_CONTROL_SET_hal_only	412151868
Bodywork.BODYWORK_RSE_REAR_SUNSHADE_PANEL_PERCENT_SET	412151840
Bodywork.BODYWORK_RSE_SUNSHADE_PANEL_CTL_SET_hal_only	412151864
Bodywork.BODYWORK_RSE_SUNSHADE_PANEL_PERCENT_SET	412151832
Bodywork.BODYWORK_RSE_TRAY_MOTOR_ACTION_STATE_SET_hal_only	412229690
Bodywork.BODYWORK_R_ELEC_SLIDE_STATE_SET	1312817202
Bodywork.BODYWORK_SAND_TAB_CONFIG	341835827
Bodywork.BODYWORK_SEAT_ADJUST_VOICE_POP_UP_PROMPTS	715132976
Bodywork.BODYWORK_SEAT_LARGE_BED_MODE_CONFIGURATION	377495580
Bodywork.BODYWORK_SEAT_LARGE_BED_MODE_CONFIGURATION_UP_hal_only	775954490
Bodywork.BODYWORK_SEAT_LARGE_BED_MODE_CONFIGURATION_hal_only	715141148
Bodywork.BODYWORK_SEAT_MODE_CONTROL_SET	850448450
Bodywork.BODYWORK_SEAT_MODE_CURRENT_STATUS_FEEDBACK_TOPAD	811601936
Bodywork.BODYWORK_SEAT_MODE_CURRENT_STATUS_FEEDBACK_TOPAD_hal_only	377495584
Bodywork.BODYWORK_SEAT_MODE_FAIL_FEEDBACK_TOPAD	811601944
Bodywork.BODYWORK_SEAT_MODE_FAIL_FEEDBACK_TOPAD_hal_only	377495592
Bodywork.BODYWORK_SEAT_MODE_MULTI_MEDIA_SOUND	1131413536
Bodywork.BODYWORK_SEAT_MODE_MULTI_MEDIA_SOUND_LEFT_ECU_hal_only	902828052
Bodywork.BODYWORK_SEAT_MODE_MULTI_MEDIA_SOUND_RIGHT_ECU_hal_only	909119508
Bodywork.BODYWORK_SEAT_MODE_SKIP_CONDITIONAL_DETECTION_FLAG_SET	850497552
Bodywork.BODYWORK_SEAT_MODE_SUCCESS_FEEDBACK_TOPAD	811601940
Bodywork.BODYWORK_SEAT_MODE_SUCCESS_FEEDBACK_TOPAD_hal_only	377495588
Bodywork.BODYWORK_SEAT_MODE_WAKEUP_FEEDBACK	1291845696
Bodywork.BODYWORK_SEAT_MODE_WAKEUP_FEEDBACK_LEFT_ECU_hal_only	902828048
Bodywork.BODYWORK_SEAT_MODE_WAKEUP_FEEDBACK_RIGHT_ECU_hal_only	909119504
Bodywork.BODYWORK_SEAT_ROW3_ONEKEY_ENTER_PIT_SET	1276157986
Bodywork.BODYWORK_SEAT_TRUNK_EXTEND_CONFIG	1131413566
Bodywork.BODYWORK_SECOND_AND_THIRD_ROW_SEATS_FEEDBACK_ON_THE_EXECUTION_RESULTS	881856576
Bodywork.BODYWORK_SECOND_ROW_HEADREST_UNLOCK_CONFIG	1214251030
Bodywork.BODYWORK_SECOND_ROW_HEADREST_UNLOCK_SET	1276190787
Bodywork.BODYWORK_SECOND_ROW_HEADREST_UNLOCK_SET_RCS_hal_only	589303878
Bodywork.BODYWORK_SECOND_ROW_HEADREST_UNLOCK_SET_RSE_hal_only	412110871
Bodywork.BODYWORK_SECOND_ROW_LEFT_REST_CONFIGURATION	558948372
Bodywork.BODYWORK_SECOND_ROW_RIGHT_REST_CONFIGURATION	558948374
Bodywork.BODYWORK_SECOND_ROW_SEAT_LEFT_BACKREST_POSITION_SET	1276280856
Bodywork.BODYWORK_SECOND_ROW_SEAT_LEFT_BIDET_POSITION_SET	1276280880
Bodywork.BODYWORK_SECOND_ROW_SEAT_LEFT_HEADREST_HEIGHT_POSITION_SET	1276280896
Bodywork.BODYWORK_SECOND_ROW_SEAT_LEFT_HEADREST_HORIZONTAL_POSITION_SET	1276280888
Bodywork.BODYWORK_SECOND_ROW_SEAT_LEFT_HEIGHT_POSITION_SET	1276280872
Bodywork.BODYWORK_SECOND_ROW_SEAT_LEFT_HORIZONTAL_POSITION_SET	1276280848
Bodywork.BODYWORK_SECOND_ROW_SEAT_LEFT_LEGHOLDER_POSITION_SET	1276280864
Bodywork.BODYWORK_SECOND_ROW_SEAT_ONE_TOUCH_FOLD_CONFIG	902852656
Bodywork.BODYWORK_SECOND_ROW_SEAT_RIGHT_BACKREST_POSITION_SET	1276284952
Bodywork.BODYWORK_SECOND_ROW_SEAT_RIGHT_BIDET_POSITION_SET	1276284976
Bodywork.BODYWORK_SECOND_ROW_SEAT_RIGHT_HEADREST_HEIGHT_POSITION_SET	1276284992
Bodywork.BODYWORK_SECOND_ROW_SEAT_RIGHT_HEADREST_HORIZONTAL_POSITION_SET	1276284984
Bodywork.BODYWORK_SECOND_ROW_SEAT_RIGHT_HEIGHT_POSITION_SET	1276284968
Bodywork.BODYWORK_SECOND_ROW_SEAT_RIGHT_HORIZONTAL_POSITION_SET	1276284944
Bodywork.BODYWORK_SECOND_ROW_SEAT_RIGHT_LEGHOLDER_POSITION_SET	1276284960
Bodywork.BODYWORK_SENSE_TRUNK_SET	1276194886
Bodywork.BODYWORK_SEVEN_PERPLE_LUGGAGE_FULLY_LOAD_CONFIG	1131413558
Bodywork.BODYWORK_SEVEN_SEATS_ENJOY_CONFIG	1131413574
Bodywork.BODYWORK_SIDE_ELECT_SUNSHADE_PANEL_CTL_SET	850444317
Bodywork.BODYWORK_SKYLIGHT_THERMAL_PROTECTION	1101004856
Bodywork.BODYWORK_SLIDE_CHILDREN_LOCK_STATE	1260388386
Bodywork.BODYWORK_SLIDE_STATE	1260388384
Bodywork.BODYWORK_SMART_VOICE_LIMIT	1222639671
Bodywork.BODYWORK_SNOWFIELD_TAB_CONFIG	341835825
Bodywork.BODYWORK_STEERING_WHEEL_ANGEL	300941320
Bodywork.BODYWORK_STEERING_WHEEL_CONTROL_GARAGE_LIFT_SWITCH	-1728052184
Bodywork.BODYWORK_STEERING_WHEEL_SENSOR_CAL_FLAG	300941345
Bodywork.BODYWORK_STEERING_WHEEL_SENSOR_FLAG	300941344
Bodywork.BODYWORK_STEERING_WHEEL_SPEED	300941336
Bodywork.BODYWORK_STRAIGHT_LIGHT_COPY_SET	1139867705
Bodywork.BODYWORK_STRAIGHT_LIGHT_COUNTDOWN_SECONDS_SET	1139863608
Bodywork.BODYWORK_STRAIGHT_LIGHT_STATE_SET	1139867702
Bodywork.BODYWORK_SUNROOF_CLOSE_NOTICE	1101004847
Bodywork.BODYWORK_SUNROOF_INIT_STATE	1101004824
Bodywork.BODYWORK_SUNROOF_POSITION	1101004848
Bodywork.BODYWORK_SUNROOF_STATE	1101004832
Bodywork.BODYWORK_SUNROOF_WINDOBLIND_INIT_STATE	1101004826
Bodywork.BODYWORK_SUNROOF_WINDOBLIND_POSITION	1101004852
Bodywork.BODYWORK_SUNSHADE_PANEL	1101004835
Bodywork.BODYWORK_SUNSHADE_PANEL_CTL_SET	1125122060
Bodywork.BODYWORK_SUNSHADE_PANEL_PERCENT	1101004816
Bodywork.BODYWORK_SUNSHADE_PANEL_PERCENT_SET	1330642984
Bodywork.BODYWORK_SUPER_HIGH_ACTIVATION_STATE_SET	1324367932
Bodywork.BODYWORK_SUPER_LOW_ACTIVATION_STATE_SET	1324367934
Bodywork.BODYWORK_SWIPE_CARD_EXECUTE_RESULT	432255024
Bodywork.BODYWORK_SWIPE_CARD_OPERATION_TYPE	432255008
Bodywork.BODYWORK_SWITCH_GEAR_MODE_ARHUD	653262897
Bodywork.BODYWORK_TAB_ACTUAL_VALUE	341835784
Bodywork.BODYWORK_TAB_ACTUAL_VALUE_LEOPARD_hal_only	681574912
Bodywork.BODYWORK_TAB_CAR_START_ACTION_SIGNAL	342884393
Bodywork.BODYWORK_TAB_CONFIG	-1805647827
Bodywork.BODYWORK_TAB_LEOPARD_ACTUAL_EXECUTED_ANGLE	513807824
Bodywork.BODYWORK_TAB_LEOPARD_ACTUAL_TERRAIN_MODE	681574600
Bodywork.BODYWORK_TAB_LEOPARD_ACTUAL_TERRAIN_MODE_SET	1276272701
Bodywork.BODYWORK_TAB_LEOPARD_BRAKE_INTERVENTION_FLAG	681574603
Bodywork.BODYWORK_TAB_LEOPARD_FAULT_STATUS	681574919
Bodywork.BODYWORK_TAB_LEOPARD_FOLLOW_PROMPT_CONDITION_STATUS	681574523
Bodywork.BODYWORK_TAB_LEOPARD_PREDICT_FRONT_INWHEEL_TRACK_RADIUS	513807584
Bodywork.BODYWORK_TAB_LEOPARD_PREDICT_FRONT_OUTWHEEL_TRACK_RADIUS	513807576
Bodywork.BODYWORK_TAB_LEOPARD_PREDICT_REAR_INWHEEL_TRACK_RADIUS	513807592
Bodywork.BODYWORK_TAB_LEOPARD_PREDICT_TRACK_X_AXIS	681574896
Bodywork.BODYWORK_TAB_LEOPARD_PREDICT_TRACK_Y_AXIS	681574904
Bodywork.BODYWORK_TAB_LEOPARD_SET	1276272699
Bodywork.BODYWORK_TAB_LEOPARD_THROTTLE_CONDITION_STATUS	681574599
Bodywork.BODYWORK_TAB_NEED_MEET_ADAS_CLOSE	341835810
Bodywork.BODYWORK_TAB_NEED_MEET_ADAS_CLOSE_LEOPARD_hal_only	681574652
Bodywork.BODYWORK_TAB_NEED_MEET_AVH_CLOSE	341835811
Bodywork.BODYWORK_TAB_NEED_MEET_AVH_CLOSE_LEOPARD_hal_only	681574650
Bodywork.BODYWORK_TAB_NEED_MEET_BRAKE_DEPTH_LEOPARD	681574893
Bodywork.BODYWORK_TAB_NEED_MEET_BRAKING_SYS_NORMAL	341835807
Bodywork.BODYWORK_TAB_NEED_MEET_CAR_IN_D_GEAR	341835815
Bodywork.BODYWORK_TAB_NEED_MEET_CAR_IN_D_GEAR_LEOPARD_hal_only	681574525
Bodywork.BODYWORK_TAB_NEED_MEET_CAR_ON_LEVEL_GROUND	341835813
Bodywork.BODYWORK_TAB_NEED_MEET_CAR_ON_LEVEL_GROUND_LEOPARD_hal_only	681574543
Bodywork.BODYWORK_TAB_NEED_MEET_CLOSE_DOOR	341835804
Bodywork.BODYWORK_TAB_NEED_MEET_CLOSE_DOOR_LEOPARD_hal_only	681574596
Bodywork.BODYWORK_TAB_NEED_MEET_CRAWL_CLOSE	341835808
Bodywork.BODYWORK_TAB_NEED_MEET_CRAWL_CLOSE_LEOPARD_hal_only	681574894
Bodywork.BODYWORK_TAB_NEED_MEET_DIFFERENTIAL_LOCK_BREAK	341835817
Bodywork.BODYWORK_TAB_NEED_MEET_DIFFERENTIAL_LOCK_BREAK_LEOPARD_hal_only	681574524
Bodywork.BODYWORK_TAB_NEED_MEET_DRAG_CLOSE	341835809
Bodywork.BODYWORK_TAB_NEED_MEET_DRAG_CLOSE_LEOPARD_hal_only	681574895
Bodywork.BODYWORK_TAB_NEED_MEET_ENTER_LOW_SPEED_FOUR_WHEEL_DRIVE	341835818
Bodywork.BODYWORK_TAB_NEED_MEET_EPB_FREE	341835816
Bodywork.BODYWORK_TAB_NEED_MEET_FASTEN_SEAT_BELTS	341835805
Bodywork.BODYWORK_TAB_NEED_MEET_FASTEN_SEAT_BELTS_LEOPARD_hal_only	681574595
Bodywork.BODYWORK_TAB_NEED_MEET_HDC_CLOSE	341835812
Bodywork.BODYWORK_TAB_NEED_MEET_HDC_CLOSE_LEOPARD_hal_only	681574649
Bodywork.BODYWORK_TAB_NEED_MEET_OK_LAMP_LIGHT	341835803
Bodywork.BODYWORK_TAB_NEED_MEET_OK_LAMP_LIGHT_LEOPARD_hal_only	681574892
Bodywork.BODYWORK_TAB_NEED_MEET_POWER_SYS_NORMAL	341835806
Bodywork.BODYWORK_TAB_NEED_MEET_SPEED	341835820
Bodywork.BODYWORK_TAB_NEED_MEET_SPEED_IS_ZERO	341835814
Bodywork.BODYWORK_TAB_NEED_MEET_SPEED_IS_ZERO_LEOPARD_hal_only	681574526
Bodywork.BODYWORK_TAB_NEED_MEET_SPEED_LEOPARD_hal_only	681574434
Bodywork.BODYWORK_TAB_NEED_MEET_STEERING_WHEEL_ANGLE	341835819
Bodywork.BODYWORK_TAB_NEED_MEET_STEERING_WHEEL_ANGLE_LEOPARD_hal_only	681574435
Bodywork.BODYWORK_TAB_TERRAIN_MODE_SET	1276162116
Bodywork.BODYWORK_TAB_TEXT_PROMPT_INFO	341835792
Bodywork.BODYWORK_TAB_TEXT_PROMPT_INFO_LEOPARD_hal_only	681574915
Bodywork.BODYWORK_TAB_VOICE_INFO_PROMPT	341835797
Bodywork.BODYWORK_TAILGATE_SWITCH_PROCESS_CONFIG	654311448
Bodywork.BODYWORK_TAILGATE_SWITCH_PROCESS_STATUS	654311450
Bodywork.BODYWORK_TAILGATE_TYPE_SIGN	1274019868
Bodywork.BODYWORK_THERMAL_CONTAINER_COLD_MODE	917504064
Bodywork.BODYWORK_THERMAL_CONTAINER_COLD_MODE_SET	1276182563
Bodywork.BODYWORK_THERMAL_CONTAINER_COLD_MODE_STUDY	-1229979584
Bodywork.BODYWORK_THIRD_ROW_LEFT_BACKREST_AUTO_RESET_CONFIG_FEEDBACK	446709826
Bodywork.BODYWORK_THIRD_ROW_SEATS_FEEDBACK_ON_THE_EXECUTION_RESULTS	881856580
Bodywork.BODYWORK_TIRE_LOOSENESS_DETECTION_ENABLED_SIGNAL_SET	850432052
Bodywork.BODYWORK_TRAY_MOTOR_ACTION_STATE	917504010
Bodywork.BODYWORK_TRAY_MOTOR_ACTION_STATE_SET	1276182550
Bodywork.BODYWORK_TRAY_MOTOR_INIT_STATE	917504008
Bodywork.BODYWORK_UAV_ABNORMAL_ROLLBACK_DOOR_UNCLOSED_WARNING	932204595
Bodywork.BODYWORK_UAV_AUXILIARY_LIGHT_FAULT_STATUS	932196374
Bodywork.BODYWORK_UAV_AUXILIARY_LIGHT_SET	1324584998
Bodywork.BODYWORK_UAV_AUXILIARY_LIGHT_SWITCH_SUCCESS_ORDER	932196368
Bodywork.BODYWORK_UAV_BATTERY_CHARGING_STATUS	374346064
Bodywork.BODYWORK_UAV_BATTERY_COMPARTMENT_LOW_POWER	932208701
Bodywork.BODYWORK_UAV_BATTERY_POWER_604	374346067
Bodywork.BODYWORK_UAV_BATTERY_POWER_SET	829423640
Bodywork.BODYWORK_UAV_BATTERY_SECONDARY_PUSH_IN_ACTION_STATUS	932188189
Bodywork.BODYWORK_UAV_CALIBRATION_PARAMETER_CHANGE_COUNT	932216896
Bodywork.BODYWORK_UAV_CENTERING_CONTROL_STATUS	932192291
Bodywork.BODYWORK_UAV_CENTERING_MOTOR_FAULT_CODE	932192288
Bodywork.BODYWORK_UAV_CENTERING_MOTOR_FAULT_STATUS	932192310
Bodywork.BODYWORK_UAV_CENTERING_SET	1324584987
Bodywork.BODYWORK_UAV_CHARGE_CONTROLLER_FAULT_STATUS	932196387
Bodywork.BODYWORK_UAV_CHARGING_ANOMALY_ALERT	374346081
Bodywork.BODYWORK_UAV_CHARGING_CHAMBER_TEMP_SIGNAL	932196408
Bodywork.BODYWORK_UAV_CLAMP_CONTROL_STATUS	932192302
Bodywork.BODYWORK_UAV_CLAMP_MOTOR_FAULT_STATUS	932192309
Bodywork.BODYWORK_UAV_DELAYED_POWER_DOWN_STATUS_FEEDBACK	932212798
Bodywork.BODYWORK_UAV_DESCEND_STATUS_SET	829423632
Bodywork.BODYWORK_UAV_DOOR_MOTOR_THERMAL_PROTECTION_STATUS	932204596
Bodywork.BODYWORK_UAV_ELECTRIC_RELAY_STATUS_SET	829423648
Bodywork.BODYWORK_UAV_FAN_OPEN_CIRCUIT_FAULT	932212753
Bodywork.BODYWORK_UAV_FIRST_FAN_INLET_SPEED_FEEDBACK	932204560
Bodywork.BODYWORK_UAV_FIRST_WAREHOUSE_BATTERY_CHARGING	932200490
Bodywork.BODYWORK_UAV_FIRST_WAREHOUSE_BATTERY_FAULT	932200464
Bodywork.BODYWORK_UAV_FIRST_WAREHOUSE_BATTERY_INPLACE	932200483
Bodywork.BODYWORK_UAV_FIRST_WAREHOUSE_BATTERY_POWER	932200496
Bodywork.BODYWORK_UAV_FITST_INTERNAL_AGREEMENT	109051912
Bodywork.BODYWORK_UAV_FITST_INTERNAL_AGREEMENT_SET	108003336
Bodywork.BODYWORK_UAV_FREQUENCY_ALIGNMENT	932188192
Bodywork.BODYWORK_UAV_FUNCTION_SYNTHESIS_ORDER_SET	1324584976
Bodywork.BODYWORK_UAV_HANGAR_CONTROLLER_FAULT_STATUS	932216851
Bodywork.BODYWORK_UAV_HANGAR_CONTROLLER_WAKEUP_STATUS	932188196
Bodywork.BODYWORK_UAV_HANGAR_DOOR_COMBINATION_ACTION	932212801
Bodywork.BODYWORK_UAV_HANGAR_MOTION_SELFTEST_STATUS	932188224
Bodywork.BODYWORK_UAV_HANGAR_OVERTEMP_WARNING	932212752
Bodywork.BODYWORK_UAV_HANGAR_ROLLBACK_STATUS	932212805
Bodywork.BODYWORK_UAV_HETCH_DOOR_MOTOR_FAULT_STATUS	932196376
Bodywork.BODYWORK_UAV_HETCH_DOOR_STATUS	932204587
Bodywork.BODYWORK_UAV_HETCH_DOOR_STATUS_SET	1324584984
Bodywork.BODYWORK_UAV_INPOSITION_SIGNAL	932188184
Bodywork.BODYWORK_UAV_LANDING_HANGAR_STATUS	932188180
Bodywork.BODYWORK_UAV_LANDING_POSITION	932188186
Bodywork.BODYWORK_UAV_LAYER_BOARD_MOTOR_FAULT_STATUS	932196400
Bodywork.BODYWORK_UAV_LIFT_CONTROL_STATUS	932192272
Bodywork.BODYWORK_UAV_LIFT_MOTOR_FAULT_STATUS	932192280
Bodywork.BODYWORK_UAV_MODE_TRIGGER_FLAG_SET	1111490606
Bodywork.BODYWORK_UAV_MOTOR_CONTROLLER_FAULT_STATUS	932196379
Bodywork.BODYWORK_UAV_OFF_POSITION_FAN_TOTAL_OPERATION_COUNT	932204572
Bodywork.BODYWORK_UAV_OFF_POSITION_FAN_TOTAL_OPERATION_TIME	932216872
Bodywork.BODYWORK_UAV_OFF_POSITION_GARAGE_HIGHEST_TEMPERATURE	932216888
Bodywork.BODYWORK_UAV_REIGN_STATUS	374345750
Bodywork.BODYWORK_UAV_REQ_HIGH_VOLTAGE_POWER_SUPPLY	932208702
Bodywork.BODYWORK_UAV_ROTATE_MOTOR_CONTROL_STATUS	932188205
Bodywork.BODYWORK_UAV_ROTATE_MOTOR_FAULT_STATUS	932188214
Bodywork.BODYWORK_UAV_SECOND_INTERNAL_AGREEMENT	1173356552
Bodywork.BODYWORK_UAV_SECOND_INTERNAL_AGREEMENT_SET	1172307976
Bodywork.BODYWORK_UAV_SECOND_WAREHOUSE_BATTERY_CHARGING	932200492
Bodywork.BODYWORK_UAV_SECOND_WAREHOUSE_BATTERY_FAULT	932200466
Bodywork.BODYWORK_UAV_SECOND_WAREHOUSE_BATTERY_INPLACE	932200485
Bodywork.BODYWORK_UAV_SECOND_WAREHOUSE_BATTERY_POWER	932200504
Bodywork.BODYWORK_UAV_SWITCH_ACTION_INCLUDE_EXCHANGE_POWER	932188200
Bodywork.BODYWORK_UAV_SWITCH_ACTION_NOT_INCLUDE_EXCHANGE_POWER	931714
Bodywork.BODYWORK_UAV_SWITCH_STATUS_SET	829423624
Bodywork.BODYWORK_UAV_TAKE_OFF_STATUS_SET	829423627
Bodywork.BODYWORK_UAV_TEKEOFF_HANGAR_STATUS	932188176
Bodywork.BODYWORK_UAV_TEMP_SENSOR_FAULT	932212755
Bodywork.BODYWORK_UAV_TEMT_SIGNAL	932196416
Bodywork.BODYWORK_UAV_THIRD_WAREHOUSE_BATTERY_CHARGING	932200494
Bodywork.BODYWORK_UAV_THIRD_WAREHOUSE_BATTERY_FAULT	932200468
Bodywork.BODYWORK_UAV_THIRD_WAREHOUSE_BATTERY_INPLACE	932200488
Bodywork.BODYWORK_UAV_THIRD_WAREHOUSE_BATTERY_POWER	932200512
Bodywork.BODYWORK_UAV_TRIPOD_HEAD_CONTROL_STATUS	932188229
Bodywork.BODYWORK_UAV_TRIPOD_HEAD_MOTOR_FAULT_CODE	932188219
Bodywork.BODYWORK_UAV_TRIPOD_HEAD_MOTOR_FAULT_STATUS	932188215
Bodywork.BODYWORK_UAV_TRIPPOD_HEAD_PROTECT_SET	1324584992
Bodywork.BODYWORK_UAV_VEHICLE_SPEED_SET	829423649
Bodywork.BODYWORK_UAV_W2_IN_OUT_VEHICLE_MODE_SWITCH_COMMAND_SET	850575378
Bodywork.BODYWORK_UAV_W2_MAIN_CONTROLLER_CONTROL_COMMAND_SET	850575376
Bodywork.BODYWORK_UAV_XAXIS_CONTROL_STATUS	932212779
Bodywork.BODYWORK_UAV_YAXIS_CONTROL_STATUS	932212787
Bodywork.BODYWORK_UAV_YAXIS_MOTOR_FAULT_CODE	932212784
Bodywork.BODYWORK_UAV_YAXIS_MOTOR_FAULT_STATUS	932212768
Bodywork.BODYWORK_U_TURN_THERMAL_MANAGEMENT_SATISFY	681574594
Bodywork.BODYWORK_VEHICLE_HEIGHT	277872956
Bodywork.BODYWORK_VEHICLE_HEIGHT_hal_only	443547691
Bodywork.BODYWORK_VEHICLE_POWER_STATUS_SIGNAL_SET	829423635
Bodywork.BODYWORK_VENTILATION_HEAT_MEMORY_MARKER	715141142
Bodywork.BODYWORK_VENTILATION_HEAT_MEMORY_MARKER_21D_hal_only	567283746
Bodywork.BODYWORK_VENTILATION_HEAT_MEMORY_MARKER_349_hal_only	881885238
Bodywork.BODYWORK_VIN_WRITING_STATUS	1080045608
Bodywork.BODYWORK_VOICE_BROADCAST_OUTSIDE_CAR_SELF_LEARNING	832581678
Bodywork.BODYWORK_VOICE_CONTROL_BROADCAST_REQ_2FF	804261944
Bodywork.BODYWORK_VOICE_CONTROL_REAR_VIEW_MIRROR_ADAPTIVE_ADJUSTMENT	1276207168
Bodywork.BODYWORK_VOICE_POPUP_NOTIFICATION_RR_FLAT	909139984
Bodywork.BODYWORK_VOICE_POP_UP_2_349	881885208
Bodywork.BODYWORK_VOICE_POP_UP_PROMPTS	804278336
Bodywork.BODYWORK_WELCOME_FUNCTION_TYPE	629145912
Bodywork.BODYWORK_WHOLE_VEHICLE_LOCK_TYPE	943718450
Bodywork.BODYWORK_WINDOW_ANTIPINCH_CONFIG	1222639667
Bodywork.BODYWORK_WINDOW_CONTROL_PLAN	1222639650
Bodywork.BODYWORK_WINDOW_LEFT_FRONT_PERCENT	947912728
Bodywork.BODYWORK_WINDOW_LEFT_REAR_PERCENT	947912736
Bodywork.BODYWORK_WINDOW_PERCENTAGE_CONTROL_CONFIG	1222639652
Bodywork.BODYWORK_WINDOW_RIGHT_FRONT_PERCENT	1267728400
Bodywork.BODYWORK_WINDOW_RIGHT_FRONT_PERCENT_hal_only	947912744
Bodywork.BODYWORK_WINDOW_RIGHT_REAR_PERCENT	947912752
Bodywork.BODYWORK_WINDOW_STRUCTURE	1222639676
Bodywork.BODYWORK_WRITE_OBU_INSTRUCTION_CONTENT	-1728052185
Bodywork.BODYWORK_WRITE_OBU_INSTRUCTION_CONTENT_SET	-1442839512
Bodywork.BODYWORK_XAXIS_MOTOR_FAULT_CODE	932212776
Bodywork.BODYWORK_XAXIS_MOTOR_FAULT_STATUS	932212760
Bodywork.BODY_BLADE_BATTERY_COOLANT_LIFE	1269825768
Bodywork.BODY_BLADE_BATTERY_COOLANT_LIFE_RESET_FEEDBACK	1269825788
Bodywork.BODY_BLUETOOTH_CONTROLLER_FAULT_FLAG	602931223
Bodywork.BODY_BRAKE_FLUID_LIFE	1269825760
Bodywork.BODY_BRAKE_FLUID_LIFE_RESET_FEEDBACK	1269825792
Bodywork.BODY_CAMPING_BED_MODE_CONFIG	558948376
Bodywork.BODY_CAR_ST_HORIZONTAL_POSITION	1261437336
Bodywork.BODY_CAR_ST_HORIZONTAL_POSITION_SET	1276207152
Bodywork.BODY_CAR_ST_HORIZONTAL_POSITION_hal_only	1291845664
Bodywork.BODY_CAR_ST_VERTICAL_POSITION	1261437344
Bodywork.BODY_CAR_ST_VERTICAL_POSITION_SET	1276207160
Bodywork.BODY_CAR_ST_VERTICAL_POSITION_hal_only	1291845672
Bodywork.BODY_CHANGE_ENGINE_OIL	1269825794
Bodywork.BODY_CHANGE_TRANSMISSION_OIL	1269825796
Bodywork.BODY_DISUS_BLUETOOTH_CONTROL_ORDER	1048748048
Bodywork.BODY_DISUS_BLUETOOTH_CONTROL_ORDER_SINGLE	1048764432
Bodywork.BODY_DOOR_STRUCTURE	962592830
Bodywork.BODY_DRIVER_SEAT_BACKREST_POSITION	988807184
Bodywork.BODY_DRIVER_SEAT_BACKREST_POSITION_SET	1276203032
Bodywork.BODY_DRIVER_SEAT_HEADREST_HORIZONTAL_POSITION	988807216
Bodywork.BODY_DRIVER_SEAT_HEADREST_HORIZONTAL_POSITION_SET	1276203064
Bodywork.BODY_DRIVER_SEAT_HEADREST_VERTICAL_POSITION	988807224
Bodywork.BODY_DRIVER_SEAT_HEADREST_VERTICAL_POSITION_SET	1276203072
Bodywork.BODY_DRIVER_SEAT_HEIGHT_POSITION	988807192
Bodywork.BODY_DRIVER_SEAT_HEIGHT_POSITION_SET	1276203040
Bodywork.BODY_DRIVER_SEAT_HORIZONTAL_POSITION	988807176
Bodywork.BODY_DRIVER_SEAT_HORIZONTAL_POSITION_SET	1276203024
Bodywork.BODY_DRIVER_SEAT_LEGHOLDER_POSITION	988807208
Bodywork.BODY_DRIVER_SEAT_LEGHOLDER_POSITION_SET	1276203056
Bodywork.BODY_DRIVER_SEAT_SITPOINT_POSITION	988807200
Bodywork.BODY_DRIVER_SEAT_SITPOINT_POSITION_SET	1276203048
Bodywork.BODY_ENGINE_OIL_LIFE_RESET_FEEDBACK	1269825784
Bodywork.BODY_FATIGUE_YAWNING_SET	834666591
Bodywork.BODY_HAS_REAR_WIPER_CONFIG	321912895
Bodywork.BODY_LEFT_REARVIEW_MIRROR_HORIZONTAL_POSITION	1261437320
Bodywork.BODY_LEFT_REARVIEW_MIRROR_HORIZONTAL_POSITION_SET	1276207120
Bodywork.BODY_LEFT_REARVIEW_MIRROR_HORIZONTAL_POSITION_hal_only	1291845648
Bodywork.BODY_LEFT_REARVIEW_MIRROR_VERTICAL_POSITION	1261437328
Bodywork.BODY_LEFT_REARVIEW_MIRROR_VERTICAL_POSITION_SET	1276207128
Bodywork.BODY_LEFT_REARVIEW_MIRROR_VERTICAL_POSITION_hal_only	1291845656
Bodywork.BODY_LEFT_REAR_SEAT_WING_CONFIG	1261437383
Bodywork.BODY_LF_SEAT_WING_CONFIG	1261437375
Bodywork.BODY_LF_SEAT_WING_CONFIG_3CE_hal_only	1021313091
Bodywork.BODY_LONG_TERM_COOLANT_LIFE	1269825776
Bodywork.BODY_LONG_TERM_COOLANT_LIFE_RESET_FEEDBACK	1269825790
Bodywork.BODY_MASSAGE_PHYSICAL_BUTTONS_CONFIG	1335885854
Bodywork.BODY_MUSIC_SELECT	1048748052
Bodywork.BODY_NETWORK_CONNECT_MODE	1082130448
Bodywork.BODY_OIL_LIFE	1269825744
Bodywork.BODY_ONLINE_HAS_0x023F00	602931200
Bodywork.BODY_ONLINE_HAS_0x03C500	1011875840
Bodywork.BODY_PASSENGER_VIEWING_MODE_CONFIGURATION	558948378
Bodywork.BODY_REAR_SEAT_ONE_KEY_FLANK_ADJUST_SET	850513952
Bodywork.BODY_REPLACE_BRAKE_FLUID	1269825798
Bodywork.BODY_REPLACE_LONG_TERM_COOLANT	1269825800
Bodywork.BODY_REPLACE_THE_BLADE_BATTERY_COOLANT	1269825802
Bodywork.BODY_RF_SEAT_WING_CONFIG	1261437379
Bodywork.BODY_RF_SEAT_WING_CONFIG_3D3_hal_only	1026555971
Bodywork.BODY_RIGHT_REARVIEW_MIRROR_HORIZONTAL_POSITION	1269825808
Bodywork.BODY_RIGHT_REARVIEW_MIRROR_HORIZONTAL_POSITION_SET	1276207136
Bodywork.BODY_RIGHT_REARVIEW_MIRROR_HORIZONTAL_POSITION_hal_only	1291845680
Bodywork.BODY_RIGHT_REARVIEW_MIRROR_VERTICAL_POSITION	1269825816
Bodywork.BODY_RIGHT_REARVIEW_MIRROR_VERTICAL_POSITION_SET	1276207144
Bodywork.BODY_RIGHT_REARVIEW_MIRROR_VERTICAL_POSITION_hal_only	1291845688
Bodywork.BODY_RIGHT_REAR_SEAT_WING_CONFIG	1261437387
Bodywork.BODY_SEAT_POSITION_SET_INFO	1228931128
Bodywork.BODY_SEAT_POSITION_SET_INFO_437	1131413552
Bodywork.BODY_SHORT_TIME_DISTRACTION_REMINDER_SET	834666594
Bodywork.BODY_SMART_ENTRY_BLUETOOTH_CONNECTION_STATUS	602931221
Bodywork.BODY_SPECIAL_MODEL_FILLING_FLAG_DOLPHIN_MINI_MODIFICATION	1274019879
Bodywork.BODY_STRING_POSITION_ADJUST_SIGNAL_SET	1276137504
Bodywork.BODY_THIRD_ROW_LEFT_SEAT_HEADREST_HORIZONTAL_SWITCH_SIGNAL_SET	850513960
Bodywork.BODY_THIRD_ROW_RIGHT_SEAT_HEADREST_HORIZONTAL_SWITCH_SIGNAL_SET	850513962
Bodywork.BODY_TRANSMISSION_OIL_LIFE	1269825752
Bodywork.BODY_TRANSMISSION_OIL_LIFE_RESET_FEEDBACK	1269825786
Bodywork.BODY_UTURN_IDENTIFY_STATUS_SWITCH_SIGNAL	676331811
Bodywork.BODY_UTURN_VOT_ENTRY_REQUEST_SIGNAL	676331808
Bodywork.BODY_UTURN_VOT_PRESET_ROTATION_ANGLE_SIGNAL	676331800
Bodywork.BODY_UTURN_VOT_PRESET_ROTATION_DIRECTION_SIGNAL	676331798
Bodywork.BODY_VEHICLE_BREAKDOWN_PAD_TEXT_PROMPT	586154054
Bodywork.BODY_VOT_ALLLOW_LIGHT_ACTIVATE_BUTTON_FLAG	676331813
Bodywork.ONLINE_HAS_0x005500	89128960
Bodywork.ONLINE_HAS_0x00A500	384176
Bodywork.ONLINE_HAS_0x00D500	223346688
Bodywork.ONLINE_HAS_0x010D00	282066944
Bodywork.ONLINE_HAS_0x012300	305135616
Bodywork.ONLINE_HAS_0x013B00	330301440
Bodywork.ONLINE_HAS_0x01DA00	567461
Bodywork.ONLINE_HAS_0x020800	924118
Bodywork.ONLINE_HAS_0x021800	562036736
Bodywork.ONLINE_HAS_0x022300	573571072
Bodywork.ONLINE_HAS_0x02FC00	522188
Bodywork.ONLINE_HAS_0x033700	862978048
Bodywork.ONLINE_HAS_0x034100	873463808
Bodywork.ONLINE_HAS_0x037300	356968
Bodywork.ONLINE_HAS_0x03BA00	1000341504
Bodywork.ONLINE_HAS_0x03CD00	1020264448
Bodywork.ONLINE_HAS_0x03F100	1058013184
Bodywork.ONLINE_HAS_0x03FF00	1072693248
Bodywork.ONLINE_HAS_0x040400	1077936128
Bodywork.ONLINE_HAS_0x041800	1098907648
Bodywork.ONLINE_HAS_0x041E00	1105199104
Bodywork.ONLINE_HAS_0x044900	1150287872
Bodywork.ONLINE_HAS_0x046B00	972880
Bodywork.ONLINE_HAS_0x048100	1209008128
Bodywork.ONLINE_HAS_0x048F00	1223688192
Bodywork.ONLINE_HAS_0x04B600	1264582656
Bodywork.ONLINE_HAS_0x04C702	840807
Bodywork.ONLINE_HAS_0x04D902	1301291008
Bodywork.ONLINE_HAS_0x04F401	1329598464
Bodywork.ONLINE_HAS_0x04F600	1331691520
Aux.AUX_CONNECT_STATE	372700
Aux.AUX_SIGNAL_STATE	303650
Audio.AUDIO_3D_PROMPT_TONE_SOURCE_SET	454033474
Audio.AUDIO_3D_PROMPT_TONE_SOURCE_STATUS	891293758
Audio.AUDIO_3D_SOUND_EFFECT_CONFIG	1253048349
Audio.AUDIO_3D_SOUND_EFFECT_STATUS	1253048333
Audio.AUDIO_3D_SOUND_EFFECT_STATU_SET	470810693
Audio.AUDIO_3D_SWITCH_SET	470810671
Audio.AUDIO_3D_SWITCH_STATUS	891293743
Audio.AUDIO_ACOUSTIC_LAYOUT	891306012
Audio.AUDIO_ADAS_SUPPRESS_VOICE	1263534110
Audio.AUDIO_ADAS_SUPPRESS_VOICE_SET	372244510
Audio.AUDIO_ADJ_VOLUME_WITH_SPEED	-808452080
Audio.AUDIO_ADJ_VOLUME_WITH_SPEED_IVI	1339031568
Audio.AUDIO_ADJ_VOLUME_WITH_SPEED_IVI_SET	470810640
Audio.AUDIO_ADJ_VOLUME_WITH_SPEED_RCS_SET	589340692
Audio.AUDIO_ADJ_VOLUME_WITH_SPEED_SET	-1676673008
Audio.AUDIO_ADJ_VOLUME_WITH_SPEED_TV_SCREEN	1266679868
Audio.AUDIO_ADJ_VOLUME_WITH_SPEED_TV_SCREEN_SET	937435160
Audio.AUDIO_AI_SPATIAL_SOUND_CONFIG	891306018
Audio.AUDIO_ALLOW_RCS_USE_AUDIO_SET	1111490584
Audio.AUDIO_AMPLIFIER_ANC_CONFIG	1339031621
Audio.AUDIO_AMPLIFIER_CONFIG	1339031600
Audio.AUDIO_AMPLIFIER_TYPE	-1728052716
Audio.AUDIO_ANC_CONFIG	-1728052842
Audio.AUDIO_ANC_SOUND_SOURCE_SET_SET	454033461
Audio.AUDIO_ANC_SOUND_SOURCE_STATE	1281359909
Audio.AUDIO_ANC_VERSION	-1728052841
Audio.AUDIO_APPLICATION_FOR_VIHICLE_AUDIO_SET_GET	973078592
Audio.AUDIO_ARAOKE_MODE_SET	1309224976
Audio.AUDIO_ARMREST_SCREEN_SINGER_NAME_SET	1140396040
Audio.AUDIO_AUX_STATE	58916
Audio.AUDIO_AVAS_AUDIO_SOURCE_TO_EXTERNAL_SPEAKER_SET	850509890
Audio.AUDIO_AVAS_AUDIO_SOURCE_TO_EXTERNAL_SPEAKER_STATUS	891301938
Audio.AUDIO_AVAS_FAULT_STATUS	891293762
Audio.AUDIO_AVAS_SOUND_SOURCE_SET_SET	454033469
Audio.AUDIO_AVAS_SOUND_SOURCE_STATE	1281359917
Audio.AUDIO_AVAS_SOURCE_TYPE	-1728052894
Audio.AUDIO_BACKROW_INCAR_COMMUNICATE_VOLUME	891293728
Audio.AUDIO_BACKROW_INCAR_COMMUNICATE_VOLUME_SET	937435176
Audio.AUDIO_BALANCE_RESET_SET	1043333187
Audio.AUDIO_BASS_SET_SET	454033448
Audio.AUDIO_BASS_SET_STATE	1281359896
Audio.AUDIO_BASS_SPEAKER_FAILURE_STATE	1339031608
Audio.AUDIO_BASS_SPEAKER_WORKING_STATE	1339031606
Audio.AUDIO_BD_SOUND_SOURCE_SET_SET	470810662
Audio.AUDIO_BD_SOUND_SOURCE_STATE	1339031582
Audio.AUDIO_BLUETOOTH_MUSIC_PLAYBACK_ABNORMAL_STATUS	1078984738
Audio.AUDIO_CARPLAY_CALL_STATUS	-1442840058
Audio.AUDIO_CEILING_SPEAKER_CONFIG	1263534113
Audio.AUDIO_CHANNEL	1108344872
Audio.AUDIO_CHANNEL_SET	1309216784
Audio.AUDIO_CHANNLE_WITH_MUTE_STATE_SET	-1442840290
Audio.AUDIO_CMD_ARKAMYS_SOUNDSTAGE_MODE	1118830613
Audio.AUDIO_CMD_ARKAMYS_SOUNDSTAGE_MODE_SET	1309061136
Audio.AUDIO_CMD_ARKAMYS_SOUNDSTAGE_WOOFER	1118830606
Audio.AUDIO_CMD_ARKAMYS_SOUNDSTAGE_WOOFER_SET	1309061152
Audio.AUDIO_CMD_BEAM_FORM	1118830621
Audio.AUDIO_CMD_BEAM_FORM_SET	1309073424
Audio.AUDIO_CONTROL_IFLYTEK_SET	1309147152
Audio.AUDIO_CURRENT_SINGER_NAME	417927176
Audio.AUDIO_CURRENT_VOLUME_MAX_SET_GET	1078984720
Audio.AUDIO_CURRENT_VOLUME_MIN_SET_GET	1078984712
Audio.AUDIO_CUSTOM_KEY_MEDIA_PLAY_PAUSE_NOTIFY	425620
Audio.AUDIO_CUSTOM_KEY_MEDIA_PLAY_PAUSE_NOTIFY_SET	1111490599
Audio.AUDIO_DEVIALET_SOUND_125HZ	-894435288
Audio.AUDIO_DEVIALET_SOUND_125HZ_IVI	1253048360
Audio.AUDIO_DEVIALET_SOUND_125HZ_IVI_SET	445644840
Audio.AUDIO_DEVIALET_SOUND_125HZ_SET	-1701838808
Audio.AUDIO_DEVIALET_SOUND_125HZ_TV_SCREEN	1263534140
Audio.AUDIO_DEVIALET_SOUND_125HZ_TV_SCREEN_SET	937431092
Audio.AUDIO_DEVIALET_SOUND_2000HZ	-894435276
Audio.AUDIO_DEVIALET_SOUND_2000HZ_IVI	1253048372
Audio.AUDIO_DEVIALET_SOUND_2000HZ_IVI_SET	445644852
Audio.AUDIO_DEVIALET_SOUND_2000HZ_SET	-1701838796
Audio.AUDIO_DEVIALET_SOUND_2000HZ_TV_SCREEN	1266679856
Audio.AUDIO_DEVIALET_SOUND_2000HZ_TV_SCREEN_SET	937431104
Audio.AUDIO_DEVIALET_SOUND_315HZ	-894435284
Audio.AUDIO_DEVIALET_SOUND_315HZ_IVI	1253048364
Audio.AUDIO_DEVIALET_SOUND_315HZ_IVI_SET	445644844
Audio.AUDIO_DEVIALET_SOUND_315HZ_SET	-1701838804
Audio.AUDIO_DEVIALET_SOUND_315HZ_TV_SCREEN	1263534144
Audio.AUDIO_DEVIALET_SOUND_315HZ_TV_SCREEN_SET	937431096
Audio.AUDIO_DEVIALET_SOUND_5000HZ	-894435272
Audio.AUDIO_DEVIALET_SOUND_5000HZ_IVI	1253048376
Audio.AUDIO_DEVIALET_SOUND_5000HZ_IVI_SET	445644856
Audio.AUDIO_DEVIALET_SOUND_5000HZ_SET	-1701838792
Audio.AUDIO_DEVIALET_SOUND_5000HZ_TV_SCREEN	1266679860
Audio.AUDIO_DEVIALET_SOUND_5000HZ_TV_SCREEN_SET	937431108
Audio.AUDIO_DEVIALET_SOUND_50HZ	-894435292
Audio.AUDIO_DEVIALET_SOUND_50HZ_IVI	1253048356
Audio.AUDIO_DEVIALET_SOUND_50HZ_IVI_SET	445644836
Audio.AUDIO_DEVIALET_SOUND_50HZ_SET	-1701838812
Audio.AUDIO_DEVIALET_SOUND_50HZ_TV_SCREEN	1263534136
Audio.AUDIO_DEVIALET_SOUND_50HZ_TV_SCREEN_SET	937431088
Audio.AUDIO_DEVIALET_SOUND_8000HZ	-894435268
Audio.AUDIO_DEVIALET_SOUND_8000HZ_IVI	1253048380
Audio.AUDIO_DEVIALET_SOUND_8000HZ_IVI_SET	445644860
Audio.AUDIO_DEVIALET_SOUND_8000HZ_SET	-1701838788
Audio.AUDIO_DEVIALET_SOUND_8000HZ_TV_SCREEN	1266679844
Audio.AUDIO_DEVIALET_SOUND_8000HZ_TV_SCREEN_SET	937435152
Audio.AUDIO_DEVIALET_SOUND_800HZ	-894435280
Audio.AUDIO_DEVIALET_SOUND_800HZ_IVI	1253048368
Audio.AUDIO_DEVIALET_SOUND_800HZ_IVI_SET	445644848
Audio.AUDIO_DEVIALET_SOUND_800HZ_SET	-1701838800
Audio.AUDIO_DEVIALET_SOUND_800HZ_TV_SCREEN	1263534148
Audio.AUDIO_DEVIALET_SOUND_800HZ_TV_SCREEN_SET	937431100
Audio.AUDIO_DEVIALET_SPACE_SOUND	-894435296
Audio.AUDIO_DEVIALET_SPACE_SOUND_IVI	1253048352
Audio.AUDIO_DEVIALET_SPACE_SOUND_IVI_SET	445644832
Audio.AUDIO_DEVIALET_SPACE_SOUND_SET	-1701838816
Audio.AUDIO_DEVIALET_SPACE_SOUND_TV_SCREEN	1266679864
Audio.AUDIO_DEVIALET_SPACE_SOUND_TV_SCREEN_SET	937435156
Audio.AUDIO_DIRAC_LIVE	1108344862
Audio.AUDIO_DIRAC_LIVE_SET	1309057040
Audio.AUDIO_DIRAC_LIVE_STAGE	1108344860
Audio.AUDIO_DIRAC_LIVE_STAGE_SET	1309343760
Audio.AUDIO_DMS_ALERT_SET	-1442840232
Audio.AUDIO_DPIN_OUTPUT_STATUS_SET	-1442839964
Audio.AUDIO_DSP_ECNR_ALGORITHM_VERSION	-1728052429
Audio.AUDIO_DSP_TYPE	-1728052715
Audio.AUDIO_DYNAUDIO_SOUNDFIELD_FOCUS_RESET_SET	470810637
Audio.AUDIO_DYNAUDIO_SOUND_FEATURES	-866123768
Audio.AUDIO_DYNAUDIO_SOUND_FEATURES_IVI	1281359880
Audio.AUDIO_DYNAUDIO_SOUND_FEATURES_IVI_SET	454033432
Audio.AUDIO_DYNAUDIO_SOUND_FEATURES_RCS_SET	589340688
Audio.AUDIO_DYNAUDIO_SOUND_FEATURES_SET	-1693450216
Audio.AUDIO_DYNAUDIO_SOUND_FEATURES_TV_SCREEN	1263534132
Audio.AUDIO_DYNAUDIO_SOUND_FEATURES_TV_SCREEN_SET	937431084
Audio.AUDIO_DYNAUDIO_SOUND_RESET_IVI_SET	454033476
Audio.AUDIO_DYNAUDIO_SOUND_RESET_RCS_SET	589340711
Audio.AUDIO_DYNAUDIO_SOUND_RESET_SET	-1693450172
Audio.AUDIO_DYNAUDIO_SOUND_RESET_TV_SCREEN_SET	937431079
Audio.AUDIO_DYNA_REWORK_SOUND_EFFECT_CONFIG	-1728052685
Audio.AUDIO_DYNA_REWORK_SOUND_EFFECT_STYLE	-1728052684
Audio.AUDIO_DYNA_REWORK_SOUND_EFFECT_STYLE_SET	-1442840012
Audio.AUDIO_DYNA_VERSION	-1728052893
Audio.AUDIO_EQUALIZER_FREQUENCY_1	1108344874
Audio.AUDIO_EQUALIZER_FREQUENCY_1_SET	1309040656
Audio.AUDIO_EQUALIZER_FREQUENCY_2	1108344879
Audio.AUDIO_EQUALIZER_FREQUENCY_2_SET	1309040664
Audio.AUDIO_EQUALIZER_FREQUENCY_3	1108344884
Audio.AUDIO_EQUALIZER_FREQUENCY_3_SET	1309040672
Audio.AUDIO_EQUALIZER_FREQUENCY_4	1108344889
Audio.AUDIO_EQUALIZER_FREQUENCY_4_SET	1309040680
Audio.AUDIO_EQUALIZER_FREQUENCY_5	1108344894
Audio.AUDIO_EQUALIZER_FREQUENCY_5_SET	1309040688
Audio.AUDIO_EQ_RESET_SET	1043333186
Audio.AUDIO_ESS_AMPLIFIER_CONFIGURATION	1339031616
Audio.AUDIO_ESS_AUDIO_SOURCE_PREVIEW_1B1_SET	454033416
Audio.AUDIO_ESS_AUDIO_SOURCE_PREVIEW_RESULT	1339031613
Audio.AUDIO_ESS_SETTING_1B1_STATUS_SET	454033419
Audio.AUDIO_ESS_SETTING_STATUS	1339031610
Audio.AUDIO_ESS_VOLUME_GEAR_CONFIG	891293733
Audio.AUDIO_ESS_VOLUME_SETTING	891293722
Audio.AUDIO_ESS_VOLUME_SETTING_SET	372244541
Audio.AUDIO_EXTERIOR_PROMPT_TONE_SOURCE_SET	454033475
Audio.AUDIO_EXTERIOR_PROMPT_TONE_SOURCE_STATUS	891293759
Audio.AUDIO_EXTERIOR_SPEAKER_CONFIG	891293750
Audio.AUDIO_EXTERIOR_SPEAKER_SWITCH_SET	470810638
Audio.AUDIO_EXTERIOR_SPEAKER_SWITCH_STATUS	891293760
Audio.AUDIO_FAULT_TYPE_A2B_STATUS	-1728052665
Audio.AUDIO_FAULT_TYPE_DSP_STATUS	-1728052664
Audio.AUDIO_FAULT_TYPE_PAD_INIT_STATUS	-1728052663
Audio.AUDIO_FAULT_TYPE_PA_STATUS	-1728052666
Audio.AUDIO_FM_HARDWARE_CONFIGURATION	-1728052730
Audio.AUDIO_FM_REINIT_STATE	250058
Audio.AUDIO_FM_SOURCE_JUDGMENT_SET	1138753588
Audio.AUDIO_FRONT_BACK_FIELD_SET_SET	470810632
Audio.AUDIO_FRONT_BACK_FIELD_STATE	1281359920
Audio.AUDIO_FRONT_REAR_LEFT_RIGHT_FIELD_STATE	-1728052599
Audio.AUDIO_FRONT_REAR_LEFT_RIGHT_SOUND_FEATURE_STATUS	-1728052600
Audio.AUDIO_FRONT_REAR_SOUND_FEATURE_STATUS	1253048328
Audio.AUDIO_FRONT_REAR_SOUND_FEATURE_STATUS_SET	470810683
Audio.AUDIO_FSE_CURRENT_SINGER_NAME_SET	470355976
Audio.AUDIO_FSE_CURRENT_SOUND_SOURCE_VOLUME_ADJUSTMENT_SET	459280400
Audio.AUDIO_FSE_PLAY_PROGRESS_SETTING	459309072
Audio.AUDIO_FSE_PLAY_TIME_HOUR_SET	826282000
Audio.AUDIO_FSE_PLAY_TIME_MINUTE_SET	826282008
Audio.AUDIO_FSE_PLAY_TIME_SECOND_SET	826282016
Audio.AUDIO_FSE_PLAY_TIME_TOTAL_TIME	826282000
Audio.AUDIO_FSE_SET_MUSIC_INFO	-1728052637
Audio.AUDIO_FSE_SET_SINGER_INFO	-1728052635
Audio.AUDIO_FSE_TOTAL_TIME_HOUR_SET	826282024
Audio.AUDIO_FSE_TOTAL_TIME_MINUTE_SET	826282032
Audio.AUDIO_FSE_TOTAL_TIME_SECOND_SET	826282040
Audio.AUDIO_HAS_ARKAMYS_SOUNDSTAGE_MODE	-1028653035
Audio.AUDIO_HAS_DIRAC_LIVE_STAGE	-1039138788
Audio.AUDIO_HAS_EXTERNAL_FM_CHIP	-1728052895
Audio.AUDIO_HEADREST_AMPLIFIER_CONFIG	1255145483
Audio.AUDIO_HEADREST_AMPLIFIER_HANDSHAKE_RESULT_STATUS	1255145481
Audio.AUDIO_HEADREST_AMPLIFIER_INITIALIZATION_STATUS	1255145480
Audio.AUDIO_HEADREST_SOUND_EFFECT_STATUS	-894435307
Audio.AUDIO_HEADREST_SOUND_EFFECT_STATUS_IVI	1253048341
Audio.AUDIO_HEADREST_SOUND_EFFECT_STATUS_IVI_SET	470810677
Audio.AUDIO_HEADREST_SOUND_EFFECT_STATUS_SET	-1676672971
Audio.AUDIO_HEADREST_SOUND_EFFECT_STATUS_TV_SCREEN	1266679853
Audio.AUDIO_HEADREST_SOUND_EFFECT_STATUS_TV_SCREEN_SET	937431076
Audio.AUDIO_HEADREST_SOUND_VOLUME_STATE	1263534091
Audio.AUDIO_HEADREST_SOUND_VOLUME_STATE_SET	372244491
Audio.AUDIO_HEADREST_SPEAKER_CONFIG	1253048344
Audio.AUDIO_HEADREST_SPEAKER_SET_CONFIG	1255145488
Audio.AUDIO_HW_L1_SOUNDING_DIRECTION_SET	850509856
Audio.AUDIO_HW_L1_SOUNDING_DIRECTION_STATUS	891297824
Audio.AUDIO_HW_L2_SILENCE_SET	850509852
Audio.AUDIO_HW_L2_SILENCE_STATUS	891297820
Audio.AUDIO_HW_L3_SILENCE_SET	850509854
Audio.AUDIO_HW_L3_SILENCE_STATUS	891297822
Audio.AUDIO_HW_MDC_L2_LOWER_SET	850509860
Audio.AUDIO_HW_MDC_L2_LOWER_STATUS	891297828
Audio.AUDIO_HW_MDC_LOW_SET	372244549
Audio.AUDIO_IFLYTEK_FUNCTION_MODE	1111490568
Audio.AUDIO_IFLYTEK_FUNCTION_MODE_SET	1309151248
Audio.AUDIO_IFLYTEK_WORK_MODE	1111490571
Audio.AUDIO_IFLYTEK_WORK_MODE_SET	1309155344
Audio.AUDIO_INCAR_COMMUNICATE	1263534120
Audio.AUDIO_INCAR_COMMUNICATE_FUNCTION	1249906742
Audio.AUDIO_INCAR_COMMUNICATE_SET	372244513
Audio.AUDIO_INCAR_COMMUNICATE_VOLUME	1266679848
Audio.AUDIO_INCAR_COMMUNICATE_VOLUME_SET	372244536
Audio.AUDIO_INITIALIZATION_STATUS	1281359934
Audio.AUDIO_INS_SOUND_SOURCE_SET_SET	454033477
Audio.AUDIO_INS_SOUND_SOURCE_STATE	1281359925
Audio.AUDIO_INTELLIGENT_VOICE_SOURCE_STATUS	1253048384
Audio.AUDIO_INTELLIGENT_VOICE_SOURCE_STATUS_SET	445644808
Audio.AUDIO_IVI_CONTROL_RSE_TO_CONNECT_AUDIO	457179186
Audio.AUDIO_IVI_SET_MUSIC_INFO	-1728052879
Audio.AUDIO_IVI_SET_SINGER_INFO	-1728052717
Audio.AUDIO_KARAOKE_OCCURRENCE_SETTING_SET	454033424
Audio.AUDIO_KARAOKE_OCCURRENCE_STATUS	1339031619
Audio.AUDIO_KARA_OK_EQ1	1118830608
Audio.AUDIO_KARA_OK_EQ1_SET	1309052944
Audio.AUDIO_KARA_OK_EQ2	1118830616
Audio.AUDIO_KARA_OK_EQ2_SET	1309052952
Audio.AUDIO_KARA_OK_EQ3	1118830624
Audio.AUDIO_KARA_OK_EQ3_SET	1309052960
Audio.AUDIO_KEY_TONE_SET	454033422
Audio.AUDIO_KSONG_FUNCTION_SWITCH_SET	850509876
Audio.AUDIO_KSONG_FUNCTION_SWITCH_STATUS	891297846
Audio.AUDIO_KSONG_MUSIC_SOURCE_CONFIG_SET	850509867
Audio.AUDIO_KSONG_MUSIC_SOURCE_CONFIG_STATUS	891297835
Audio.AUDIO_KSONG_RECEIVER_POWER_ON_OFF	-1728052843
Audio.AUDIO_KSONG_RECEIVER_POWER_ON_OFF_SET	-1442840171
Audio.AUDIO_KSONG_VOCAL_SEPARATION_CONFIG	891297830
Audio.AUDIO_LAS_MUSIC_PLAYBACK_PROGRESS	796946448
Audio.AUDIO_LEFT_REAR_HEADREST_MEDIA_SOUND_MUTE_SET	1276256286
Audio.AUDIO_LEFT_REAR_HEADREST_VOLUME_SET	1276256288
Audio.AUDIO_LEFT_REAR_HEADREST_VOLUME_STATUS	1255145504
Audio.AUDIO_LEFT_RIGHT_FIELD_SET_SET	470810653
Audio.AUDIO_LEFT_RIGHT_FIELD_SET_SET_FSE_hal_only	459280432
Audio.AUDIO_LEFT_RIGHT_FIELD_SET_SET_hal_only	412127293
Audio.AUDIO_LEFT_RIGHT_FIELD_SET_STATE	1281359936
Audio.AUDIO_LEFT_RIGHT_SOUND_FEATURE_STATUS	1253048336
Audio.AUDIO_LEFT_RIGHT_SOUND_FEATURE_STATUS_SET	470810688
Audio.AUDIO_LF_HEADREST_SPEAKER_SWITCH	1263534124
Audio.AUDIO_LF_HEADREST_SPEAKER_SWITCH_SET	372244524
Audio.AUDIO_LOCK_CAR_SOUND_EFFECT_PLAYBACK_STATUS_SET	-1442839775
Audio.AUDIO_LOUDNESS	1108344864
Audio.AUDIO_LOUDNESS_SET	1309065232
Audio.AUDIO_LOUDSPEAKER_NUM	1108344900
Audio.AUDIO_LRSE_LAS_MEDIA_STATUS_CONTROL	796946456
Audio.AUDIO_LRSE_LAS_MUSIC_SOURCE_SWITCH	796946480
Audio.AUDIO_LRSE_LAS_MUSIC_SWITCH	796946458
Audio.AUDIO_LRSE_MEDIA_SOURCE_SET	1001390136
Audio.AUDIO_LRSE_MEDIA_SOURCE_SET_OLD	1001390132
Audio.AUDIO_LRSE_MUSIC_INFO_SET	419106824
Audio.AUDIO_LRSE_MUSIC_PLAYBACK_PROGRESS	796946448
Audio.AUDIO_LRSE_MUSIC_PLAYBACK_PROGRESS_SET	1001390124
Audio.AUDIO_LRSE_MUSIC_PLAY_STATE_SET	1001390120
Audio.AUDIO_LRSE_MUTE_STATUS_SET_GET	1092616208
Audio.AUDIO_LRSE_PLAY_TIME_HOUR_SET	1325404176
Audio.AUDIO_LRSE_PLAY_TIME_MINUTE_SET	1325404184
Audio.AUDIO_LRSE_PLAY_TIME_SECOND_SET	1325404192
Audio.AUDIO_LRSE_PLAY_TIME_TOTAL_TIME	1325404176
Audio.AUDIO_LRSE_RADIO_INFO_SET	419237896
Audio.AUDIO_LRSE_RADIO_STATE_SET	1001390122
Audio.AUDIO_LRSE_SINGER_NAME_SET	418975752
Audio.AUDIO_LRSE_TOTAL_TIME_HOUR_SET	1325404200
Audio.AUDIO_LRSE_TOTAL_TIME_MINUTE_SET	1325404208
Audio.AUDIO_LRSE_TOTAL_TIME_SECOND_SET	1325404216
Audio.AUDIO_LRSE_TO_IVI_MUTE_REQUEST_SET	356524049
Audio.AUDIO_LRSE_VOLUME_SET_GET	1092616200
Audio.AUDIO_MAIN_AMPLIFIER_HANDSHAKE_RESULT_STATE	1253048388
Audio.AUDIO_MAIN_DRIVER_LOOPBACK_PASSAGE_CONTROL	-1442839807
Audio.AUDIO_MASTER_VOLUME_SET_SET	470810656
Audio.AUDIO_MASTER_VOLUME_STATE	1339031576
Audio.AUDIO_MCU_AMBIENT_LIGHT_SPECTRUM_DATA	-1728052696
Audio.AUDIO_MEDIA_AUDIO_WORKING_MODE_SET	1138753600
Audio.AUDIO_MEDIA_AUDIO_WORKING_MODE_SET_FSE_hal_only	598736904
Audio.AUDIO_MEDIA_AUDIO_WORKING_MODE_SET_hal_only	412221472
Audio.AUDIO_MEDIA_AUDIO_WORKING_STATE_SET	1138753604
Audio.AUDIO_MEDIA_AUDIO_WORKING_STATE_SET_FSE_hal_only	598736908
Audio.AUDIO_MEDIA_AUDIO_WORKING_STATE_SET_hal_only	412221476
Audio.AUDIO_MEDIA_DISPLAY_CONTROL	786432032
Audio.AUDIO_MEDIA_INITIALIZATION_STATUS_SET	1138753544
Audio.AUDIO_MEDIA_SOUND_MUTE_SET_SET	470810680
Audio.AUDIO_MEDIA_SOUND_MUTE_STATE	1339031597
Audio.AUDIO_MEDIA_SOUND_SOURCE_SET_SET	454033436
Audio.AUDIO_MEDIA_SOUND_SOURCE_STATE	1281359884
Audio.AUDIO_MEDIA_SOUND_VOLUME_SUPPRESS_SET	470810672
Audio.AUDIO_MEDIA_SOUND_VOLUME_SUPP_STATE	1339031592
Audio.AUDIO_MEDIA_SOURCE_ARMREST_SCREEN	589307928
Audio.AUDIO_MEDIA_SOURCE_ARMREST_SCREEN_SET	589307936
Audio.AUDIO_MEDIA_SOURCE_CHANGE	786432028
Audio.AUDIO_MEDIA_SOURCFE_SET	454033472
Audio.AUDIO_MEDIA_SOURCFE_STATUS	1266679874
Audio.AUDIO_MEDIA_SOURCFE_STATUS_SET	937435166
Audio.AUDIO_MEDIUM_DOOR_PANEL_MUSIC_CONTROL	943718434
Audio.AUDIO_MIC_AMP_GAIN	1118830600
Audio.AUDIO_MIC_AMP_GAIN_SET	1309048848
Audio.AUDIO_MIC_GAIN_REFERENCE_SET	-1442840053
Audio.AUDIO_MIDRANGE_SET_SET	454033456
Audio.AUDIO_MIDRANGE_SET_STATE	1281359904
Audio.AUDIO_MIDRANGE_TREBLE_SET	372244544
Audio.AUDIO_MIDRANGE_TREBLE_STATUS	891293736
Audio.AUDIO_MUSIC_CHANGE_SOURCE	-1728053172
Audio.AUDIO_MUSIC_CHANGE_SOURCE_SET	-1442840509
Audio.AUDIO_MUTE_STATUS	1108344846
Audio.AUDIO_MUTE_STATUS_SET	1309024272
Audio.AUDIO_NAVIGATION_AND_MEDIA_CHANNEL_STATE	-1728052703
Audio.AUDIO_NAVIGATION_AND_MEDIA_CHANNEL_STATE_SET	-1442840031
Audio.AUDIO_NAVIGATION_TONE_LOW_STATE	1263534090
Audio.AUDIO_NAVIGATION_TONE_LOW_STATE_SET	372244490
Audio.AUDIO_NAVIGATION_VOLUME_SET_SET	470810644
Audio.AUDIO_NAVIGATION_VOLUME_STATE	1339031572
Audio.AUDIO_NAVIGA_SOUND_SOURCE_SET_SET	454033453
Audio.AUDIO_NAVIGA_SOUND_SOURCE_STATE	1281359901
Audio.AUDIO_NAVI_MUTE_STATUS	1108344867
Audio.AUDIO_NAVI_MUTE_STATUS_SET	1309069328
Audio.AUDIO_NAVI_SUPPRESS_VOICE	1263534111
Audio.AUDIO_NAVI_SUPPRESS_VOICE_SET	372244511
Audio.AUDIO_NAVI_VOLUME	1108344868
Audio.AUDIO_NAVI_VOLUME_SET	1309081616
Audio.AUDIO_NEW_NAVIGATION_VOLUME_SET_SET	445644822
Audio.AUDIO_NEW_NAVIGATION_VOLUME_SET_STATUS	891293752
Audio.AUDIO_NEW_SMART_VOICE_VOLUME_SET_SET	445644816
Audio.AUDIO_NEW_SMART_VOICE_VOLUME_SET_STATUS	891293744
Audio.AUDIO_OUT_DEVICE_CHANGE_SET	-1442839984
Audio.AUDIO_OUT_DEVICE_CHANGE_SET_hal_only	-1442839983
Audio.AUDIO_PASSENGER_SEAT_AUDIO_DEVICE_OUTPUT_SET	1276256302
Audio.AUDIO_PASSENGER_SEAT_AUDIO_DEVICE_OUTPUT_STATUS	1255145502
Audio.AUDIO_PASSENGER_SEAT_HEADREST_MEDIA_SOUND_MUTE_SET	1276256278
Audio.AUDIO_PASSENGER_SEAT_HEADREST_VOLUME_SET	1276256280
Audio.AUDIO_PASSENGER_SEAT_HEADREST_VOLUME_STATUS	1255145496
Audio.AUDIO_PHONE_SOUND_SOURCE_STATE	1263534088
Audio.AUDIO_PHONE_SOUND_SOURCE_STATE_SET	372244488
Audio.AUDIO_PHONE_VOLUME_SET_SET	470810664
Audio.AUDIO_PHONE_VOLUME_STATE	1339031584
Audio.AUDIO_PLAY_PROGRESS_SETTING	589307920
Audio.AUDIO_PLAY_TIME_HOUR_SET	1309671432
Audio.AUDIO_PLAY_TIME_MINUTE_SET	1309671440
Audio.AUDIO_PLAY_TIME_SECOND_SET	1309671448
Audio.AUDIO_PLAY_TIME_TOTAL_TIME	1309671432
Audio.AUDIO_PROMPT_VOLUME_LEVEL_SET	-1442839911
Audio.AUDIO_PROMPT_VOLUME_LEVEL_STATUS	-1728052473
Audio.AUDIO_RADAR_SOUND_LF_SET_SET	1138753545
Audio.AUDIO_RADAR_SOUND_LF_STATE	1281359935
Audio.AUDIO_RADAR_SOUND_LR_SET_SET	1138753598
Audio.AUDIO_RADAR_SOUND_LR_STATE	1281359942
Audio.AUDIO_RADAR_SOUND_RF_SET_SET	1138753597
Audio.AUDIO_RADAR_SOUND_RF_STATE	1281359941
Audio.AUDIO_RADAR_SOUND_RR_SET_SET	1138753599
Audio.AUDIO_RADAR_SOUND_RR_STATE	1281359943
Audio.AUDIO_RADAR_SOUND_SOURCE_SET_SET	454033445
Audio.AUDIO_RADAR_SOUND_SOURCE_STATE	1281359893
Audio.AUDIO_RADAR_SOUND_VOLUME_SET_SET	454033426
Audio.AUDIO_RADAR_SOUND_VOLUME_STATE	1281359928
Audio.AUDIO_RAS_MUSIC_PLAYBACK_PROGRESS	801140752
Audio.AUDIO_RCS_3D_SOUND_EFFECT_STATU_SET_hal_only	589344806
Audio.AUDIO_RCS_APPLICATION_FOR_VIHICLE_AUDIO_SET_GET	589307944
Audio.AUDIO_RCS_BASS_SET_SET_hal_only	589340712
Audio.AUDIO_RCS_DYNAUDIO_SOUNDFIELD_FOCUS_RESET_SET_hal_only	589344791
Audio.AUDIO_RCS_FRONT_BACK_FIELD_SET_SET_hal_only	589340730
Audio.AUDIO_RCS_FRONT_REAR_SOUND_FEATURE_STATUS_SET_hal_only	589340696
Audio.AUDIO_RCS_LEFT_RIGHT_FIELD_SET_SET_hal_only	589340727
Audio.AUDIO_RCS_LEFT_RIGHT_SOUND_FEATURE_STATUS_SET_hal_only	589340701
Audio.AUDIO_RCS_MIDRANGE_SET_SET_hal_only	589340717
Audio.AUDIO_RCS_SEARCH_STATION_SET	786432048
Audio.AUDIO_RCS_SOUND_FIELD_FOCUS_SET_SET_hal_only	589340735
Audio.AUDIO_RCS_SUBWOOFER_SET_SET_hal_only	589340706
Audio.AUDIO_RCS_TO_IVI_PAD_REQUEST_OPEN_AUDIO_SWITCH	589307946
Audio.AUDIO_RCS_TREBLE_SET_SET_hal_only	589340722
Audio.AUDIO_REAR_AUDIO_DEVICE_OUTPUT_SET	1276256304
Audio.AUDIO_REAR_AUDIO_DEVICE_OUTPUT_STATUS	1255145485
Audio.AUDIO_REAR_INCAR_COMMUNICATE_REQUEST	980418621
Audio.AUDIO_REAR_INCAR_COMMUNICATE_SET	372244533
Audio.AUDIO_REAR_KARAOKE_OCCURRENCE_SETTING	1266679876
Audio.AUDIO_REAR_KARAOKE_OCCURRENCE_SETTING_SET	937435168
Audio.AUDIO_REAR_KEY_TONE_STATUS	1266679842
Audio.AUDIO_REAR_KEY_TONE_STATUS_SET	937431070
Audio.AUDIO_REAR_MAIN_VOLUME_STATUS	1266679824
Audio.AUDIO_REAR_MAIN_VOLUME_STATUS_SET	937431056
Audio.AUDIO_REAR_MEDIA_SOUND_SOURCE_STATUS	1266679816
Audio.AUDIO_REAR_MEDIA_SOUND_SOURCE_STATUS_SET	937431080
Audio.AUDIO_REAR_PHONE_SOUND_SOURCE_STATUS	1266679830
Audio.AUDIO_REAR_PHONE_SOUND_SOURCE_STATUS_SET	937431062
Audio.AUDIO_REAR_PHONE_SPEAKER_STATUS	1266679820
Audio.AUDIO_REAR_PHONE_SPEAKER_STATUS_SET	937431072
Audio.AUDIO_REAR_PHONE_VOLUME_STATUS	1266679832
Audio.AUDIO_REAR_PHONE_VOLUME_STATUS_SET	937431064
Audio.AUDIO_RF_HEADREST_SPEAKER_SWITCH	1263534126
Audio.AUDIO_RF_HEADREST_SPEAKER_SWITCH_SET	372244526
Audio.AUDIO_RIGHT_REAR_HEADREST_MEDIA_SOUND_MUTE_SET	1276256294
Audio.AUDIO_RIGHT_REAR_HEADREST_VOLUME_SET	1276256296
Audio.AUDIO_RIGHT_REAR_HEADREST_VOLUME_STATUS	1255145512
Audio.AUDIO_RLSA_COFIG	1275068432
Audio.AUDIO_RLSA_STATE	1275068427
Audio.AUDIO_RLSA_STATE_SET	372244517
Audio.AUDIO_RNC_CONFIG	1339031622
Audio.AUDIO_RNC_SWITCH_STATUS	891293720
Audio.AUDIO_RNC_SWITCH_STATUS_SET	850509848
Audio.AUDIO_RRSE_MEDIA_SOURCE_SET	1015021624
Audio.AUDIO_RRSE_MEDIA_SOURCE_SET_OLD	1015021620
Audio.AUDIO_RRSE_MUSIC_INFO_SET	417009672
Audio.AUDIO_RRSE_MUSIC_PLAYBACK_PROGRESS	801140752
Audio.AUDIO_RRSE_MUSIC_PLAYBACK_PROGRESS_SET	1015021612
Audio.AUDIO_RRSE_MUSIC_PLAY_STATE_SET	1015021608
Audio.AUDIO_RRSE_MUTE_STATUS_SET_GET	1264582672
Audio.AUDIO_RRSE_PLAY_TIME_HOUR_SET	1115688976
Audio.AUDIO_RRSE_PLAY_TIME_MINUTE_SET	1115688984
Audio.AUDIO_RRSE_PLAY_TIME_SECOND_SET	1115688992
Audio.AUDIO_RRSE_PLAY_TIME_TOTAL_TIME	1115688976
Audio.AUDIO_RRSE_RADIO_INFO_SET	417140744
Audio.AUDIO_RRSE_RADIO_STATE_SET	1015021610
Audio.AUDIO_RRSE_RAS_MEDIA_STATUS_CONTROL	801140760
Audio.AUDIO_RRSE_RAS_MUSIC_SOURCE_SWITCH	801140784
Audio.AUDIO_RRSE_RAS_MUSIC_SWITCH	801140762
Audio.AUDIO_RRSE_SINGER_NAME_SET	416878600
Audio.AUDIO_RRSE_TOTAL_TIME_HOUR_SET	1115689000
Audio.AUDIO_RRSE_TOTAL_TIME_MINUTE_SET	1115689008
Audio.AUDIO_RRSE_TOTAL_TIME_SECOND_SET	1115689016
Audio.AUDIO_RRSE_TO_IVI_MUTE_REQUEST_SET	359669777
Audio.AUDIO_RRSE_VOLUME_SET_GET	1264582664
Audio.AUDIO_RSE_3D_SOUND_EFFECT_STATU_SET_hal_only	412127301
Audio.AUDIO_RSE_ADJ_VOLUME_WITH_SPEED_SET	412127271
Audio.AUDIO_RSE_BALANCE_RESET_SET	412127262
Audio.AUDIO_RSE_BASS_SET_SET	412127280
Audio.AUDIO_RSE_CMD_ARKAMYS_SOUNDSTAGE_MODE_SET	412127285
Audio.AUDIO_RSE_DIRAC_LIVE_SET	412131344
Audio.AUDIO_RSE_DIRAC_LIVE_STAGE_SET	412135440
Audio.AUDIO_RSE_DYNAUDIO_SOUNDFIELD_FOCUS_RESET_SET	412127269
Audio.AUDIO_RSE_DYNAUDIO_SOUND_FEATURES_SET	412127252
Audio.AUDIO_RSE_DYNAUDIO_SOUND_RESET_SET	412127270
Audio.AUDIO_RSE_EQUALIZER_FREQUENCY_1_SET	412143632
Audio.AUDIO_RSE_EQUALIZER_FREQUENCY_2_SET	412143640
Audio.AUDIO_RSE_EQUALIZER_FREQUENCY_3_SET	412143648
Audio.AUDIO_RSE_EQUALIZER_FREQUENCY_4_SET	412143656
Audio.AUDIO_RSE_EQUALIZER_FREQUENCY_5_SET	412143664
Audio.AUDIO_RSE_EQ_RESET_SET	412127261
Audio.AUDIO_RSE_FRONT_BACK_FIELD_SET_SET	412127256
Audio.AUDIO_RSE_FRONT_REAR_SOUND_FEATURE_STATUS_SET_hal_only	412147752
Audio.AUDIO_RSE_LEFT_RIGHT_SOUND_FEATURE_STATUS_SET_hal_only	412147760
Audio.AUDIO_RSE_LOUDNESS_SET	412139536
Audio.AUDIO_RSE_MIDRANGE_SET_SET	412127288
Audio.AUDIO_RSE_SOUND_EFFECT_SET	412127248
Audio.AUDIO_RSE_SUBWOOFER_SET_SET	412127275
Audio.AUDIO_RSE_TREBLE_SET_SET	412127296
Audio.AUDIO_RSE_X_SOUND_FIELD_SET	412147728
Audio.AUDIO_RSE_Y_SOUND_FIELD_SET	412147736
Audio.AUDIO_R_GEAR_SUPPRESS_VOICE	1263534109
Audio.AUDIO_R_GEAR_SUPPRESS_VOICE_SET	372244509
Audio.AUDIO_SD_CARD_MUSIC_PLAYBACK_ABNORMAL_STATUS	1078984734
Audio.AUDIO_SECONDARY_AMPLIFIER_HANDSHAKE_RESULT_STATE	1253048390
Audio.AUDIO_SECOND_ROW_AC_SCREEN_CHANNEL_SWITCH	460357674
Audio.AUDIO_SECOND_ROW_AC_SCREEN_PAD_MEDIA_STATUS_CONTROL	460357667
Audio.AUDIO_SECOND_ROW_AC_SCREEN_PALY_PROGRESS	460357680
Audio.AUDIO_SECOND_ROW_AC_SCREEN_SONG_SWITCH	460357665
Audio.AUDIO_SECOND_ROW_AC_SCREEN_VOLUME	460357659
Audio.AUDIO_SECOND_ROW_SCREEN_MUTE	460357676
Audio.AUDIO_SMART_VOICE_SUPPRESS_VOICE	1263534112
Audio.AUDIO_SMART_VOICE_SUPPRESS_VOICE_SET	372244512
Audio.AUDIO_SMART_VOICE_VOLUME_SET_STATUS	1263534104
Audio.AUDIO_SMART_VOICE_VOLUME_SET_STATUS_SET	372244504
Audio.AUDIO_SOC_NOTIFY_MCU_CONTROL_DSP	939127
Audio.AUDIO_SOC_NOTIFY_MCU_CONTROL_DSP_SET	-1442840251
Audio.AUDIO_SONG_SWITCH	786432051
Audio.AUDIO_SOUND_EFFECT	1108344856
Audio.AUDIO_SOUND_EFFECT_SET	1309044752
Audio.AUDIO_SOUND_FIELD_CHANGE	-1728053206
Audio.AUDIO_SOUND_FIELD_FOCUS_INTELLIGENT_SET	445644812
Audio.AUDIO_SOUND_FIELD_FOCUS_INTELLIGENT_STATUS	891293724
Audio.AUDIO_SOUND_FIELD_FOCUS_SET_SET	470810648
Audio.AUDIO_SOUND_FIELD_FOCUS_SET_SET_hal_only	412127264
Audio.AUDIO_SOUND_FIELD_FOCUS_STATE	1339031565
Audio.AUDIO_SOUND_FIELD_PARTITION_STATUS	1263534122
Audio.AUDIO_SOUND_SHIELD_CONFIGURATION	891297844
Audio.AUDIO_SOUND_SHIELD_SET	850509862
Audio.AUDIO_SOUND_SHIELD_SETTING_1B7_hal_only	460365862
Audio.AUDIO_SOUND_SHIELD_SETTING_2F8	796971040
Audio.AUDIO_SOUND_SHIELD_SETTING_2FC_hal_only	801165344
Audio.AUDIO_SOUND_SHIELD_STATUS	891297838
Audio.AUDIO_SPACE_SOUND_EFFECT_STATUS	-883949552
Audio.AUDIO_SPACE_SOUND_EFFECT_STATUS_IVI	1263534096
Audio.AUDIO_SPACE_SOUND_EFFECT_STATUS_IVI_SET	372244496
Audio.AUDIO_SPACE_SOUND_EFFECT_STATUS_SET	-1775239152
Audio.AUDIO_SPACE_SOUND_EFFECT_STATUS_TV_SCREEN	1266679872
Audio.AUDIO_SPACE_SOUND_EFFECT_STATUS_TV_SCREEN_SET	937435164
Audio.AUDIO_SPACE_SOUND_MODE_STATUS	-883949550
Audio.AUDIO_SPACE_SOUND_MODE_STATUS_IVI	1263534098
Audio.AUDIO_SPACE_SOUND_MODE_STATUS_IVI_SET	372244498
Audio.AUDIO_SPACE_SOUND_MODE_STATUS_SET	-1775239150
Audio.AUDIO_SPACE_SOUND_MODE_STATUS_TV_SCREEN	1263534101
Audio.AUDIO_SPACE_SOUND_MODE_STATUS_TV_SCREEN_SET	937435170
Audio.AUDIO_SPEAKERS_NUMBER	1339031560
Audio.AUDIO_SPEAKER_FLIP_COVER_CONFIG	899678424
Audio.AUDIO_SPEAKER_FLIP_SETTING_STATUS	899678426
Audio.AUDIO_SPECTRUM_FREQ10_SET	774897708
Audio.AUDIO_SPECTRUM_FREQ10_SET_fse_hal_only	526385196
Audio.AUDIO_SPECTRUM_FREQ10_SET_lrse_hal_only	397410348
Audio.AUDIO_SPECTRUM_FREQ10_SET_rcs_hal_only	637534252
Audio.AUDIO_SPECTRUM_FREQ10_SET_rrse_hal_only	379584556
Audio.AUDIO_SPECTRUM_FREQ11_SET	774897712
Audio.AUDIO_SPECTRUM_FREQ11_SET_fse_hal_only	526385200
Audio.AUDIO_SPECTRUM_FREQ11_SET_lrse_hal_only	397410352
Audio.AUDIO_SPECTRUM_FREQ11_SET_rcs_hal_only	637534256
Audio.AUDIO_SPECTRUM_FREQ11_SET_rrse_hal_only	379584560
Audio.AUDIO_SPECTRUM_FREQ12_SET	774897716
Audio.AUDIO_SPECTRUM_FREQ12_SET_fse_hal_only	526385204
Audio.AUDIO_SPECTRUM_FREQ12_SET_lrse_hal_only	397410356
Audio.AUDIO_SPECTRUM_FREQ12_SET_rcs_hal_only	637534260
Audio.AUDIO_SPECTRUM_FREQ12_SET_rrse_hal_only	379584564
Audio.AUDIO_SPECTRUM_FREQ13_SET	774897720
Audio.AUDIO_SPECTRUM_FREQ13_SET_fse_hal_only	526385208
Audio.AUDIO_SPECTRUM_FREQ13_SET_lrse_hal_only	397410360
Audio.AUDIO_SPECTRUM_FREQ13_SET_rcs_hal_only	637534264
Audio.AUDIO_SPECTRUM_FREQ13_SET_rrse_hal_only	379584568
Audio.AUDIO_SPECTRUM_FREQ14_SET	774897724
Audio.AUDIO_SPECTRUM_FREQ14_SET_fse_hal_only	526385212
Audio.AUDIO_SPECTRUM_FREQ14_SET_lrse_hal_only	397410364
Audio.AUDIO_SPECTRUM_FREQ14_SET_rcs_hal_only	637534268
Audio.AUDIO_SPECTRUM_FREQ14_SET_rrse_hal_only	379584572
Audio.AUDIO_SPECTRUM_FREQ15_SET	774897728
Audio.AUDIO_SPECTRUM_FREQ15_SET_fse_hal_only	526385216
Audio.AUDIO_SPECTRUM_FREQ15_SET_lrse_hal_only	397410368
Audio.AUDIO_SPECTRUM_FREQ15_SET_rcs_hal_only	637534272
Audio.AUDIO_SPECTRUM_FREQ15_SET_rrse_hal_only	379584576
Audio.AUDIO_SPECTRUM_FREQ16_SET	774897732
Audio.AUDIO_SPECTRUM_FREQ16_SET_fse_hal_only	526385220
Audio.AUDIO_SPECTRUM_FREQ16_SET_lrse_hal_only	397410372
Audio.AUDIO_SPECTRUM_FREQ16_SET_rcs_hal_only	637534276
Audio.AUDIO_SPECTRUM_FREQ16_SET_rrse_hal_only	379584580
Audio.AUDIO_SPECTRUM_FREQ1_SET	774897672
Audio.AUDIO_SPECTRUM_FREQ1_SET_fse_hal_only	526385160
Audio.AUDIO_SPECTRUM_FREQ1_SET_lrse_hal_only	397410312
Audio.AUDIO_SPECTRUM_FREQ1_SET_rcs_hal_only	637534216
Audio.AUDIO_SPECTRUM_FREQ1_SET_rrse_hal_only	379584520
Audio.AUDIO_SPECTRUM_FREQ2_SET	774897676
Audio.AUDIO_SPECTRUM_FREQ2_SET_fse_hal_only	526385164
Audio.AUDIO_SPECTRUM_FREQ2_SET_lrse_hal_only	397410316
Audio.AUDIO_SPECTRUM_FREQ2_SET_rcs_hal_only	637534220
Audio.AUDIO_SPECTRUM_FREQ2_SET_rrse_hal_only	379584524
Audio.AUDIO_SPECTRUM_FREQ3_SET	774897680
Audio.AUDIO_SPECTRUM_FREQ3_SET_fse_hal_only	526385168
Audio.AUDIO_SPECTRUM_FREQ3_SET_lrse_hal_only	397410320
Audio.AUDIO_SPECTRUM_FREQ3_SET_rcs_hal_only	637534224
Audio.AUDIO_SPECTRUM_FREQ3_SET_rrse_hal_only	379584528
Audio.AUDIO_SPECTRUM_FREQ4_SET	774897684
Audio.AUDIO_SPECTRUM_FREQ4_SET_fse_hal_only	526385172
Audio.AUDIO_SPECTRUM_FREQ4_SET_lrse_hal_only	397410324
Audio.AUDIO_SPECTRUM_FREQ4_SET_rcs_hal_only	637534228
Audio.AUDIO_SPECTRUM_FREQ4_SET_rrse_hal_only	379584532
Audio.AUDIO_SPECTRUM_FREQ5_SET	774897688
Audio.AUDIO_SPECTRUM_FREQ5_SET_fse_hal_only	526385176
Audio.AUDIO_SPECTRUM_FREQ5_SET_lrse_hal_only	397410328
Audio.AUDIO_SPECTRUM_FREQ5_SET_rcs_hal_only	637534232
Audio.AUDIO_SPECTRUM_FREQ5_SET_rrse_hal_only	379584536
Audio.AUDIO_SPECTRUM_FREQ6_SET	774897692
Audio.AUDIO_SPECTRUM_FREQ6_SET_fse_hal_only	526385180
Audio.AUDIO_SPECTRUM_FREQ6_SET_lrse_hal_only	397410332
Audio.AUDIO_SPECTRUM_FREQ6_SET_rcs_hal_only	637534236
Audio.AUDIO_SPECTRUM_FREQ6_SET_rrse_hal_only	379584540
Audio.AUDIO_SPECTRUM_FREQ7_SET	774897696
Audio.AUDIO_SPECTRUM_FREQ7_SET_fse_hal_only	526385184
Audio.AUDIO_SPECTRUM_FREQ7_SET_lrse_hal_only	397410336
Audio.AUDIO_SPECTRUM_FREQ7_SET_rcs_hal_only	637534240
Audio.AUDIO_SPECTRUM_FREQ7_SET_rrse_hal_only	379584544
Audio.AUDIO_SPECTRUM_FREQ8_SET	774897700
Audio.AUDIO_SPECTRUM_FREQ8_SET_fse_hal_only	526385188
Audio.AUDIO_SPECTRUM_FREQ8_SET_lrse_hal_only	397410340
Audio.AUDIO_SPECTRUM_FREQ8_SET_rcs_hal_only	637534244
Audio.AUDIO_SPECTRUM_FREQ8_SET_rrse_hal_only	379584548
Audio.AUDIO_SPECTRUM_FREQ9_SET	774897704
Audio.AUDIO_SPECTRUM_FREQ9_SET_fse_hal_only	526385192
Audio.AUDIO_SPECTRUM_FREQ9_SET_lrse_hal_only	397410344
Audio.AUDIO_SPECTRUM_FREQ9_SET_rcs_hal_only	637534248
Audio.AUDIO_SPECTRUM_FREQ9_SET_rrse_hal_only	379584552
Audio.AUDIO_START_PLAY_POWER_ON_SOUND_SET	-1442839997
Audio.AUDIO_SUBWOOFER_SET_SET	454033440
Audio.AUDIO_SUBWOOFER_SET_STATE	1281359888
Audio.AUDIO_SUB_FM_VOLUME_SET	-1442840234
Audio.AUDIO_SUPPORT_VARIABLE_SOUND_SOURCE	-1728052634
Audio.AUDIO_THIRD_ROW_AC_SCREEN_CHANNEL_SWITCH	1046499364
Audio.AUDIO_THIRD_ROW_AC_SCREEN_PAD_MEDIA_STATUS_CONTROL	1046499360
Audio.AUDIO_THIRD_ROW_AC_SCREEN_PALY_PROGRESS	1046499344
Audio.AUDIO_THIRD_ROW_AC_SCREEN_SONG_SWITCH	1046499358
Audio.AUDIO_THIRD_ROW_AC_SCREEN_VOLUME	1046499352
Audio.AUDIO_TOTAL_TIME_HOUR_SET	1309671456
Audio.AUDIO_TOTAL_TIME_MINUTE_SET	1309671464
Audio.AUDIO_TOTAL_TIME_SECOND_SET	1309671472
Audio.AUDIO_TREBLE_SET_SET	454033464
Audio.AUDIO_TREBLE_STATE	1281359912
Audio.AUDIO_USAGE_SET	1309671482
Audio.AUDIO_USB_MUSIC_PLAYBACK_ABNORMAL_STATUS	1078984736
Audio.AUDIO_VOICE_INPUT_KEY_STATUS	1249906718
Audio.AUDIO_VOLUME	1108344840
Audio.AUDIO_VOLUME_CTRL_MODE	-1728053170
Audio.AUDIO_VOLUME_OF_SOUND	786432034
Audio.AUDIO_VOLUME_REDUCE_CAR_SET	1309069344
Audio.AUDIO_VOLUME_SET	1309020176
Audio.AUDIO_VOLUME_SOURCE	681636
Audio.AUDIO_X_SOUND_FIELD	1108344848
Audio.AUDIO_X_SOUND_FIELD_SET	1309036560
Audio.AUDIO_Y_SOUND_FIELD	1108344852
Audio.AUDIO_Y_SOUND_FIELD_SET	1309036576
Adas.ADAS_4G_SIGNAL_STRENGTH	975175688
Adas.ADAS_ABNORMAL_VEHICLE_WARNING_OUTPUT	878710808
Adas.ADAS_ABS_ACTIVE	304087077
Adas.ADAS_ACC_GRAY_STATE	535826448
Adas.ADAS_ACC_MODE	852492340
Adas.ADAS_ACC_MODE_ARHUD	700448780
Adas.ADAS_ACC_TEXT_INFO_FOR_DRIVER	700448792
Adas.ADAS_ACTUAL_EXECUTION_SPEED	513807420
Adas.ADAS_ACTUAL_LEFT_REAR_WHEEL_STEERING_ANGLE	266339512
Adas.ADAS_ACTUAL_REAR_WHEEL_STEERING_ANGLE_VALIDITY	266339511
Adas.ADAS_ACTUAL_RIGHT_REAR_WHEEL_STEERING_ANGLE	266339524
Adas.ADAS_ACUTE_WARNING_STATE	852492331
Adas.ADAS_ADB_DETECTION_SYSTEM_STATUS	643829808
Adas.ADAS_ADS_ALARM_SOUND_ATTENTION	230686734
Adas.ADAS_ADS_PLATFORM_TYPE	1161822250
Adas.ADAS_ADS_TJP_STATUS	299892748
Adas.ADAS_ADVANCED_DRIVNG_FUNC_LEFT_PADDLE_STATUS	989855787
Adas.ADAS_ADVANCED_DRIVNG_FUNC_RIGHT_PADDLE_STATUS	989855789
Adas.ADAS_AEB_ACTIVE	303038502
Adas.ADAS_AEB_ACTIVE_0F4	255852695
Adas.ADAS_AEB_ERROR	852492322
Adas.ADAS_AEB_SEATBELT_GRAYED_OUT	535842882
Adas.ADAS_AEB_SEATBELT_MEMORY_SWITCH_REQUEST_SET	1139814468
Adas.ADAS_AEB_SEATBELT_MEMORY_SWITCH_STATUS	535842880
Adas.ADAS_AEB_SEATBELT_SELF_LEARNING	535842858
Adas.ADAS_AEB_STATE	852492332
Adas.ADAS_AEB_STATE_SET	944767020
Adas.ADAS_AES_FUNC_MODE_GRAYED_OUT_SIGNAL	790643066
Adas.ADAS_AES_FUNC_STATUS_SIGNAL	790643063
Adas.ADAS_AES_FUNC_SWITCH_FEEDBACK	790643059
Adas.ADAS_AES_SELF_LEARNING_SIGNAL	790643056
Adas.ADAS_AES_SWITCH_SIGNAL_SET	1324625972
Adas.ADAS_AIM_SPEED_OFFSET	1126170672
Adas.ADAS_AIM_SPEED_OFFSET_MODE	535830544
Adas.ADAS_AIM_SPEED_OFFSET_MODE_SET	850452502
Adas.ADAS_AIM_SPEED_OFFSET_PERCENTAGE	535826492
Adas.ADAS_AIM_SPEED_OFFSET_PERCENTAGE_SET	850452498
Adas.ADAS_ALARM_STATUS	675282968
Adas.ADAS_ALARM_STATUS_SET	850464794
Adas.ADAS_ALN_ALARM_INFO_PROMPT	535830568
Adas.ADAS_AMAP_GRAY_STATUS	832581684
Adas.ADAS_ANTIMOTION_CONTROL_SWITCH_CONFIG	320864461
Adas.ADAS_ANTIMOTION_CONTROL_SWITCH_SIGNAL	320864462
Adas.ADAS_ANTIMOTION_FUNCTION_FAILURE_STATUS	320864447
Adas.ADAS_ANTI_DAZZLE_FLOATING_POINT_0X0D3	221249544
Adas.ADAS_ANTI_GLARE_DOT_APP_FLAG_FRONT_CABIN_SET	1118830629
Adas.ADAS_ANTI_MOTION_SICKNESS_ACTIVATION_VCU_INSUFFICIENT	320864464
Adas.ADAS_APA_ABORT_REASON	749732136
Adas.ADAS_APA_AUTOMATIC_PARKING_STATUS	749732128
Adas.ADAS_APA_AUTO_DRVNG_REST_DIST	749732152
Adas.ADAS_APA_CONFIRM_CARPORT_BUTTON_AVAILABILITY	749732190
Adas.ADAS_APA_FRONT_PARKING_BUTTON_AVAILABILITY	749732100
Adas.ADAS_APA_FRONT_PARK_STATE	832577566
Adas.ADAS_APA_FUNCTION_PROMPT_MESSAGE	749732112
Adas.ADAS_APA_FUNCTION_UNAVAILABLE_PROMPT	832577571
Adas.ADAS_APA_MODULE_FACTOR	832577552
Adas.ADAS_APA_PARKING_SELECTION_NUM_SET	1324576824
Adas.ADAS_APA_PARKING_SPACE_BEEP	832573456
Adas.ADAS_APA_PARKIN_START_BUTTON_AVAILABILITY	749732109
Adas.ADAS_APA_PARKOUT_BACKWARD	832573505
Adas.ADAS_APA_PARKOUT_FORWARD	832573504
Adas.ADAS_APA_PARKOUT_START_BUTTON_AVAILABILITY	749732186
Adas.ADAS_APA_PARKOUT_TOLEFT	832573500
Adas.ADAS_APA_PARKOUT_TORIGHT	832573502
Adas.ADAS_APA_PARK_DURATION	749732256
Adas.ADAS_APA_PARK_MODE_SELECT_SWITCH_SET	1324576792
Adas.ADAS_APA_PARK_MODE_STATUS	749732102
Adas.ADAS_APA_PAUSE_BUTTON_AVAILABILITY	749732131
Adas.ADAS_APA_REAR_PARKING_BUTTON_AVAILABILITY	749732120
Adas.ADAS_APA_RESUME_BUTTON_AVAILABILITY	749732188
Adas.ADAS_APA_SCREEN_RESOLUTION	832577604
Adas.ADAS_APA_SEARCH_SUSPENDED_REASON	749732096
Adas.ADAS_APA_SELFSTUDY	487587896
Adas.ADAS_APA_SUSPENDED_REASON	749732124
Adas.ADAS_APA_VERTICAL_HEADSTOCK_PARKOUT_TOLEFT	832573501
Adas.ADAS_APA_VERTICAL_HEADSTOCK_PARKOUT_TORIGHT	832573503
Adas.ADAS_APA_VERTICAL_TAILSTOCK_PARKOUT_TOLEFT	832573506
Adas.ADAS_APA_VERTICAL_TAILSTOCK_PARKOUT_TORIGHT	832573507
Adas.ADAS_ASA_CONTROL_STATUS	255852826
Adas.ADAS_ASSIST_DRIVE_MODE_STATUS	535830576
Adas.ADAS_ASSIST_DRIVE_MODE_STATUS_SET	850452528
Adas.ADAS_AUTOMATIC_PARKING_FUNCTION_BUTTON	989855791
Adas.ADAS_AUTONOMOUS_EMERGENCY_BRAKING_GRAY	535826462
Adas.ADAS_AUTOPARK_FIFTH_PARKING_SPACE_STATUS	749732174
Adas.ADAS_AUTOPARK_FIRST_PARKING_SPACE_STATUS	749732166
Adas.ADAS_AUTOPARK_FOURTH_PARKING_SPACE_STATUS	749732172
Adas.ADAS_AUTOPARK_SECOND_PARKING_SPACE_STATUS	749732168
Adas.ADAS_AUTOPARK_SIXTH_PARKING_SPACE_STATUS	749732176
Adas.ADAS_AUTOPARK_THIRD_PARKING_SPACE_STATUS	749732170
Adas.ADAS_AVC_SUPPORT	1161822248
Adas.ADAS_AVH_STATE	304087110
Adas.ADAS_AVH_STATE_SET	944766986
Adas.ADAS_AVM_APA_ABORT_REASON	487587859
Adas.ADAS_AVM_APA_ACTIVE	487587872
Adas.ADAS_AVM_APA_AUTOSEARCH_STATE	487587856
Adas.ADAS_AVM_APA_FAIL_REASON	544210962
Adas.ADAS_AVM_APA_INTERACTIVE_HINT	487587852
Adas.ADAS_AVM_APA_INTERACTIVE_HINT_BS	832573488
Adas.ADAS_AVM_APA_KEY	1250951188
Adas.ADAS_AVM_APA_SUPPORTED	487587894
Adas.ADAS_AVM_APA_SUSPEND	487587848
Adas.ADAS_AVM_APA_SWITCH	487587878
Adas.ADAS_AVM_APA_SWITCH_SET	944767002
Adas.ADAS_AVM_STATUS_SET	1324580888
Adas.ADAS_AVM_VIDEO_STREAMING_DISPLAY_STATUS_SET	850452533
Adas.ADAS_AVM_VIDEO_STREAM_STATUS	788529168
Adas.ADAS_AVP_BUILD_MAP_FINISH_BUTTON_AVAILABLE_STATUS	749732203
Adas.ADAS_AVP_BUILD_PARKIN_MAP_AVAILABLE_STATUS	749731848
Adas.ADAS_AVP_CONTINUE_BUTTON_STATUS	749731860
Adas.ADAS_AVP_ENTER_FAIL_REASON	749732072
Adas.ADAS_AVP_FIRST_FUNCTION_CONFIG	487587868
Adas.ADAS_AVP_FUNCTION_ACTIVE_UNIFY_SIGNAL_SET	1324568640
Adas.ADAS_AVP_FUNCTION_INTERRUPTION_EXIT	749731912
Adas.ADAS_AVP_FUNCTION_IN_OUT_SET	1262485610
Adas.ADAS_AVP_FUNCTION_STATUS	440401942
Adas.ADAS_AVP_FUNCTION_SUSPEND	749731920
Adas.ADAS_AVP_FUNCTION_TIPS	749731906
Adas.ADAS_AVP_INTELLIGENT_RECOMMENDATION	749731872
Adas.ADAS_AVP_INTERFACE_ENTRY_STATUS	749732150
Adas.ADAS_AVP_INTERFACE_REQUEST_STATUS_4EF_SET	1324568608
Adas.ADAS_AVP_INTERFACE_REQUEST_STATUS_SET	1262485667
Adas.ADAS_AVP_LEAVE_CAR_PARKIN_REQ_SET	1324580922
Adas.ADAS_AVP_MAKE_MAP_PROMPT_INFO	749731890
Adas.ADAS_AVP_MAPPING_PARKIN_REQ_SET	1324580912
Adas.ADAS_AVP_MAPPING_REQ_SET	1324560432
Adas.ADAS_AVP_MAPPING_START_PARKIN_BUTTON_STATUS	749731868
Adas.ADAS_AVP_MAP_AND_PARK_REQUEST_MODE	749732178
Adas.ADAS_AVP_NAVIGATION_PROMPT	700742
Adas.ADAS_AVP_PARKIN_BUTTON_AVAILABLE_STATUS	749732182
Adas.ADAS_AVP_PARKIN_OUT_STATUS_MODE	749732142
Adas.ADAS_AVP_PARKIN_STATUS	749732022
Adas.ADAS_AVP_PAUSE_BUTTON_STATUS	749731858
Adas.ADAS_AVP_POPUP_REQUSET_STATUS	749732029
Adas.ADAS_AVP_PROMPT	749732064
Adas.ADAS_AVP_RECOMMEDN_FUNCTION_REQUEST	749731930
Adas.ADAS_AVP_SECOND_FUNCTION_CONFIG	487587870
Adas.ADAS_AVP_SHORT_RANGE_PARKIN_REQ_SET	1324560434
Adas.ADAS_AVP_START_PARKIN_BUTTON_STATUS	749731856
Adas.ADAS_AVP_START_PARKIN_REQ_SET	1324580920
Adas.ADAS_AVP_STOP_MAPPING_REQ_SET	1324560435
Adas.ADAS_AVP_SUPPORT_APP_STATUS	749732024
Adas.ADAS_AVP_SUSPEND_PROMPT	749732080
Adas.ADAS_AVP_UNAVAILABLE_INFO_PROMPT	749731862
Adas.ADAS_BACKGROUND_SEARCH_PARKING_SPACE_STATUS	832581676
Adas.ADAS_BACKWARD_LINKAGE_CONFIG	832577576
Adas.ADAS_BIASED_PARKING_SELF_LEARNING_SIGNAL	749732040
Adas.ADAS_BLIND_SPOT_DETECTION	1160773659
Adas.ADAS_BLIND_SPOT_DETECTION_GRAY	1160773645
Adas.ADAS_BLIND_SPOT_DETECTION_SET	850452521
Adas.ADAS_BROADCAST_AFTER_GET_ACCSIGNAL	852492323
Adas.ADAS_BROADCAST_AFTER_GET_ICCSIGNAL	700448784
Adas.ADAS_BSD_CONFIG	1160773644
Adas.ADAS_BSD_STATE	1098907656
Adas.ADAS_BSD_STATE_HAL	1098907672
Adas.ADAS_BSD_STATE_SET	944767024
Adas.ADAS_BSD_STATIC_CALIBRATION_SET	944767026
Adas.ADAS_BSIS_ASSEMBLE_STATUS	580911112
Adas.ADAS_BSIS_ENABLE_STATUS	580911126
Adas.ADAS_BSIS_ENABLE_STATUS_SET	1324560440
Adas.ADAS_BSIS_FUNC_STATUS	580911113
Adas.ADAS_BSIS_GRAY_STATUS	580911132
Adas.ADAS_CBW_CONFIG_SIGNAL	752893968
Adas.ADAS_CBW_FIRST_OBSTACLE_CURRENT_STATUS	752893977
Adas.ADAS_CBW_FIRST_OBSTACLE_HEIGHT	752893980
Adas.ADAS_CBW_FIRST_OBSTACLE_HEIGHT_GRADE	752893990
Adas.ADAS_CBW_FIRST_OBSTACLE_TYPE	752893973
Adas.ADAS_CBW_FIRST_OBSTACLE_X_COORDINATE	752893997
Adas.ADAS_CBW_FIRST_OBSTACLE_Y_COORDINATE	752894008
Adas.ADAS_CBW_SECOND_OBSTACLE_CURRENT_STATUS	752894021
Adas.ADAS_CBW_SECOND_OBSTACLE_HEIGHT	752894023
Adas.ADAS_CBW_SECOND_OBSTACLE_HEIGHT_GRADE	752894033
Adas.ADAS_CBW_SECOND_OBSTACLE_TYPE	752894017
Adas.ADAS_CBW_SECOND_OBSTACLE_X_COORDINATE	752894040
Adas.ADAS_CBW_SECOND_OBSTACLE_Y_COORDINATE	752894051
Adas.ADAS_CBW_STATUS_SIGNAL	752893970
Adas.ADAS_CBW_THIRD_OBSTACLE_CURRENT_STATUS	752894064
Adas.ADAS_CBW_THIRD_OBSTACLE_HEIGHT	752894066
Adas.ADAS_CBW_THIRD_OBSTACLE_HEIGHT_GRADE	752894076
Adas.ADAS_CBW_THIRD_OBSTACLE_TYPE	752894060
Adas.ADAS_CBW_THIRD_OBSTACLE_X_COORDINATE	752894083
Adas.ADAS_CBW_THIRD_OBSTACLE_Y_COORDINATE	752894094
Adas.ADAS_CENTER_REAR_THIRD_ROW_SEATBELT_UNBUCKLED_WARNING_STATUS	1335885890
Adas.ADAS_CITY_NAVIGATOR_SUPPLIER_COMBINATIO	535838743
Adas.ADAS_CLOUD_SERVICE_REGISTRATION_STATUS_SET	850583601
Adas.ADAS_CMD_ADAS_ESP_KEY	1250951194
Adas.ADAS_CMD_ADAS_ESP_ONLINE	305135616
Adas.ADAS_CMD_ADAS_HDC_KEY	1250951222
Adas.ADAS_CMD_BRAKE_FOOT_SENSE	305135629
Adas.ADAS_CMD_BRAKE_FOOT_SENSE_SET	944766988
Adas.ADAS_CMD_CST_ONLINE	223346718
Adas.ADAS_CMD_CST_SWITCH	223346712
Adas.ADAS_CMD_CST_SWITCH_SET	944767000
Adas.ADAS_CMD_HDC_ONLINE	223346707
Adas.ADAS_CMD_HDC_STATE	305135665
Adas.ADAS_CMD_HDC_SWITCH_SET	944766998
Adas.ADAS_COMPREHENSIVE_OPTIONAL_PARKING_SPACE_FUNCTION	832581682
Adas.ADAS_CONFIRM_PARK_BUTTON_SET	600834080
Adas.ADAS_CRAB_MODE_CONTROL_SWITCH_STATUS_SET	1324683282
Adas.ADAS_CRAWL_MODE_VEHICLE_STEADY_PROMPT_FLAG	754974981
Adas.ADAS_CRUISE_CTR_ON_TOW_CONFIG	513811779
Adas.ADAS_CRUISE_ONE_KEY_ACTIVE_STATUS	989855758
Adas.ADAS_CRUISE_STATE_SEATBELT_MONITOR_SIGNAL	749732043
Adas.ADAS_CSW_GRAY_STATE	535826486
Adas.ADAS_CURRENT_LANE_SIGNAL_PHASE_OUTPUT	878719000
Adas.ADAS_CURRENT_LANE_SIGNAL_TIME_OUTPUT	878719002
Adas.ADAS_DIPILOT_BADGE	535830594
Adas.ADAS_DMS_CYCLE_COUNT_SET	834666996
Adas.ADAS_DMS_EQUIPPED_CONFIG_SET	834666975
Adas.ADAS_DMS_MONITOR_DRIVER_DISABILITY_SCENARIO_SOS	700448804
Adas.ADAS_DMS_TRAFFIC_START_REMINDER_SET	834666792
Adas.ADAS_DMS_VERIFY_CODE_SET	834667000
Adas.ADAS_DNP_STATE	700448800
Adas.ADAS_DNP_TAKE_OVER_PROMPT	700448816
Adas.ADAS_DNP_WARNING_TEXT_INFO	700448819
Adas.ADAS_DOMAIN_CONTROL_ACTIVATION_STATUS	-1728052352
Adas.ADAS_DOMAIN_CONTROL_DISCONNECTION_FUNCTION_FAULT_REMINDER_SET	633339967
Adas.ADAS_DOMAIN_CONTROL_DISCONNECTION_STATUS	-1728052359
Adas.ADAS_DOMAIN_CONTROL_DISCONNECTION_TAKEOVER_REMINDER_SET	633339964
Adas.ADAS_DOMAIN_CONTROL_TURN_SIGNAL_REQUEST	700448797
Adas.ADAS_DOOR_OPEN_WARNING_GRAY	1160773648
Adas.ADAS_DOW_CONFIG	1160773643
Adas.ADAS_DOW_STATE_SET	944766994
Adas.ADAS_DOW_SWITCH_STATE	1098907678
Adas.ADAS_DOW_WARN_LEFT	1098907680
Adas.ADAS_DOW_WARN_RIGHT	1098907682
Adas.ADAS_DRIVER_ATTENTION_STATUS_SET	633339920
Adas.ADAS_DRIVER_DISABILITY_MONITORING_SET	834666951
Adas.ADAS_DRIVER_GRIP_AREA	401604624
Adas.ADAS_DRIVER_GRIP_STATUS	401604619
Adas.ADAS_DRIVER_IN_THE_LOOP_MONITORING_SET	834666973
Adas.ADAS_DRIVER_REIGN_STATUS_SET	633339917
Adas.ADAS_DRIVER_STEERING_WHEEL_INTERVENTION_PROMPT	754974910
Adas.ADAS_DRIVER_TAKEOVER_REQUEST_1	828375098
Adas.ADAS_DRIVER_TAKEOVER_STATUS_SET	633339915
Adas.ADAS_DRIVE_RESET_SET	1043333184
Adas.ADAS_DRIVING_GEAR_ENGAGEMENT_ALLOWED_FLAG	353370164
Adas.ADAS_DRIVING_MODE_APP_CONFIG_FLAG	898672691
Adas.ADAS_DS_CONFIG	1126170646
Adas.ADAS_DVC_SUPPORT	1161822249
Adas.ADAS_E2E_CONFIG	1126170664
Adas.ADAS_E2E_CONFIG_454	1161822226
Adas.ADAS_E2E_SWITCH	481296416
Adas.ADAS_E2E_SWITCH_SET	1324576798
Adas.ADAS_E3_INTELLIGENT_RECOGNITION_ONE_KEY_PARKING_SET	1262485732
Adas.ADAS_E3_INTELLIGENT_RECOGNITION_SET	1262485734
Adas.ADAS_E3_INTELLIGENT_RECOGNITION_SWITCH_STATUS_SET	1262485730
Adas.ADAS_E4_APA_CONFIG	832581669
Adas.ADAS_E4_APA_SETTING_SWITCH_SET	1285554280
Adas.ADAS_E4_APA_SETTING_SWITCH_STATUS	749732014
Adas.ADAS_E4_APA_VOT_SPEED_LEVEL_SET	32282
Adas.ADAS_E4_HORIZONTAL_LEFT_FRONT_PARKING_EXIT_AVAILABILITY	535842851
Adas.ADAS_E4_HORIZONTAL_LEFT_MIDDLE_PARKING_EXIT_AVAILABILITY	535842852
Adas.ADAS_E4_HORIZONTAL_LEFT_REAR_PARKING_EXIT_AVAILABILITY	535842853
Adas.ADAS_E4_HORIZONTAL_RIGHT_FRONT_PARKING_EXIT_AVAILABILITY	535842854
Adas.ADAS_E4_HORIZONTAL_RIGHT_MIDDLE_PARKING_EXIT_AVAILABILITY	535842855
Adas.ADAS_E4_HORIZONTAL_RIGHT_REAR_PARKING_EXIT_AVAILABILITY	535842856
Adas.ADAS_E4_PARKING_EXIT_DIRECTION	535842848
Adas.ADAS_E4_PARKING_SPACE_TYPE	749732070
Adas.ADAS_EBD_ACTIVE	304087076
Adas.ADAS_EBD_FAILURE	304087078
Adas.ADAS_ECTB_STATE_SET	944767006
Adas.ADAS_ELECTRIC_POWER_STEERING_SYSTEM_TYPE	481296764
Adas.ADAS_ELKA_CONFIG	1126170647
Adas.ADAS_ELKA_SWITCH_SET	944767046
Adas.ADAS_ELKA_SWITCH_STATE	854589482
Adas.ADAS_ELKA_SWITCH_STATE_hal_only	788529161
Adas.ADAS_EMERGENCY_BRAKING_DISTANCE_WARNING_OUTPUT	878710832
Adas.ADAS_EMERGENCY_BRAKING_WARNING_OUTPUT	878710806
Adas.ADAS_EMERGENCY_LANE_KEEP_ASSIST_GRAY	535826464
Adas.ADAS_EMERGENCY_VEHICLE_TYPE_OUTPUT	878714942
Adas.ADAS_EMERGENCY_VEHICLE_WARNING_OUTPUT	878710816
Adas.ADAS_ENTER_AVP_INTERFACE_STATUS	749732135
Adas.ADAS_EPS_ANGLE_CTRL1D1_VDTOR_TORVALUE_STATE	532676648
Adas.ADAS_EPS_ANGLE_CTRL1D1_VD_VALUE_STATE	532676632
Adas.ADAS_EPS_ANGLE_CTRLAB_ORT_FEEDBACK_STATE	532676664
Adas.ADAS_EPS_ANGLE_CTRL_STATE	532676616
Adas.ADAS_EPS_LKA_CONTROL_STATE	830472200
Adas.ADAS_ESA_FUNCTION_CONFIGURATION_SELF_LEARNING	1126170655
Adas.ADAS_ESA_FUNC_STATUS	725614648
Adas.ADAS_ESA_GRAY_STATE	535826460
Adas.ADAS_ESA_MEDIA_SWITCH_SIGNAL_SET	1324560426
Adas.ADAS_ESA_STATUS_SIGNAL	725614651
Adas.ADAS_ESP_ACTIVE_STATE	305135677
Adas.ADAS_ESP_STATE	305135676
Adas.ADAS_ESP_STATE_SET	944766984
Adas.ADAS_EXCESSIVE_VEHICLE_DEVIATION_WARNING_SIGN	681574620
Adas.ADAS_FAR_INFRARED_CAMERA_OCCLUSION_STATUS	726663183
Adas.ADAS_FATIGUE_MONITOR_STATUS_SET	503316504
Adas.ADAS_FCTA_CONFIG	1126170648
Adas.ADAS_FCTA_SWITCH_SET	1324560400
Adas.ADAS_FCTA_SWITCH_STATUS	748683276
Adas.ADAS_FCTB_BRAKE_REQUEST_STATUS	748683284
Adas.ADAS_FCTB_CONFIG	1126170649
Adas.ADAS_FCTB_SWITCH_SET	1324560402
Adas.ADAS_FCTB_SWITCH_STATUS	748683278
Adas.ADAS_FCW_BRAK_ERROR	852492329
Adas.ADAS_FCW_CONFIG	1126170656
Adas.ADAS_FCW_ERROR	852492328
Adas.ADAS_FCW_LEVEL_SET	1324560420
Adas.ADAS_FCW_LEVEL_STATUS	327155720
Adas.ADAS_FCW_LEVEL_STATUS_HAL	852492333
Adas.ADAS_FEATURE_ACTIVATION_FAIL_TAKEOVER_EXTENSION_FIELD	230686792
Adas.ADAS_FIXED_WHEEL_ROTATION_ASSIST_BRAKE_ENABLE_FLAG	513811879
Adas.ADAS_FIXED_WHEEL_ROTATION_ASSIST_BRAKE_FLAG	513811871
Adas.ADAS_FIXED_WHEEL_ROTATION_OBSTACLE_DETECTION_ENABLE	513811878
Adas.ADAS_FLOATING_POINT_SWITCH_SELF_LEARNING	-1926234042
Adas.ADAS_FLOATING_POINT_SWITCH_STATUS	221249606
Adas.ADAS_FLYOVER_FUNCTION_ACTIVATE_CONDITION_SIGNAL	463618093
Adas.ADAS_FLYOVER_FUNCTION_SWITCH_SIGNAL_SET	850530326
Adas.ADAS_FL_BLIND_SPOT_ALARM_ACTIVE_SIGNAL_STATUS	1098907692
Adas.ADAS_FORWARD_COLLISION_WARNING_GRAY	535826474
Adas.ADAS_FORWARD_IETERAL_COLLISION	748683300
Adas.ADAS_FORWARD_IETERAL_COLLISION_SET	850452515
Adas.ADAS_FRONT_CAR_START_REMINDER_SWITCH_STATUS	535842834
Adas.ADAS_FRONT_CROSS_TRAFFIC_ALERT_GRAY	748683296
Adas.ADAS_FRONT_CROSS_TRAFFIC_BRAKE_GRAY	748683298
Adas.ADAS_FRONT_PARKING_BUTTON_SET	1324560454
Adas.ADAS_FRONT_PARKING_SETTING_SWITCH_SET	1324576786
Adas.ADAS_FRONT_PARKING_SUPPORT	832577562
Adas.ADAS_FRONT_RADAR_FCTB_ALARM_SIGNAL	852492337
Adas.ADAS_FRONT_REAR_PARKING_BUTTON_SET	850452524
Adas.ADAS_FRONT_VEHICLE_ACCELERATION	327155744
Adas.ADAS_FRONT_VEHICLE_DISTANCE	327155723
Adas.ADAS_FRONT_VEHICLE_SPEED	327155736
Adas.ADAS_FRONT_VEHICLE_START_REMINDER_AND_TRAFFIC_LIGHT_GREEN_START_REMINDER	481296792
Adas.ADAS_FRONT_VEHICLE_STATUS	327155722
Adas.ADAS_FR_BLIND_SPOT_ALARM_ACTIVE_SIGNAL_STATUS	1098907694
Adas.ADAS_FUNCTION_ALGORITHM_SUPPLIER	1126170688
Adas.ADAS_FUNCTION_TAKES_OVER_REMINDER_ID	230686744
Adas.ADAS_GREEN_LIGHT_GO_ATTENTION_CONFIG	535834681
Adas.ADAS_GREEN_LIGHT_GO_ATTENTION_SWITCH_STATUS	535834683
Adas.ADAS_GREEN_LIGHT_GO_ATTENTION_SWITCH_STATUS_SET	850452541
Adas.ADAS_GREEN_WAVE_SPEED_GUIDE_SUGGEST_SPEED_OUTPUT	878714944
Adas.ADAS_HANDS_OFF_DEST_STATE	532676661
Adas.ADAS_HANDS_OFF_DETECTED_STATE	830472221
Adas.ADAS_HANDS_OFF_DETECTED_VD_STATE	830472222
Adas.ADAS_HAND_OUT_REMINDER_CONFIG	535830592
Adas.ADAS_HAND_OUT_REMINDER_SET	1139814466
Adas.ADAS_HAND_OUT_REMINDER_STATUS	535834693
Adas.ADAS_HAS2_ACC	1126170632
Adas.ADAS_HAS2_AEB	1126170633
Adas.ADAS_HAS2_FCW	1126170634
Adas.ADAS_HAS2_HMA	1126170635
Adas.ADAS_HAS2_LDW	1126170636
Adas.ADAS_HAS2_LKS	1126170637
Adas.ADAS_HAS2_SLA	1126170638
Adas.ADAS_HAS2_TJA	1126170639
Adas.ADAS_HAS_AEB	854373
Adas.ADAS_HAS_AVH	839909432
Adas.ADAS_HAS_AVH_WASH_MODE	-1307574216
Adas.ADAS_HAS_BSD	1098907648
Adas.ADAS_HAS_ENTER_REMOTE_CONTROL	1090519053
Adas.ADAS_HAS_ESP	839909434
Adas.ADAS_HAS_HMA	395092
Adas.ADAS_HAS_LDSW	1126170644
Adas.ADAS_HAS_LKS_MODE	735173
Adas.ADAS_HAS_LKS_SENSITIVITY	110857
Adas.ADAS_HAS_PCW	867871
Adas.ADAS_HAS_SLA	768645
Adas.ADAS_HAS_TJA_ICA_BUTTON	1126170645
Adas.ADAS_HEAVY_RAIN_DOWNGRADE_GRADING_REMINDER	749732046
Adas.ADAS_HEIGHT_LIMIT_ATTENTION_CONFIG	182452278
Adas.ADAS_HEIGHT_LIMIT_ATTENTION_SET	1324646442
Adas.ADAS_HEIGHT_LIMIT_ATTENTION_STATUS	182452280
Adas.ADAS_HIGHWAY_INTELLIGENT_NAVIGATION_ASSISTANCE_GRAY	535826456
Adas.ADAS_HIGH_ATTACHED_SPEED_LIMIT_WARNING_SIGN	681574886
Adas.ADAS_HIGH_FAST_NAVIGATOR_SUPPLIER_COMBINATIO	535838738
Adas.ADAS_HIGH_ORDER_PUNISHMENT_MECHANISM_SIGNAL	700448792
Adas.ADAS_HL_GRAY_STATUS	832581698
Adas.ADAS_HMA_HIGH_BEAM_ASSIST_GRAY	535826476
Adas.ADAS_HMA_STATE	828375048
Adas.ADAS_HMA_STATE_HAL	725614600
Adas.ADAS_HMA_STATE_SET	944767008
Adas.ADAS_HNP_CONFIG	1126170651
Adas.ADAS_HNP_SWITCH_SET	1324560406
Adas.ADAS_HNP_SWITCH_STATE	700448824
Adas.ADAS_HNP_WITHIN_VALIDITY_PERIOD	1161822262
Adas.ADAS_HORIZONTAL_PARK_DISTANCE_INFO	328205769
Adas.ADAS_HPA_ACTIVE_CONDITION_FEEDBACK	749731870
Adas.ADAS_HPA_DRAWING_CARD_STATUS_SET	1324580932
Adas.ADAS_HPA_FUNCTION_INTERRUPTION_EXIT	665709
Adas.ADAS_HPA_FUNCTION_SUSPEND	838482
Adas.ADAS_HPA_FUNCTION_TIPS	656449
Adas.ADAS_HPA_INTELLIGENT_RECOMMENDATION	943098
Adas.ADAS_HPA_INTERFACE_ENTRY_STATUS	444807
Adas.ADAS_HPA_INTERFACE_REQUEST_STATUS_SET	1324560424
Adas.ADAS_HPA_LEARNING_PATH_PROCESS_PROMPT_INFO	53441
Adas.ADAS_HPA_LONG_PRESS_BUTTON_STATUS	749732148
Adas.ADAS_HPA_MAP_AND_PARK_REQUEST_MODE	900873
Adas.ADAS_HPA_MAP_AND_PARK_REQUEST_MODE_SET	287938
Adas.ADAS_HPA_PARKING_CARD_STATUS_SET	1324580934
Adas.ADAS_HPA_PARK_REQBY_PAD_SET	1324580890
Adas.ADAS_HPA_RECOMMEDN_FUNCTION_REQUEST	987934
Adas.ADAS_HPA_SWITCH_STATUS_SET	1324580924
Adas.ADAS_HPA_SYSTEM_CONTROL_VEHICLE_FLAG_STATUS	749731852
Adas.ADAS_HPA_UNAVAILABLE_INFO_PROMPT	275512
Adas.ADAS_HUD_SIGNAL_EFFECTIVE	401604622
Adas.ADAS_HUD_SYSTEM_STATUS	401604616
Adas.ADAS_HW_MDC_LOW_STATUS	891297816
Adas.ADAS_HW_MDC_SOUND_MUTE_SET	850509850
Adas.ADAS_HW_MDC_SOUND_MUTE_STATUS	891297818
Adas.ADAS_IBOOSTER_STATE	854616
Adas.ADAS_IBOOSTER_STATE_SET	944766988
Adas.ADAS_ILCA_ACTIVATION_METHOD	1126170674
Adas.ADAS_ILCA_CONFIG	1126170652
Adas.ADAS_ILCA_LONG_SHORT_PRESS_ACTIVATION_METHOD	327155768
Adas.ADAS_ILCA_LONG_SHORT_PRESS_ACTIVATION_METHOD_SET	850452507
Adas.ADAS_ILCA_SWITCH_CONFIG	1126170682
Adas.ADAS_ILCA_SWITCH_SET	1324560404
Adas.ADAS_ILCA_SWITCH_STATE	700448776
Adas.ADAS_INTELLIGENT_CRUISE_CONTROL_GRAY	535826450
Adas.ADAS_INTELLIGENT_DRIVE_PROMPT_INLAND_PROMPT_FUNCTION	-1728052431
Adas.ADAS_INTELLIGENT_DRIVE_PROMPT_INLAND_PROMPT_FUNCTION_IVI	-1728052379
Adas.ADAS_INTELLIGENT_DRIVING_AVAILABLLE_STATUS_SET	633339972
Adas.ADAS_INTELLIGENT_DRIVING_MODE_CONFIG	1126170670
Adas.ADAS_INTELLIGENT_DRIVING_UI_CONFIG	1126170680
Adas.ADAS_INTELLIGENT_SPEED_LIMIT_CONTROL_GRAY	535826466
Adas.ADAS_INTELLIGENT_SPEED_LIMIT_INFORMATION_GRAY	535826482
Adas.ADAS_INTERACTIVE_LANE_CHANGE_ASSIST_GRAY	535826452
Adas.ADAS_INTERSECTION_LEFT_WARNING_OUTPUT	878710800
Adas.ADAS_INTERSECTION_RIGHT_WARNING_OUTPUT	878710802
Adas.ADAS_ISLA_CONFIG	1126170654
Adas.ADAS_ISLA_SWITCH_SET	944767044
Adas.ADAS_ISLA_SWITCH_STATUS_5R13V	760217615
Adas.ADAS_ISLA_SWITCH_STATUS_5R1V_HAL	725614616
Adas.ADAS_ISLA_WARNING	725614614
Adas.ADAS_ISLC_SWITCH_SET	1324560408
Adas.ADAS_ISLC_SWITCH_STATUS_5R13V	760217611
Adas.ADAS_ISLC_SWITCH_STATUS_5R1V_HAL	854589481
Adas.ADAS_ISLI_WARNING_STATUS	760217613
Adas.ADAS_IVI_STATE_SET	503316547
Adas.ADAS_LANE_DEPARTURE_PREVENTION_GRAY	535826468
Adas.ADAS_LANE_DEPARTURE_WARNING_GRAY	535826470
Adas.ADAS_LANE_OFFSET_KEY	1250951184
Adas.ADAS_LATERAL_DRIVER_TAKEOVER_REQUEST	854589485
Adas.ADAS_LATERAL_SHIFT_FUNCTION_SPEED_GRAR_CONFIG	513811707
Adas.ADAS_LATERAL_TRAJECTORY_COLLISION_WARNING_INDICATOR	513807424
Adas.ADAS_LCC_NCA_FUNCTION_STATUS	440401932
Adas.ADAS_LDSW_TYPE	828375096
Adas.ADAS_LDSW_TYPE_SET	944767022
Adas.ADAS_LDW_FAULT	828375061
Adas.ADAS_LDW_STATIC_CALIBRATION_SET	944767027
Adas.ADAS_LEFT_FRONT_CORNER_PARTITION_DISPLAY_SIGN	681574858
Adas.ADAS_LEFT_FRONT_MIDDLE_OBSTACLE_DISTANCE	911212568
Adas.ADAS_LEFT_FRONT_OBSTACLE_DISTANCE	911212552
Adas.ADAS_LEFT_FRONT_PARTITION_DISPLAY_SIGN	681574875
Adas.ADAS_LEFT_LANE_LINE_CURVATURE	695210028
Adas.ADAS_LEFT_LANE_LINE_CURVATURE_2	695218220
Adas.ADAS_LEFT_LANE_LINE_TYPE	695210000
Adas.ADAS_LEFT_LANE_LINE_TYPE_2	695218192
Adas.ADAS_LEFT_LANE_LINE_Y_DISTANCE	695210004
Adas.ADAS_LEFT_LANE_LINE_Y_DISTANCE_2	695218196
Adas.ADAS_LEFT_LINE_TRACKING_STATUS	828375052
Adas.ADAS_LEFT_REAR_CORNER_PARTITION_DISPLAY_SIGN	681574868
Adas.ADAS_LEFT_REAR_MIDDLE_OBSTACLE_DISTANCE	911212584
Adas.ADAS_LEFT_REAR_OBSTACLE_DISTANCE	911212600
Adas.ADAS_LEFT_REAR_PARTITION_DISPLAY_SIGN	681574880
Adas.ADAS_LEFT_REAR_THIRD_ROW_SEATBELT_UNBUCKLED_WARNING_STATUS	1335885888
Adas.ADAS_LEFT_STEERING_WHEEL_DOWN	989855767
Adas.ADAS_LEFT_STEERING_WHEEL_UP	989855768
Adas.ADAS_LEFT_YAW_DISTANCE	695210016
Adas.ADAS_LFI_LONGITUDINAL_TORQUE_EXECUTION_ESTIMATE	389022752
Adas.ADAS_LIDAR_COUNT	481296748
Adas.ADAS_LIDAR_TYPE	481296744
Adas.ADAS_LIFE_FRAME_26601	643830248
Adas.ADAS_LIFE_FRAME_26602	643834344
Adas.ADAS_LIFE_FRAME_26603	643838440
Adas.ADAS_LIMIT_CHANGE_SOUND_REMIND_GRAY	535826484
Adas.ADAS_LINKAGE_LOG_REPORT_SET	1262485612
Adas.ADAS_LKA_CONTROL_DELIVERED_VALUE_STATE	830472208
Adas.ADAS_LKA_CTRL_1D1_VALUE_STATE	830472220
Adas.ADAS_LKC_CONFIG	1126170668
Adas.ADAS_LKC_FUNCTION_STATUS	327155756
Adas.ADAS_LKC_GRAY_STATE	535826472
Adas.ADAS_LKC_SWITCH_SET	850452496
Adas.ADAS_LKS_FAULT	828375060
Adas.ADAS_LKS_LDWS_RESET_SET	1043333185
Adas.ADAS_LKS_MODE	828375054
Adas.ADAS_LKS_MODE_SET	944767016
Adas.ADAS_LKS_SENSITIVITY	828375056
Adas.ADAS_LKS_SENSITIVITY_SET	944767012
Adas.ADAS_LOCATE_AUTOORIZATION_STATUS_SET	1285554278
Adas.ADAS_LOW_ATTACHED_ACCELERATOR_WARNING_SIGN	681574887
Adas.ADAS_LOW_SPEED_AUXILIARY_BREAK_STATUS_SIGNAL	832573486
Adas.ADAS_LVP_BUILD_PARKIN_MAP_AVAILABLE_STATUS	655278
Adas.ADAS_LVP_BUILD_PARKOUT_MAP_AVAILABLE_STATUS	749731850
Adas.ADAS_LVP_CONFIRM_MAPPING_PARKING_PORT_REQ_SET	592946
Adas.ADAS_LVP_CONTINUE_BUTTON_STATUS	916289
Adas.ADAS_LVP_HPA_FUNCTION_CONTROL_MODE	749731918
Adas.ADAS_LVP_HPA_FUNCTION_STATUS	749731932
Adas.ADAS_LVP_HPA_ROATE_PAD_STATUS	749732201
Adas.ADAS_LVP_LEARNING_PATH_LENGTH	749731880
Adas.ADAS_LVP_PAD_AND_APP_FAULT_STATUS_SET	633339912
Adas.ADAS_LVP_PARKING_MODE	749731878
Adas.ADAS_LVP_PARKIN_MAPPING_BUTTON_SET	203893
Adas.ADAS_LVP_PARKOUT_BUILD_MAP_FINISH_BUTTON_STATUS	219709
Adas.ADAS_LVP_PARKOUT_MAPPING_BUTTON_SET	1324560433
Adas.ADAS_LVP_PAUSE_BUTTON_STATUS	595927
Adas.ADAS_LVP_RANDOM_SLOT_START_PARTKING_BUTTON_SET	372419
Adas.ADAS_LVP_REBUILD_PARKIN_PATH_BUTTON_AVAILABLE_STATUS	414010
Adas.ADAS_LVP_REBUILD_PARKOUT_PATH_BUTTON_AVAILABLE_STATUS	508034
Adas.ADAS_LVP_RECOVERY_HPA_FUNCTION_SET	162951
Adas.ADAS_LVP_REMAIN_PATH_LENGTH	749731896
Adas.ADAS_LVP_REQBY_PAD_OR_APP_SET	1324560428
Adas.ADAS_LVP_RESET_MAPPING_REQ_SET	1324580915
Adas.ADAS_LVP_RESET_PARKIN_ROUTE_BUTTON_SET	1324580895
Adas.ADAS_LVP_RESET_PARKOUT_ROUTE_BUTTON_SET	1324580896
Adas.ADAS_LVP_RESET_ROUTE_SET	1324560436
Adas.ADAS_LVP_SET_PARKING_ENDING_REQ_SET	928336
Adas.ADAS_LVP_SMART_PARKIN_BUTTON_STATUS	792606
Adas.ADAS_LVP_SMART_PARKIN_BYPAD_SET	154030
Adas.ADAS_LVP_SMART_PARKIN_MODE	749732118
Adas.ADAS_LVP_SMART_PARKIN_SLOT_MODE_SELECT_SET	1324580908
Adas.ADAS_LVP_SMART_PARKOUT_BUTTON_STATUS	749731854
Adas.ADAS_LVP_SMART_PARKOUT_BYPAD_SET	1324580930
Adas.ADAS_LVP_SMART_PATKIN_BYMOBILE_SET	496747
Adas.ADAS_LVP_SMART_RECOMMEND_FEEDBACK	749732164
Adas.ADAS_LVP_SMART_RECOMMEND_SETTING_ITEM_SET	1324580894
Adas.ADAS_LVP_START_PARKIN_BUTTON_STATUS	711947
Adas.ADAS_LVP_STOP_REQUEST_HPA_FUNCTION_SET	594082
Adas.ADAS_LVP_SWITCH_BUILD_MAP_AND_SMART_PARKING_SET	1324580928
Adas.ADAS_LVP_USE_HPA_BYMOBILE_FLAG_STATUS	749732133
Adas.ADAS_MAP_BEAUTIFICATION_SEND_STATUS	749731940
Adas.ADAS_MAX_TORQUE_DIFFERENTIAL_LOCK_STATUS_INDICATION	513807705
Adas.ADAS_MAX_TORQUE_PROHIBIT_4L_FUNCTION_EXIT_INDICATION_FLAG	513807694
Adas.ADAS_MAX_TORQUE_VEHICLE_EXIT_INDICATION_FLAG	513807706
Adas.ADAS_MAX_TORQUE_VEHICLE_STABLE_INDICATION_FLAG	513807704
Adas.ADAS_MAX_TORQUE_WHOLE_VEHICLE_STATE_UNSATISFACTORY_INDICATION	513807695
Adas.ADAS_MEB_GRAY_STATUS	832581692
Adas.ADAS_MEB_SETTING_SWITCH_SET	1324576790
Adas.ADAS_MEB_STATUS_LIGHT	832577557
Adas.ADAS_MECHANICAL_HOOD_NOT_CLOSED_WARNING	1240465851
Adas.ADAS_MNOA_PROMPT	790643096
Adas.ADAS_MNOA_SELF_LEARNING_SIGNAL	1161822231
Adas.ADAS_MNOA_STATUS_DISPLAY	790643093
Adas.ADAS_MODULE_VENDER	1126170640
Adas.ADAS_MOIS_ASSEMBLE_STATUS	568328200
Adas.ADAS_MOIS_ENABLE_STATUS	568328213
Adas.ADAS_MOIS_ENABLE_STATUS_SET	1324560442
Adas.ADAS_MOIS_FUNC_STATUS	568328201
Adas.ADAS_MOIS_GRAY_STATUS	568328216
Adas.ADAS_MRM_CONFIG	594542624
Adas.ADAS_MRM_REMINDER	535830598
Adas.ADAS_MRR_MRC_REQUEST_STATUS	854589492
Adas.ADAS_MRR_TJP_STATUS	313524242
Adas.ADAS_MRR_TJP_WARNING_TEXT_INFO	313524235
Adas.ADAS_MVAC_SWITCH	700448791
Adas.ADAS_MVAC_SWITCH_CONFIG	1161822272
Adas.ADAS_MVAC_SWITCH_SET	1324560414
Adas.ADAS_NARROW_CONTINUE_BUTTON_STATUS	481296709
Adas.ADAS_NARROW_EXIT_BUTTON_STATUS	481296724
Adas.ADAS_NARROW_FLOAT_WINDOW_RESPONSE	481296702
Adas.ADAS_NARROW_FUNCTION_BUTTON_STATUS	481296712
Adas.ADAS_NARROW_OPEN_AVM_CONFIG_FEEDBAEK	481296700
Adas.ADAS_NARROW_PASSAGE_TEXT_PROMPT	481296672
Adas.ADAS_NARROW_PASSAGE_VOICE_PROMPT	481296684
Adas.ADAS_NAVP_PARK_OUTSIDE_VOICE_PROMPT	749732211
Adas.ADAS_NEAR_INFRARED_CAMERA_OCCLUSION_STATUS	726663182
Adas.ADAS_NIGHT_VIEW_AUTO_ACTIVATE_SWITCH	726663176
Adas.ADAS_NIGHT_VIEW_AUTO_ACTIVATE_SWITCH_SET	1324630080
Adas.ADAS_NIGHT_VIEW_FCW_SWITCH	726663177
Adas.ADAS_NIGHT_VIEW_FCW_SWITCH_SET	1324630078
Adas.ADAS_NIGHT_VIEW_MODE_MANUAL_SWITCH	726663215
Adas.ADAS_NIGHT_VIEW_MODE_MANUAL_SWITCH_SET	1324630084
Adas.ADAS_NIGHT_VIEW_WORK_STATE	726663179
Adas.ADAS_NIGHT_VISION_CONTROLLER_SERIALIZER_TYPE	726663208
Adas.ADAS_NIGHT_VISION_SYSTEM_AUTO_MODE_STATUS	726663178
Adas.ADAS_NIGHT_VISION_SYSTEM_COLLISION_WARNING_SIGNAL	726663187
Adas.ADAS_NIGHT_VISION_SYSTEM_DATA_FORMAT	726663200
Adas.ADAS_NIGHT_VISION_SYSTEM_FRAME_RATE	726663203
Adas.ADAS_NIGHT_VISION_SYSTEM_MANUAL_AVTIVATION_PROMPT	726663211
Adas.ADAS_NIGHT_VISION_SYSTEM_MANUAL_AVTIVATION_STATUS	726663191
Adas.ADAS_NIGHT_VISION_SYSTEM_MANUFACTURER_INFO	726663192
Adas.ADAS_NIGHT_VISION_SYSTEM_OPTION	726663206
Adas.ADAS_NIGHT_VISION_SYSTEM_OUTPUT_RESOLUTION	726663196
Adas.ADAS_NIGHT_VISION_SYSTEM_SCREEN_STATUS	726663213
Adas.ADAS_NOA_ACTIVATE_PROMPT	535830552
Adas.ADAS_NOA_FUNCTION_STATUS_TRAFFIC_LIGHT_PASS_REMINDER	535830584
Adas.ADAS_NOA_GRAY_STATE	535826458
Adas.ADAS_NOA_QUIT_PROMPT	535830556
Adas.ADAS_NOA_UI_TYPE	535838789
Adas.ADAS_NRP_GRAY_STATUS	832581694
Adas.ADAS_OMS_MAIN_DRIVER_DETECTION_RESULT_SET	834666600
Adas.ADAS_OMS_MAIN_DRIVER_FASTEN_SEATBELT_DETECTION_RESULT_SET	834666603
Adas.ADAS_OMS_PASSENGER_DETECTION_RESULT_SET	834666605
Adas.ADAS_OMS_PASSENGER_FASTEN_SEATBELT_DETECTION_RESULT_SET	834666608
Adas.ADAS_OMS_SECOND_ROW_LEFT_CREW_DETECTION_RESULT_SET	834666610
Adas.ADAS_OMS_SECOND_ROW_LEFT_CREW_FASTEN_SEATBELT_DETECTION_RESULT_SET	834666613
Adas.ADAS_OMS_SECOND_ROW_MID_CREW_DETECTION_RESULT_SET	834666615
Adas.ADAS_OMS_SECOND_ROW_MID_CREW_FASTEN_SEATBELT_DETECTION_RESULT_SET	834666618
Adas.ADAS_OMS_SECOND_ROW_RIGHT_CREW_DETECTION_RESULT_SET	834666620
Adas.ADAS_OMS_SECOND_ROW_RIGHT_CREW_FASTEN_SEATBELT_DETECTION_RESULT_SET	834666623
Adas.ADAS_OMS_THIRD_ROW_LEFT_CREW_DETECTION_RESULT_SET	834666625
Adas.ADAS_OMS_THIRD_ROW_LEFT_CREW_FASTEN_SEATBELT_DETECTION_RESULT_SET	834666628
Adas.ADAS_OMS_THIRD_ROW_MID_CREW_DETECTION_RESULT_SET	834666630
Adas.ADAS_OMS_THIRD_ROW_MID_CREW_FASTEN_SEATBELT_DETECTION_RESULT_SET	834666633
Adas.ADAS_OMS_THIRD_ROW_RIGHT_CREW_DETECTION_RESULT_SET	834666635
Adas.ADAS_OMS_THIRD_ROW_RIGHT_CREW_FASTEN_SEATBELT_DETECTION_RESULT_SET	834666638
Adas.ADAS_OPPOSING_LANE_VEHICLE_AHEAD_LOSE_CONTROL_WARNING_OUTPUT	878710812
Adas.ADAS_OPTIONAL_PARKING_SPACE_ANGEL_SET	465575952
Adas.ADAS_OPTIONAL_PARKING_SPACE_BUTTON	749732144
Adas.ADAS_OPTIONAL_PARKING_SPACE_BUTTON_REQ_SET	600834083
Adas.ADAS_OPTIONAL_PARKING_SPACE_CENTER_POINT_X_COORDINATE_SET	465575960
Adas.ADAS_OPTIONAL_PARKING_SPACE_CENTER_POINT_Y_COORDINATE_SET	465575970
Adas.ADAS_OPTIONAL_PARKING_SPACE_CONFIG	832577578
Adas.ADAS_OPTIONAL_PARKING_SPACE_STATUS	749732151
Adas.ADAS_OUT_AVP_PARKIN_BUTTON_AVAILABLE_STATUS	749732184
Adas.ADAS_OVERSPEED_ON_BENDS_WARNING	700448812
Adas.ADAS_OVERSPEED_ON_BENDS_WARNING_CONFIG	1161822225
Adas.ADAS_OVERSPEED_ON_BENDS_WARNING_SET	850452509
Adas.ADAS_OVERTAKE_CHANGE_LANE_STYLE	1126170678
Adas.ADAS_OVERTAKE_CHANGE_LANE_STYLE_STATUS	327155766
Adas.ADAS_OVERTAKE_CHANGE_LANE_STYLE_STATUS_SET	850452526
Adas.ADAS_PAD_ACQ_SWITCH_TO_CONFIG	754974852
Adas.ADAS_PAD_PARKING_LOT_MAP_STATE_SET	1324580897
Adas.ADAS_PALM_KEY_BROADCAST_CONTENT	1037041712
Adas.ADAS_PALM_KEY_BROADCAST_POSITION	1037041706
Adas.ADAS_PALM_KEY_ENTRANCE_SHOW	1037041704
Adas.ADAS_PARKING_ACTIVELY_REQUEST	749732016
Adas.ADAS_PARKING_FUNCTION_INTERACTIVE_INTERFACE_SELF_LEARNING_SET	834666983
Adas.ADAS_PARKING_POSITION_TURNING_STATUS	255852875
Adas.ADAS_PARKING_SPACE_TO_PARKING_SPACE_FUNCTION_PROMPT_INFO	749732055
Adas.ADAS_PARKING_SPACE_TO_PARKING_SPACE_FUNCTION_STATUS	749732060
Adas.ADAS_PARKING_SPEED	749732010
Adas.ADAS_PARKING_SPEED_RATE_CONFIG	832581674
Adas.ADAS_PARKING_SPEED_SET	1285554282
Adas.ADAS_PARKING_TYPE_SELECTION	832573484
Adas.ADAS_PARKOUT_DIRECTION_SELECT_SET	1324576820
Adas.ADAS_PARK_RETURN_BUTTON_REQ	749732078
Adas.ADAS_PARK_RETURN_BUTTON_REQ_SET	600834084
Adas.ADAS_PASSAGE_MEDIA_SWITCH_SIGNAL_SET	1324371988
Adas.ADAS_PAS_SWITCH_PARAMETER_STATUS	832577580
Adas.ADAS_PAUSE_ASSISTANCE_SYSTEM_STATUS_hal_only	583008475
Adas.ADAS_PAUSE_PARK_BUTTON_SET	600834078
Adas.ADAS_PCT_STEERING_WHEEL_AUTO_CENTERING_CONFIG_FLAG	513811822
Adas.ADAS_PCW_LATENT_WARNING	852492313
Adas.ADAS_PCW_PRE_WARNING	852492312
Adas.ADAS_PCW_STATE	852492314
Adas.ADAS_PCW_STATE_SET	944767014
Adas.ADAS_PDC_ALARM_SOUND_SWITCH_SET	850571321
Adas.ADAS_PDC_ALARM_SOUND_SWITCH_STATUS_FEEDBACK	749732180
Adas.ADAS_PDC_BUZZER_ONOFF_SELF_LEARNING	832585786
Adas.ADAS_PDC_GRAY_STATUS	832581686
Adas.ADAS_PEB_STATUS_SIGNAL	832573486
Adas.ADAS_PEB_SUPPORTED	487587898
Adas.ADAS_POC_BACK_RIGHT_CROSS_STATUS	832573508
Adas.ADAS_POP_UP_SHOW_TAKEOVER_EXTENSION_FIELD	230686776
Adas.ADAS_PREVIEW_SWITCH	629145674
Adas.ADAS_PREVIEW_SWITCH_1BA_hal_only	463605792
Adas.ADAS_PREVIEW_SWITCH_1FD_hal_only	533725235
Adas.ADAS_PREVIEW_SWITCH_CONFIG	629145672
Adas.ADAS_PREVIEW_SWITCH_CONFIG_1BA_hal_only	463605790
Adas.ADAS_PREVIEW_SWITCH_CONFIG_1FD_hal_only	533725217
Adas.ADAS_PREVIEW_SWITCH_SET	1324576806
Adas.ADAS_PRE_COOLING_ENABLED_STATUS_SET	1276235820
Adas.ADAS_PROMPT_ISLAND_ADAPTATION_STATUS	230686742
Adas.ADAS_PSS_ACTIVE_FLAG	255853015
Adas.ADAS_PULL_OVER_PARKIN_CKASSICAL	535842844
Adas.ADAS_PUNCTURE_SIGNAL_FLAG	681574625
Adas.ADAS_QUIT_HPA_BY_HOME_BUTTON_SET	600834081
Adas.ADAS_QUIT_HPA_BY_RETURN_BUTTON_SET	600834082
Adas.ADAS_RADAR_ALARM_SECTION_0_OBSTACLE_DISTANCE	515899400
Adas.ADAS_RADAR_ALARM_SECTION_0_OBSTACLE_SOUND_ALARM_LEVEL	515899528
Adas.ADAS_RADAR_ALARM_SECTION_10_OBSTACLE_DISTANCE	515899480
Adas.ADAS_RADAR_ALARM_SECTION_10_OBSTACLE_SOUND_ALARM_LEVEL	515899558
Adas.ADAS_RADAR_ALARM_SECTION_11_OBSTACLE_DISTANCE	515899488
Adas.ADAS_RADAR_ALARM_SECTION_11_OBSTACLE_SOUND_ALARM_LEVEL	515899561
Adas.ADAS_RADAR_ALARM_SECTION_12_OBSTACLE_DISTANCE	515899496
Adas.ADAS_RADAR_ALARM_SECTION_12_OBSTACLE_SOUND_ALARM_LEVEL	515899564
Adas.ADAS_RADAR_ALARM_SECTION_13_OBSTACLE_DISTANCE	515899504
Adas.ADAS_RADAR_ALARM_SECTION_13_OBSTACLE_SOUND_ALARM_LEVEL	515899567
Adas.ADAS_RADAR_ALARM_SECTION_14_OBSTACLE_DISTANCE	515899512
Adas.ADAS_RADAR_ALARM_SECTION_14_OBSTACLE_SOUND_ALARM_LEVEL	515899570
Adas.ADAS_RADAR_ALARM_SECTION_15_OBSTACLE_DISTANCE	515899520
Adas.ADAS_RADAR_ALARM_SECTION_15_OBSTACLE_SOUND_ALARM_LEVEL	515899573
Adas.ADAS_RADAR_ALARM_SECTION_1_OBSTACLE_DISTANCE	515899408
Adas.ADAS_RADAR_ALARM_SECTION_1_OBSTACLE_SOUND_ALARM_LEVEL	515899531
Adas.ADAS_RADAR_ALARM_SECTION_2_OBSTACLE_DISTANCE	515899416
Adas.ADAS_RADAR_ALARM_SECTION_2_OBSTACLE_SOUND_ALARM_LEVEL	515899534
Adas.ADAS_RADAR_ALARM_SECTION_3_OBSTACLE_DISTANCE	515899424
Adas.ADAS_RADAR_ALARM_SECTION_3_OBSTACLE_SOUND_ALARM_LEVEL	515899537
Adas.ADAS_RADAR_ALARM_SECTION_4_OBSTACLE_DISTANCE	515899432
Adas.ADAS_RADAR_ALARM_SECTION_4_OBSTACLE_SOUND_ALARM_LEVEL	515899540
Adas.ADAS_RADAR_ALARM_SECTION_5_OBSTACLE_DISTANCE	515899440
Adas.ADAS_RADAR_ALARM_SECTION_5_OBSTACLE_SOUND_ALARM_LEVEL	515899543
Adas.ADAS_RADAR_ALARM_SECTION_6_OBSTACLE_DISTANCE	515899448
Adas.ADAS_RADAR_ALARM_SECTION_6_OBSTACLE_SOUND_ALARM_LEVEL	515899546
Adas.ADAS_RADAR_ALARM_SECTION_7_OBSTACLE_DISTANCE	515899456
Adas.ADAS_RADAR_ALARM_SECTION_7_OBSTACLE_SOUND_ALARM_LEVEL	515899549
Adas.ADAS_RADAR_ALARM_SECTION_8_OBSTACLE_DISTANCE	515899464
Adas.ADAS_RADAR_ALARM_SECTION_8_OBSTACLE_SOUND_ALARM_LEVEL	515899552
Adas.ADAS_RADAR_ALARM_SECTION_9_OBSTACLE_DISTANCE	515899472
Adas.ADAS_RADAR_ALARM_SECTION_9_OBSTACLE_SOUND_ALARM_LEVEL	515899555
Adas.ADAS_RCTA_STATE_SET	944766990
Adas.ADAS_RCW_ACTIVATION	1098907670
Adas.ADAS_RCW_CONFIG	1160773642
Adas.ADAS_RCW_STATE_SET	944766992
Adas.ADAS_RCW_SWITCH_STATE	1098907676
Adas.ADAS_REAR_COLLISION_WARNING_GRAY	1160773654
Adas.ADAS_REAR_CROSS_TRAFFIC_ALERT_GRAY	1160773650
Adas.ADAS_REAR_CROSS_TRAFFIC_BRAKE_GRAY	1160773652
Adas.ADAS_REAR_IETERAL_COLLISION	1160773656
Adas.ADAS_REAR_IETERAL_COLLISION_SET	850452518
Adas.ADAS_REAR_PARKING_BUTTON_SET	1324560455
Adas.ADAS_REAR_RADAR_RCTB_WARNING	1098907704
Adas.ADAS_REAR_VIEW_CAMERA	481296756
Adas.ADAS_REAR_WHEEL_STEER_DYSFUNCTION	266339400
Adas.ADAS_REAR_WHEEL_STEER_STATUS	513807688
Adas.ADAS_REASON_FOR_EXITING_SHOULDER_ASSIST_FUNCTION	789594224
Adas.ADAS_RECOVERY_AVP_FUNCTION_SET	600834057
Adas.ADAS_REQUEST_ANGLE_OVER_RANGE_STATE	532676662
Adas.ADAS_REQUEST_ANGLE_SPEED_OVER_RANGE_STATE	532676663
Adas.ADAS_RESTART_SATELLITE_COMM_SET	850530324
Adas.ADAS_RESTORE_SATELLITE_COMM_FACTORY_SET	850530322
Adas.ADAS_RESUME_PARK_BUTTON_SET	600834079
Adas.ADAS_RETURN_INITIAL_POSITION_BUTTON	749732238
Adas.ADAS_RETURN_INITIAL_POSITION_BUTTON_REQUEST_SET	1285554284
Adas.ADAS_REVERSE_GEAR_LINKAGE_FUNCTION_STATUS	749732093
Adas.ADAS_REVERSE_LINKAGE_FUNCTION_SETTING_SWITCH_SET	1324576784
Adas.ADAS_REVERSE_PASS_WARNING_DISTANCE_OUTPUT	878718992
Adas.ADAS_REVERSE_PASS_WARNING_OUTPUT	878710804
Adas.ADAS_REVERSING_RADAR_SYS_STATE	832573460
Adas.ADAS_RIGHT_FRONT_CORNER_PARTITION_DISPLAY_SIGN	681574861
Adas.ADAS_RIGHT_FRONT_MIDDLE_OBSTACLE_DISTANCE	911212576
Adas.ADAS_RIGHT_FRONT_OBSTACLE_DISTANCE	911212560
Adas.ADAS_RIGHT_FRONT_PARTITION_DISPLAY_SIGN	681574883
Adas.ADAS_RIGHT_LANE_LINE_CURVATURE	695214124
Adas.ADAS_RIGHT_LANE_LINE_CURVATURE_2	695222316
Adas.ADAS_RIGHT_LANE_LINE_TYPE	695214096
Adas.ADAS_RIGHT_LANE_LINE_TYPE_2	695222288
Adas.ADAS_RIGHT_LANE_LINE_Y_DISTANCE	695214100
Adas.ADAS_RIGHT_LANE_LINE_Y_DISTANCE_2	695222292
Adas.ADAS_RIGHT_LINE_TRACKING_STATUS	828375082
Adas.ADAS_RIGHT_RADAR_LCA_WARNINGLEFT	1098907664
Adas.ADAS_RIGHT_RADAR_LCA_WARNINGRIGHT	1098907666
Adas.ADAS_RIGHT_RADAR_RCTA_WARNINGLEFT	1098907668
Adas.ADAS_RIGHT_RADAR_RCTA_WARNINGRIGHT	1098907669
Adas.ADAS_RIGHT_REAR_CORNER_PARTITION_DISPLAY_SIGN	681574872
Adas.ADAS_RIGHT_REAR_MIDDLE_OBSTACLE_DISTANCE	911212592
Adas.ADAS_RIGHT_REAR_OBSTACLE_DISTANCE	911212608
Adas.ADAS_RIGHT_REAR_PARTITION_DISPLAY_SIGN	681574888
Adas.ADAS_RIGHT_REAR_THIRD_ROW_SEATBELT_UNBUCKLED_WARNING_STATUS	1335885892
Adas.ADAS_RIGHT_YAW_DISTANCE	695214112
Adas.ADAS_RPA_PARK_MODE_SELECT_SWITCH_SET	1324576794
Adas.ADAS_RPA_PARK_MODE_STATUS	749732122
Adas.ADAS_RPA_PUSH	749732008
Adas.ADAS_RPA_SELFSTUDY	487587892
Adas.ADAS_RSI_SIGNMISC	760217616
Adas.ADAS_RTCA_CONFIG	1160773640
Adas.ADAS_RTCA_SWITCH_STATE	1098907674
Adas.ADAS_RTCB_CONFIG	1160773641
Adas.ADAS_RTCB_SWITCH_STATE	1098907688
Adas.ADAS_RUSH_RED_LIGHT_WARNING_OUTPUT	878710824
Adas.ADAS_SAFETY_CIRCLE_DISPLAY_RANGE_FLAG_POSITION	681574878
Adas.ADAS_SAFETY_RESET_SET	1043333183
Adas.ADAS_SAME_LANE_VEHILCE_AHEAD_LOSE_CONTROL_WARNING_OUTPUT	878710810
Adas.ADAS_SATELLITE_COMM_MODULE_CONN_STATUS	810549260
Adas.ADAS_SATELLITE_COMM_MODULE_FLAG	810549256
Adas.ADAS_SATELLITE_COMM_MODULE_RESET_TO_FACTORY_STATUS	810549268
Adas.ADAS_SATELLITE_COMM_MODULE_RESTART_STATUS	810549264
Adas.ADAS_SATELLITE_COMM_SWITCH_SET	850530320
Adas.ADAS_SDW_GRAY_STATUS	832581690
Adas.ADAS_SDW_STATE	832573458
Adas.ADAS_SDW_STATUS_FEEDBACK	832573498
Adas.ADAS_SDW_SUPPORT	832577560
Adas.ADAS_SEAT0_SEATBELT_RESPONSE_STATUS	535842860
Adas.ADAS_SEAT1_SEATBELT_RESPONSE_STATUS	535842862
Adas.ADAS_SEAT2_SEATBELT_RESPONSE_STATUS	535842864
Adas.ADAS_SEAT3_SEATBELT_RESPONSE_STATUS	535842866
Adas.ADAS_SEAT4_SEATBELT_RESPONSE_STATUS	535842868
Adas.ADAS_SEAT5_SEATBELT_RESPONSE_STATUS	535842870
Adas.ADAS_SEAT6_SEATBELT_RESPONSE_STATUS	535842872
Adas.ADAS_SEAT7_SEATBELT_RESPONSE_STATUS	535842874
Adas.ADAS_SELECT_DEFAULT_BUS_BUTTON_SET	850530366
Adas.ADAS_SHOULDER_ASSIST_FUNCTION_CONFIGURATION	789594245
Adas.ADAS_SHOULDER_ASSIST_FUNCTON_CONFIGURATION	789594243
Adas.ADAS_SHOULDER_ASSIST_SET	850485283
Adas.ADAS_SIDESWAY_CUTTENT_SPEED	513807400
Adas.ADAS_SIDESWAY_FUNCTION_CONFIG	513807686
Adas.ADAS_SIDESWAY_INSUFFICIENT_BATTERY_EXIT_WARNING	513807679
Adas.ADAS_SIDESWAY_INSUFFICIENT_POWER_EXIT_WARNING	513807767
Adas.ADAS_SIDESWAY_OBSTACLE_BRAKE_EXIT_PROMPT_FLAG	513807421
Adas.ADAS_SIDESWAY_TRACK_COLLISION_DISABLE_PROMPT_FLAG	513807415
Adas.ADAS_SLA_OUTPUT_SPEED_LIMIT	760217632
Adas.ADAS_SLA_STATE	828375077
Adas.ADAS_SLA_STATE_1	725614605
Adas.ADAS_SLA_STATE_2	760217608
Adas.ADAS_SLA_STATE_SET	944767010
Adas.ADAS_SLR_ISLA_CONFIG	1126170650
Adas.ADAS_SLR_OUTPUT_SEPPD_LIMIT	725614624
Adas.ADAS_SLR_STATUS_5R13V	760217624
Adas.ADAS_SLR_STATUS_5R1V_HAL	725614620
Adas.ADAS_SLR_STATUS_SET	944767040
Adas.ADAS_SLW_FUNC_SWITCH_SELF_STUDY_STATE	1126170684
Adas.ADAS_SLW_FUNC_SWITCH_STATE	535834664
Adas.ADAS_SLW_FUNC_SWITCH_STATE_SET	850452531
Adas.ADAS_SMART_DRIVE_SLEEP_MODE_SELF_LEARNING	535842876
Adas.ADAS_SMART_DRIVE_SLEEP_MODE_SWITCH_REQUEST_SET	633339943
Adas.ADAS_SMART_DRIVE_SLEEP_MODE_SWITCH_STATUS	535842878
Adas.ADAS_SMART_PARKING_POPUP_CLOSE_REQUEST_SET	1324625974
Adas.ADAS_SMART_PARKING_POPUP_PARK_IN_BUTTON_STATUS	790643108
Adas.ADAS_SMART_PARKING_POPUP_RECOMMENDATION_SIGNAL	790643104
Adas.ADAS_SMART_PARKING_POPUP_START_PARKING_BUTTON_STATUS	790643106
Adas.ADAS_SMART_PARKING_SELF_LEARNING_SIGNAL	790643100
Adas.ADAS_SMART_PARKING_STATUS_FEEDBACK_SIGNAL	790643102
Adas.ADAS_SMART_PARKING_VOICE_PROMPT_SIGNAL	790643110
Adas.ADAS_SMART_SPEED_LIMIT_CONTROL	535830546
Adas.ADAS_SMART_SPEED_LIMIT_CONTROL_SET	850452504
Adas.ADAS_SOFTWARE_TYPE	516947979
Adas.ADAS_SPEED_LIMIT_ASSIST_OFFSET_KPH	535838752
Adas.ADAS_SPEED_LIMIT_ASSIST_OFFSET_KPH_SET	1139814440
Adas.ADAS_SPEED_LIMIT_ASSIST_OFFSET_MPH	535838756
Adas.ADAS_SPEED_LIMIT_ASSIST_OFFSET_MPH_SET	1139814444
Adas.ADAS_SPEED_LIMIT_SURVEILLANCE_SIGN	535826490
Adas.ADAS_START_PARKIN_BUTTON_SET	600834076
Adas.ADAS_START_PARKOUT_BUTTON_SET	600834077
Adas.ADAS_START_PARK_BUTTON_SET	600834069
Adas.ADAS_START_REMINDER_OLD_NEW_SOLUTION_CONFIGURATION_WORD	481296794
Adas.ADAS_STEERING_WHEEL_VIBRATION_WARNING_SET	834666794
Adas.ADAS_STOP_REQUEST_AVP_FUNCTION_SET	600834056
Adas.ADAS_STRAIGHT_ACCELERATION_ENABLED_STATUS_SET	1276235822
Adas.ADAS_STRAIGHT_ACCELERATION_RETEST_ENABLED_FLAG_SET	1276235824
Adas.ADAS_STRNG_WHTORG_STATE	532676620
Adas.ADAS_STRNG_WHTORG_STATE_318	830472224
Adas.ADAS_STRNG_WHTORG_VD_STATE	532676619
Adas.ADAS_STRNG_WHTORG_VD_STATE_318	830472223
Adas.ADAS_SURROUND_VIEW_CAMERA_MANUFACTURER_INFO	481296752
Adas.ADAS_SUSPENSION_ADJUSTMENT_POP_UP_PROMPT	681574871
Adas.ADAS_SVP_FUNCTION_STATUS	749732088
Adas.ADAS_SWITCH_PARKING_SPACE_TYPE_SET	1285554286
Adas.ADAS_TAUGAP_TIME_TO_5R13V	760217665
Adas.ADAS_TAUGAP_TIME_TO_5R1V	852492306
Adas.ADAS_TBA_GRAY_STATUS	832581696
Adas.ADAS_TCS_ACTIVE	304087094
Adas.ADAS_TCS_GEAR_ADJUSTMENT_FAULT_STATUS	513811670
Adas.ADAS_THIRD_ROW_LEFT_VOICE_PROMPT_REQUSET	446713904
Adas.ADAS_THIRD_ROW_RIGHT_VOICE_PROMPT_REQUSET	514871344
Adas.ADAS_TIRES_SIZE_INFO	481296760
Adas.ADAS_TIRE_BURST_FUNCTION_CONFIG_FLAG	681574604
Adas.ADAS_TJA_ICA_STATE	828375084
Adas.ADAS_TJA_ICA_STATE_hal_only	-1319108564
Adas.ADAS_TJA_ICA_SWITCH_SET	944766996
Adas.ADAS_TJP_FUNCTION_CONFIG	1126170662
Adas.ADAS_TJP_SWITCH_STATUS	327155760
Adas.ADAS_TJP_SWITCH_STATUS_SET	1324568592
Adas.ADAS_TJP_WARNING_TEXT_INFO	299892756
Adas.ADAS_TLA_CONFIG	1126170653
Adas.ADAS_TLA_LEFT_TRAFFIC_LIGHT_STATE	725614634
Adas.ADAS_TLA_LEFT_TURN_LIGHT_STATUS	760217642
Adas.ADAS_TLA_LEFT_TURN_LIGHT_TYPE	760217628
Adas.ADAS_TLA_LEFT_UTURN_LIGHT_STATUS	760217651
Adas.ADAS_TLA_RIGHT_TRAFFIC_LIGHT_STATE	725614640
Adas.ADAS_TLA_RIGHT_TURN_LIGHT_STATUS	760217648
Adas.ADAS_TLA_RIGHT_TURN_LIGHT_TYPE	760217631
Adas.ADAS_TLA_STRAIGHT_LIGHT_STATUS	760217645
Adas.ADAS_TLA_STRAIGHT_LIGHT_TYPE	760217630
Adas.ADAS_TLA_STRAIGHT_TRAFFIC_LIGHT_STATE	725614637
Adas.ADAS_TLA_SWITCH_SET	1324560410
Adas.ADAS_TLA_SWITCH_STATUS_5R13V	760217640
Adas.ADAS_TLA_SWITCH_STATUS_5R1V_HAL	725614632
Adas.ADAS_TLC_CONFIG	535834668
Adas.ADAS_TLC_SWITCH_STATUS	535834670
Adas.ADAS_TLC_SWITCH_STATUS_SET	850452538
Adas.ADAS_TOLL_GATE_PASSAGE_ANNOUNCEMENT	1329602576
Adas.ADAS_TOLL_PASSAGE_ADAS_STATUS_SIGNAL	1329602584
Adas.ADAS_TOLL_PASSAGE_FUNCTION_CONFIGURATION_SELF_LEARNING	1329602596
Adas.ADAS_TORLevel_PRIORITY	230686737
Adas.ADAS_TOR_FAULT_CODE_ID	230686760
Adas.ADAS_TRAFFIC_EFFICIENCY_PRIORITY	481296670
Adas.ADAS_TRAFFIC_EFFICIENCY_PRIORITY_SELF_LEARNING	481296668
Adas.ADAS_TRAFFIC_EFFICIENCY_PRIORITY_SET	1276235818
Adas.ADAS_TRAFFIC_LIGHT_ATTENTION_GRAY	535826478
Adas.ADAS_TRAFFIC_LIGHT_GREEN_START_REMINDER_SIGNAL	535842839
Adas.ADAS_TRAFFIC_LIMIT_SPEED_STATUS_PROMPT	1329602589
Adas.ADAS_TRAFFIC_SIGN_RECOGNITION_GRAY	535826480
Adas.ADAS_TRAGET_10_ANGULAR_VELOCITY	643838216
Adas.ADAS_TRAGET_10_DISTANCE	643838186
Adas.ADAS_TRAGET_10_HEIGHT	643838170
Adas.ADAS_TRAGET_10_ID	643838116
Adas.ADAS_TRAGET_10_LEFT_ANGLE	643838198
Adas.ADAS_TRAGET_10_RIGHT_ANGLE	643838207
Adas.ADAS_TRAGET_10_STATUS	643838120
Adas.ADAS_TRAGET_10_TYPE	643838122
Adas.ADAS_TRAGET_10_WIDTH	643838178
Adas.ADAS_TRAGET_10_X_AXIS	643838126
Adas.ADAS_TRAGET_10_X_RELATIVE_VELOCITY	643838148
Adas.ADAS_TRAGET_10_Y_AXIS	643838136
Adas.ADAS_TRAGET_10_Y_RELATIVE_VELOCITY	643838159
Adas.ADAS_TRAGET_11_ANGULAR_VELOCITY	643838324
Adas.ADAS_TRAGET_11_DISTANCE	643838294
Adas.ADAS_TRAGET_11_HEIGHT	643838278
Adas.ADAS_TRAGET_11_ID	643838224
Adas.ADAS_TRAGET_11_LEFT_ANGLE	643838306
Adas.ADAS_TRAGET_11_RIGHT_ANGLE	643838315
Adas.ADAS_TRAGET_11_STATUS	643838228
Adas.ADAS_TRAGET_11_TYPE	643838230
Adas.ADAS_TRAGET_11_WIDTH	643838286
Adas.ADAS_TRAGET_11_X_AXIS	643838234
Adas.ADAS_TRAGET_11_X_RELATIVE_VELOCITY	643838256
Adas.ADAS_TRAGET_11_Y_AXIS	643838244
Adas.ADAS_TRAGET_11_Y_RELATIVE_VELOCITY	643838267
Adas.ADAS_TRAGET_12_ANGULAR_VELOCITY	643838432
Adas.ADAS_TRAGET_12_DISTANCE	643838402
Adas.ADAS_TRAGET_12_HEIGHT	643838386
Adas.ADAS_TRAGET_12_ID	643838332
Adas.ADAS_TRAGET_12_LEFT_ANGLE	643838414
Adas.ADAS_TRAGET_12_RIGHT_ANGLE	643838423
Adas.ADAS_TRAGET_12_STATUS	643838336
Adas.ADAS_TRAGET_12_TYPE	643838338
Adas.ADAS_TRAGET_12_WIDTH	643838394
Adas.ADAS_TRAGET_12_X_AXIS	643838342
Adas.ADAS_TRAGET_12_X_RELATIVE_VELOCITY	643838364
Adas.ADAS_TRAGET_12_Y_AXIS	643838352
Adas.ADAS_TRAGET_12_Y_RELATIVE_VELOCITY	643838375
Adas.ADAS_TRAGET_1_ANGULAR_VELOCITY	643829916
Adas.ADAS_TRAGET_1_DISTANCE	643829886
Adas.ADAS_TRAGET_1_HEIGHT	643829870
Adas.ADAS_TRAGET_1_ID	643829816
Adas.ADAS_TRAGET_1_LEFT_ANGLE	643829898
Adas.ADAS_TRAGET_1_RIGHT_ANGLE	643829907
Adas.ADAS_TRAGET_1_STATUS	643829820
Adas.ADAS_TRAGET_1_TYPE	643829822
Adas.ADAS_TRAGET_1_WIDTH	643829878
Adas.ADAS_TRAGET_1_X_AXIS	643829826
Adas.ADAS_TRAGET_1_X_RELATIVE_VELOCITY	643829848
Adas.ADAS_TRAGET_1_Y_AXIS	643829836
Adas.ADAS_TRAGET_1_Y_RELATIVE_VELOCITY	643829859
Adas.ADAS_TRAGET_2_ANGULAR_VELOCITY	643830024
Adas.ADAS_TRAGET_2_DISTANCE	643829994
Adas.ADAS_TRAGET_2_HEIGHT	643829978
Adas.ADAS_TRAGET_2_ID	643829924
Adas.ADAS_TRAGET_2_LEFT_ANGLE	643830006
Adas.ADAS_TRAGET_2_RIGHT_ANGLE	643830015
Adas.ADAS_TRAGET_2_STATUS	643829928
Adas.ADAS_TRAGET_2_TYPE	643829930
Adas.ADAS_TRAGET_2_WIDTH	643829986
Adas.ADAS_TRAGET_2_X_AXIS	643829934
Adas.ADAS_TRAGET_2_X_RELATIVE_VELOCITY	643829956
Adas.ADAS_TRAGET_2_Y_AXIS	643829944
Adas.ADAS_TRAGET_2_Y_RELATIVE_VELOCITY	643829967
Adas.ADAS_TRAGET_3_ANGULAR_VELOCITY	643830132
Adas.ADAS_TRAGET_3_DISTANCE	643830102
Adas.ADAS_TRAGET_3_HEIGHT	643830086
Adas.ADAS_TRAGET_3_ID	643830032
Adas.ADAS_TRAGET_3_LEFT_ANGLE	643830114
Adas.ADAS_TRAGET_3_RIGHT_ANGLE	643830123
Adas.ADAS_TRAGET_3_STATUS	643830036
Adas.ADAS_TRAGET_3_TYPE	643830038
Adas.ADAS_TRAGET_3_WIDTH	643830094
Adas.ADAS_TRAGET_3_X_AXIS	643830042
Adas.ADAS_TRAGET_3_X_RELATIVE_VELOCITY	643830064
Adas.ADAS_TRAGET_3_Y_AXIS	643830052
Adas.ADAS_TRAGET_3_Y_RELATIVE_VELOCITY	643830075
Adas.ADAS_TRAGET_4_ANGULAR_VELOCITY	643830240
Adas.ADAS_TRAGET_4_DISTANCE	643830210
Adas.ADAS_TRAGET_4_HEIGHT	643830194
Adas.ADAS_TRAGET_4_ID	643830140
Adas.ADAS_TRAGET_4_LEFT_ANGLE	643830222
Adas.ADAS_TRAGET_4_RIGHT_ANGLE	643830231
Adas.ADAS_TRAGET_4_STATUS	643830144
Adas.ADAS_TRAGET_4_TYPE	643830146
Adas.ADAS_TRAGET_4_WIDTH	643830202
Adas.ADAS_TRAGET_4_X_AXIS	643830150
Adas.ADAS_TRAGET_4_X_RELATIVE_VELOCITY	643830172
Adas.ADAS_TRAGET_4_Y_AXIS	643830160
Adas.ADAS_TRAGET_4_Y_RELATIVE_VELOCITY	643830183
Adas.ADAS_TRAGET_5_ANGULAR_VELOCITY	643834012
Adas.ADAS_TRAGET_5_DISTANCE	643833982
Adas.ADAS_TRAGET_5_HEIGHT	643833966
Adas.ADAS_TRAGET_5_ID	643833912
Adas.ADAS_TRAGET_5_LEFT_ANGLE	643833994
Adas.ADAS_TRAGET_5_RIGHT_ANGLE	643834003
Adas.ADAS_TRAGET_5_STATUS	643833916
Adas.ADAS_TRAGET_5_TYPE	643833918
Adas.ADAS_TRAGET_5_WIDTH	643833974
Adas.ADAS_TRAGET_5_X_AXIS	643833922
Adas.ADAS_TRAGET_5_X_RELATIVE_VELOCITY	643833944
Adas.ADAS_TRAGET_5_Y_AXIS	643833932
Adas.ADAS_TRAGET_5_Y_RELATIVE_VELOCITY	643833955
Adas.ADAS_TRAGET_6_ANGULAR_VELOCITY	643834120
Adas.ADAS_TRAGET_6_DISTANCE	643834090
Adas.ADAS_TRAGET_6_HEIGHT	643834074
Adas.ADAS_TRAGET_6_ID	643834020
Adas.ADAS_TRAGET_6_LEFT_ANGLE	643834102
Adas.ADAS_TRAGET_6_RIGHT_ANGLE	643834111
Adas.ADAS_TRAGET_6_STATUS	643834024
Adas.ADAS_TRAGET_6_TYPE	643834026
Adas.ADAS_TRAGET_6_WIDTH	643834082
Adas.ADAS_TRAGET_6_X_AXIS	643834030
Adas.ADAS_TRAGET_6_X_RELATIVE_VELOCITY	643834052
Adas.ADAS_TRAGET_6_Y_AXIS	643834040
Adas.ADAS_TRAGET_6_Y_RELATIVE_VELOCITY	643834063
Adas.ADAS_TRAGET_7_ANGULAR_VELOCITY	643834228
Adas.ADAS_TRAGET_7_DISTANCE	643834198
Adas.ADAS_TRAGET_7_HEIGHT	643834182
Adas.ADAS_TRAGET_7_ID	643834128
Adas.ADAS_TRAGET_7_LEFT_ANGLE	643834210
Adas.ADAS_TRAGET_7_RIGHT_ANGLE	643834219
Adas.ADAS_TRAGET_7_STATUS	643834132
Adas.ADAS_TRAGET_7_TYPE	643834134
Adas.ADAS_TRAGET_7_WIDTH	643834190
Adas.ADAS_TRAGET_7_X_AXIS	643834138
Adas.ADAS_TRAGET_7_X_RELATIVE_VELOCITY	643834160
Adas.ADAS_TRAGET_7_Y_AXIS	643834148
Adas.ADAS_TRAGET_7_Y_RELATIVE_VELOCITY	643834171
Adas.ADAS_TRAGET_8_ANGULAR_VELOCITY	643834336
Adas.ADAS_TRAGET_8_DISTANCE	643834306
Adas.ADAS_TRAGET_8_HEIGHT	643834290
Adas.ADAS_TRAGET_8_ID	643834236
Adas.ADAS_TRAGET_8_LEFT_ANGLE	643834318
Adas.ADAS_TRAGET_8_RIGHT_ANGLE	643834327
Adas.ADAS_TRAGET_8_STATUS	643834240
Adas.ADAS_TRAGET_8_TYPE	643834242
Adas.ADAS_TRAGET_8_WIDTH	643834298
Adas.ADAS_TRAGET_8_X_AXIS	643834246
Adas.ADAS_TRAGET_8_X_RELATIVE_VELOCITY	643834268
Adas.ADAS_TRAGET_8_Y_AXIS	643834256
Adas.ADAS_TRAGET_8_Y_RELATIVE_VELOCITY	643834279
Adas.ADAS_TRAGET_9_ANGULAR_VELOCITY	643838108
Adas.ADAS_TRAGET_9_DISTANCE	643838078
Adas.ADAS_TRAGET_9_HEIGHT	643838062
Adas.ADAS_TRAGET_9_ID	643838008
Adas.ADAS_TRAGET_9_LEFT_ANGLE	643838090
Adas.ADAS_TRAGET_9_RIGHT_ANGLE	643838099
Adas.ADAS_TRAGET_9_STATUS	643838012
Adas.ADAS_TRAGET_9_TYPE	643838014
Adas.ADAS_TRAGET_9_WIDTH	643838070
Adas.ADAS_TRAGET_9_X_AXIS	643838018
Adas.ADAS_TRAGET_9_X_RELATIVE_VELOCITY	643838040
Adas.ADAS_TRAGET_9_Y_AXIS	643838028
Adas.ADAS_TRAGET_9_Y_RELATIVE_VELOCITY	643838051
Adas.ADAS_TRAVERSES_CURRENT_TRAVEL_DISTANCE	513811695
Adas.ADAS_TRAVERSE_PRESET_SPEED_GEAR_SET	924854325
Adas.ADAS_TRIGGERS_DEFAULT_PARK_SPACE_SETTING_CARD	749731928
Adas.ADAS_TSR_HIGH_TARGET_10_ABSOLUTE_VELOCITY_X	790634592
Adas.ADAS_TSR_HIGH_TARGET_10_ABSOLUTE_VELOCITY_Y	790634601
Adas.ADAS_TSR_HIGH_TARGET_10_DIRECTION	790634612
Adas.ADAS_TSR_HIGH_TARGET_10_TYPE	790634607
Adas.ADAS_TSR_HIGH_TARGET_10_X_AXIS	790634572
Adas.ADAS_TSR_HIGH_TARGET_10_Y_AXIS	790634580
Adas.ADAS_TSR_HIGH_TARGET_11_ABSOLUTE_VELOCITY_X	790634648
Adas.ADAS_TSR_HIGH_TARGET_11_ABSOLUTE_VELOCITY_Y	790634657
Adas.ADAS_TSR_HIGH_TARGET_11_DIRECTION	790634668
Adas.ADAS_TSR_HIGH_TARGET_11_TYPE	790634663
Adas.ADAS_TSR_HIGH_TARGET_11_X_AXIS	790634628
Adas.ADAS_TSR_HIGH_TARGET_11_Y_AXIS	790634636
Adas.ADAS_TSR_HIGH_TARGET_12_ABSOLUTE_VELOCITY_X	790634704
Adas.ADAS_TSR_HIGH_TARGET_12_ABSOLUTE_VELOCITY_Y	790634713
Adas.ADAS_TSR_HIGH_TARGET_12_DIRECTION	790634724
Adas.ADAS_TSR_HIGH_TARGET_12_TYPE	790634719
Adas.ADAS_TSR_HIGH_TARGET_12_X_AXIS	790634684
Adas.ADAS_TSR_HIGH_TARGET_12_Y_AXIS	790634692
Adas.ADAS_TSR_HIGH_TARGET_13_ABSOLUTE_VELOCITY_X	790634760
Adas.ADAS_TSR_HIGH_TARGET_13_ABSOLUTE_VELOCITY_Y	790634769
Adas.ADAS_TSR_HIGH_TARGET_13_DIRECTION	790634780
Adas.ADAS_TSR_HIGH_TARGET_13_TYPE	790634775
Adas.ADAS_TSR_HIGH_TARGET_13_X_AXIS	790634740
Adas.ADAS_TSR_HIGH_TARGET_13_Y_AXIS	790634748
Adas.ADAS_TSR_HIGH_TARGET_14_ABSOLUTE_VELOCITY_X	790634816
Adas.ADAS_TSR_HIGH_TARGET_14_ABSOLUTE_VELOCITY_Y	790634825
Adas.ADAS_TSR_HIGH_TARGET_14_DIRECTION	790634836
Adas.ADAS_TSR_HIGH_TARGET_14_TYPE	790634831
Adas.ADAS_TSR_HIGH_TARGET_14_X_AXIS	790634796
Adas.ADAS_TSR_HIGH_TARGET_14_Y_AXIS	790634804
Adas.ADAS_TSR_HIGH_TARGET_15_ABSOLUTE_VELOCITY_X	790634880
Adas.ADAS_TSR_HIGH_TARGET_15_ABSOLUTE_VELOCITY_Y	790634889
Adas.ADAS_TSR_HIGH_TARGET_15_DIRECTION	790634900
Adas.ADAS_TSR_HIGH_TARGET_15_TYPE	790634895
Adas.ADAS_TSR_HIGH_TARGET_15_X_AXIS	790634852
Adas.ADAS_TSR_HIGH_TARGET_15_Y_AXIS	790634868
Adas.ADAS_TSR_HIGH_TARGET_16_ABSOLUTE_VELOCITY_X	790634936
Adas.ADAS_TSR_HIGH_TARGET_16_ABSOLUTE_VELOCITY_Y	790634945
Adas.ADAS_TSR_HIGH_TARGET_16_DIRECTION	790634956
Adas.ADAS_TSR_HIGH_TARGET_16_TYPE	790634951
Adas.ADAS_TSR_HIGH_TARGET_16_X_AXIS	790634916
Adas.ADAS_TSR_HIGH_TARGET_16_Y_AXIS	790634924
Adas.ADAS_TSR_HIGH_TARGET_1_ABSOLUTE_VELOCITY_X	790630440
Adas.ADAS_TSR_HIGH_TARGET_1_ABSOLUTE_VELOCITY_Y	790630449
Adas.ADAS_TSR_HIGH_TARGET_1_DIRECTION	790630460
Adas.ADAS_TSR_HIGH_TARGET_1_TYPE	790630455
Adas.ADAS_TSR_HIGH_TARGET_1_X_AXIS	790630420
Adas.ADAS_TSR_HIGH_TARGET_1_Y_AXIS	790630428
Adas.ADAS_TSR_HIGH_TARGET_2_ABSOLUTE_VELOCITY_X	790630496
Adas.ADAS_TSR_HIGH_TARGET_2_ABSOLUTE_VELOCITY_Y	790630505
Adas.ADAS_TSR_HIGH_TARGET_2_DIRECTION	790630516
Adas.ADAS_TSR_HIGH_TARGET_2_TYPE	790630511
Adas.ADAS_TSR_HIGH_TARGET_2_X_AXIS	790630476
Adas.ADAS_TSR_HIGH_TARGET_2_Y_AXIS	790630484
Adas.ADAS_TSR_HIGH_TARGET_3_ABSOLUTE_VELOCITY_X	790630552
Adas.ADAS_TSR_HIGH_TARGET_3_ABSOLUTE_VELOCITY_Y	790630561
Adas.ADAS_TSR_HIGH_TARGET_3_DIRECTION	790630572
Adas.ADAS_TSR_HIGH_TARGET_3_TYPE	790630567
Adas.ADAS_TSR_HIGH_TARGET_3_X_AXIS	790630532
Adas.ADAS_TSR_HIGH_TARGET_3_Y_AXIS	790630540
Adas.ADAS_TSR_HIGH_TARGET_4_ABSOLUTE_VELOCITY_X	790630608
Adas.ADAS_TSR_HIGH_TARGET_4_ABSOLUTE_VELOCITY_Y	790630617
Adas.ADAS_TSR_HIGH_TARGET_4_DIRECTION	790630628
Adas.ADAS_TSR_HIGH_TARGET_4_TYPE	790630623
Adas.ADAS_TSR_HIGH_TARGET_4_X_AXIS	790630588
Adas.ADAS_TSR_HIGH_TARGET_4_Y_AXIS	790630596
Adas.ADAS_TSR_HIGH_TARGET_5_ABSOLUTE_VELOCITY_X	790630664
Adas.ADAS_TSR_HIGH_TARGET_5_ABSOLUTE_VELOCITY_Y	790630673
Adas.ADAS_TSR_HIGH_TARGET_5_DIRECTION	790630684
Adas.ADAS_TSR_HIGH_TARGET_5_TYPE	790630679
Adas.ADAS_TSR_HIGH_TARGET_5_X_AXIS	790630644
Adas.ADAS_TSR_HIGH_TARGET_5_Y_AXIS	790630652
Adas.ADAS_TSR_HIGH_TARGET_6_ABSOLUTE_VELOCITY_X	790630720
Adas.ADAS_TSR_HIGH_TARGET_6_ABSOLUTE_VELOCITY_Y	790630729
Adas.ADAS_TSR_HIGH_TARGET_6_DIRECTION	790630740
Adas.ADAS_TSR_HIGH_TARGET_6_TYPE	790630735
Adas.ADAS_TSR_HIGH_TARGET_6_X_AXIS	790630700
Adas.ADAS_TSR_HIGH_TARGET_6_Y_AXIS	790630708
Adas.ADAS_TSR_HIGH_TARGET_7_ABSOLUTE_VELOCITY_X	790630776
Adas.ADAS_TSR_HIGH_TARGET_7_ABSOLUTE_VELOCITY_Y	790630785
Adas.ADAS_TSR_HIGH_TARGET_7_DIRECTION	790630796
Adas.ADAS_TSR_HIGH_TARGET_7_TYPE	790630791
Adas.ADAS_TSR_HIGH_TARGET_7_X_AXIS	790630756
Adas.ADAS_TSR_HIGH_TARGET_7_Y_AXIS	790630764
Adas.ADAS_TSR_HIGH_TARGET_8_ABSOLUTE_VELOCITY_X	790630832
Adas.ADAS_TSR_HIGH_TARGET_8_ABSOLUTE_VELOCITY_Y	790630841
Adas.ADAS_TSR_HIGH_TARGET_8_DIRECTION	790630852
Adas.ADAS_TSR_HIGH_TARGET_8_TYPE	790630847
Adas.ADAS_TSR_HIGH_TARGET_8_X_AXIS	790630812
Adas.ADAS_TSR_HIGH_TARGET_8_Y_AXIS	790630820
Adas.ADAS_TSR_HIGH_TARGET_9_ABSOLUTE_VELOCITY_X	790634536
Adas.ADAS_TSR_HIGH_TARGET_9_ABSOLUTE_VELOCITY_Y	790634545
Adas.ADAS_TSR_HIGH_TARGET_9_DIRECTION	790634556
Adas.ADAS_TSR_HIGH_TARGET_9_TYPE	790634551
Adas.ADAS_TSR_HIGH_TARGET_9_X_AXIS	790634516
Adas.ADAS_TSR_HIGH_TARGET_9_Y_AXIS	790634524
Adas.ADAS_TSR_TARGET_STATE_01	693112859
Adas.ADAS_TSR_TARGET_STATE_02	693116955
Adas.ADAS_TSR_TARGET_STATE_03	693121051
Adas.ADAS_TSR_TARGET_STATE_04	693125147
Adas.ADAS_TSR_TARGET_STATE_LEVEL_01	693112856
Adas.ADAS_TSR_TARGET_STATE_LEVEL_02	693116952
Adas.ADAS_TSR_TARGET_STATE_LEVEL_03	693121048
Adas.ADAS_TSR_TARGET_STATE_LEVEL_04	693125144
Adas.ADAS_TSR_TARGET_TYPE_01	693112860
Adas.ADAS_TSR_TARGET_TYPE_02	693116956
Adas.ADAS_TSR_TARGET_TYPE_03	693121052
Adas.ADAS_TSR_TARGET_TYPE_04	693125148
Adas.ADAS_TSR_TARGET_X_AXIS_01	693112848
Adas.ADAS_TSR_TARGET_X_AXIS_02	693116944
Adas.ADAS_TSR_TARGET_X_AXIS_03	693121040
Adas.ADAS_TSR_TARGET_X_AXIS_04	693125136
Adas.ADAS_TSR_TARGET_X_RELATIVE_VELOCITY_01	693112872
Adas.ADAS_TSR_TARGET_X_RELATIVE_VELOCITY_02	693116968
Adas.ADAS_TSR_TARGET_X_RELATIVE_VELOCITY_03	693121064
Adas.ADAS_TSR_TARGET_X_RELATIVE_VELOCITY_04	693125160
Adas.ADAS_TSR_TARGET_Y_AXIS_01	693112880
Adas.ADAS_TSR_TARGET_Y_AXIS_02	693116976
Adas.ADAS_TSR_TARGET_Y_AXIS_03	693121072
Adas.ADAS_TSR_TARGET_Y_AXIS_04	693125168
Adas.ADAS_TSR_TARGET_Y_RELATIVE_VELOCITY_01	693112864
Adas.ADAS_TSR_TARGET_Y_RELATIVE_VELOCITY_02	693116960
Adas.ADAS_TSR_TARGET_Y_RELATIVE_VELOCITY_03	693121056
Adas.ADAS_TSR_TARGET_Y_RELATIVE_VELOCITY_04	693125152
Adas.ADAS_TURNED_ANGLE	749732032
Adas.ADAS_UE_BROADCAST_ENDING_FLAG_SET	-1442839933
Adas.ADAS_UE_BROADCAST_POSITION_SET	-1442839934
Adas.ADAS_UNLOCK_THE_WELCOME_CONFIGURATION_SIGNAL	789594252
Adas.ADAS_UNLOCK_THE_WELCOME_STATUS_SIGNAL	789594254
Adas.ADAS_UNLOCK_THE_WELCOME_SWITCH_SIGNAL_SET	850485281
Adas.ADAS_UNP_CONFIG	1126170658
Adas.ADAS_UNP_CONFIG_454	1161822224
Adas.ADAS_UNP_SWITCH_SET	1324560412
Adas.ADAS_UNP_SWITCH_STATE	700448826
Adas.ADAS_UNP_WITHIN_VALIDITY_PERIOD	1161822258
Adas.ADAS_URBAN_INTELLIGENT_NAVIGATION_ASSISTANCE_GRAY	535826454
Adas.ADAS_USER_SELECTEDE_PARKING_SPACE_SET	1324576800
Adas.ADAS_U_TURN_ESP_OFF_REQ	513811820
Adas.ADAS_U_TURN_POWER_LIMIT_VALUE	754974971
Adas.ADAS_U_TURN_SPEED_LIMIT_VALUE	754974912
Adas.ADAS_VDC_ACTIVE	304087108
Adas.ADAS_VEHICLE_DISTANCE_SET	852492309
Adas.ADAS_VEHICLE_DISTANCE_SET_2D5	760217669
Adas.ADAS_VEHICLE_LOSE_CONTROL_DISTANCE_WARNING_OUTPUT	878710840
Adas.ADAS_VEHICLE_ROTATION_RESTRICTION_WARNING_SIGN	681574879
Adas.ADAS_VOICE_BROADCAST_REQUEST_349	881889336
Adas.ADAS_VOICE_CONTROL_BROADCAST_REQUEST_35D	902848560
Adas.ADAS_VOICE_CONTROL_BROADCAST_REQUEST_363	909140016
Adas.ADAS_VOICE_PROMPT_FOR_NIGHT_DRIVING_LIGHTS	1072693263
Adas.ADAS_VOICE_PROMPT_REQUEST_FULL_STAFF	804290600
Adas.ADAS_VOICE_WARN_STATE	962592810
Adas.ADAS_VOT_ANGLE_REEQUEST	328205592
Adas.ADAS_VOT_DIRECTION_REQUEST	328205600
Adas.ADAS_VOT_INTERFACE_REQUEST	749732012
Adas.ADAS_VSETDIS_CAR_SPEED	760217656
Adas.ADAS_WAKEUP_YISIFANG_APP_KEY	1250951224
Adas.ADAS_WCC_CONFIG_WORD_FLAG	1130364944
Adas.ADAS_WHETHER_EQUIPPED_PARKING_SPACE_TO_PARKING_SPACE	481296738
Adas.ADAS_WX_ROLL_RATE	84935720
Adas.ADAS_WY_PITCH_RATE	84935784
Adas.ADAS_WZ_YAW_RATE	84935840
Adas.ADAS_X_AXIS_ACCELERATION	84935744
Adas.ADAS_Y_AXIS_ACCELERATION	84935768
Ac.AC_AIR_CONDITION_OFF_INTERFACE_HIDE_AIR_MODE_LOGO	1034945008
Ac.AC_AIR_CONDITION_WORK_MODE	1077936141
Ac.AC_AIR_QUALITY_COMPREHENSIVE_LEVEL_OUTSIDE_THE_CAR	900726805
Ac.AC_AIR_QUAL_CTRL_MENU_STATE	84724
Ac.AC_APPOINTMENT_OPEN_AC_STATUS	995098645
Ac.AC_AQS_CONFIG_FLAG	900726792
Ac.AC_AQS_LEVEL_OUTSIDE_THE_CAR	900726795
Ac.AC_ATOM_DEFOGGING_CONFIG	1320235078
Ac.AC_ATOM_DEFOGGING_PROMPT	711983126
Ac.AC_ATOM_DEFOGGING_STATUS	1320235058
Ac.AC_ATOM_DEFOGGING_STATUS_SET	1276321854
Ac.AC_AUTOMATIC_BUTTON_TURNED_OFF	1127219240
Ac.AC_AUTO_CLEAN_AIR	1301291046
Ac.AC_AUTO_CLEAN_AIR_SET	1337982992
Ac.AC_AUTO_DEHUMIDIFICATION_DEFOG_PROMPT_FLAG	1218445382
Ac.AC_AUTO_SMART_SETTING_CONFIG	1127219223
Ac.AC_CENTER_TUYERE_CLOSE_SIGNAL	618934
Ac.AC_CENTER_TUYERE_CLOSE_SIGNAL_SET	1031665
Ac.AC_CENTER_TUYERE_LEFT_RIGHT_ADJUSTMENT_SIGNAL	1269826040
Ac.AC_CENTER_TUYERE_LEFT_RIGHT_ADJUSTMENT_SIGNAL_SET	1324359744
Ac.AC_CENTER_TUYERE_SIGNAL	1269826030
Ac.AC_CENTER_TUYERE_SIGNAL_SET	1324363834
Ac.AC_CENTER_TUYERE_UP_DOWN_ADJUSTMENT_SIGNAL	1269826032
Ac.AC_CENTER_TUYERE_UP_DOWN_ADJUSTMENT_SIGNAL_SET	1324359736
Ac.AC_CMD_AC_DEFROST_5S_ONLINE	1128267776
Ac.AC_CMD_OTA_SUB_BATTERY_TEMPRATURE	1150287912
Ac.AC_CO2_CONCENTRATION_OUTSIDE_THE_CAR	900726808
Ac.AC_CO2_LEVEL_OUTSIDE_THE_CAR	900726802
Ac.AC_COCKPIT_PURIFICATION_FUNCTION_SET	850415640
Ac.AC_COCKPIT_PURIFICATION_STATUS	1258291256
Ac.AC_COMM_INFO_OF_WORK_MODE	1178603572
Ac.AC_COMPENSATION_AIR_VENT_CONTROL_SETTING_STATUS	1258291244
Ac.AC_COMPRESSOR_MANUAL_SIGN	1077936138
Ac.AC_COMPRESSOR_MODE	1077936137
Ac.AC_COMPRESSOR_MODE_SET	501219344
Ac.AC_COMPRESSOR_MODE_SET_lrse_hal_only	356519994
Ac.AC_COMPRESSOR_MODE_SET_rrse_hal_only	359665722
Ac.AC_CONTROL_LF_SEAT_HEATING	961544213
Ac.AC_CONTROL_LF_SEAT_VENTILATION	961544210
Ac.AC_CONTROL_RF_SEAT_HEATING	961544219
Ac.AC_CONTROL_RF_SEAT_VENTILATION	961544216
Ac.AC_CONTROL_RF_STEERING_WHEEL_HEATING	961544224
Ac.AC_COOL_HOT_SIGNAL_SET	1337983008
Ac.AC_COOL_HOT_SIGNAL_SET_hal_only	412123158
Ac.AC_CTRL_MODE	1077936146
Ac.AC_CTRL_MODE_SET	501219352
Ac.AC_CTRL_SOURCE_REAR_SET	1337983012
Ac.AC_CTRL_SOURCE_SET	501219349
Ac.AC_CURRENT_PERFUME_TYPE	1242562571
Ac.AC_CURRENT_PERFUME_TYPE_SET	1324556331
Ac.AC_CYCLE_MODE	1077936148
Ac.AC_CYCLE_MODE_SET	501219355
Ac.AC_CYCLE_MODE_SET_lrse_hal_only	356519996
Ac.AC_CYCLE_MODE_SET_rrse_hal_only	359665724
Ac.AC_DEFROST_FRONT_STATE	1077936150
Ac.AC_DEFROST_FRONT_STATE_SET	501219362
Ac.AC_DEFROST_REAR_CONFIG	1128267832
Ac.AC_DEFROST_REAR_STATE	1128267825
Ac.AC_DEFROST_REAR_STATE_SET	501219357
Ac.AC_DEHUMIDIFICATION_DEFOG_PROMPT_CONFIRM_SET	1324363840
Ac.AC_DEPUTY_INSTRUMENT_LEFT_TUYERE_LEFT_RIGHT_ADJUSTMENT_SIGNAL	1049624608
Ac.AC_DEPUTY_INSTRUMENT_LEFT_TUYERE_LEFT_RIGHT_ADJUSTMENT_SIGNAL_SET	1324384280
Ac.AC_DEPUTY_INSTRUMENT_LEFT_TUYERE_LEFT_RIGHT_ADJUSTMENT_SIGNAL_SET_RCS_hal_only	589361192
Ac.AC_DEPUTY_INSTRUMENT_LEFT_TUYERE_UP_DOWN_ADJUSTMENT_SIGNAL	1049624600
Ac.AC_DEPUTY_INSTRUMENT_LEFT_TUYERE_UP_DOWN_ADJUSTMENT_SIGNAL_SET	1324384272
Ac.AC_DEPUTY_INSTRUMENT_LEFT_TUYERE_UP_DOWN_ADJUSTMENT_SIGNAL_SET_RCS_hal_only	589361184
Ac.AC_DEPUTY_INSTRUMENT_REAR_LEFT_TUYERE_SWITCH_STATUS	1258291236
Ac.AC_DEPUTY_INSTRUMENT_REAR_LEFT_TUYERE_SWITCH_STATUS_SET	1324384314
Ac.AC_DEPUTY_INSTRUMENT_REAR_LEFT_TUYERE_SWITCH_STATUS_SET_RCS_hal_only	589361208
Ac.AC_DEPUTY_INSTRUMENT_REAR_RIGHT_TUYERE_SWITCH_STATUS	1258291238
Ac.AC_DEPUTY_INSTRUMENT_REAR_RIGHT_TUYERE_SWITCH_STATUS_SET	1324384316
Ac.AC_DEPUTY_INSTRUMENT_REAR_RIGHT_TUYERE_SWITCH_STATUS_SET_RCS_hal_only	589365304
Ac.AC_DEPUTY_INSTRUMENT_RIGHT_TUYERE_LEFT_RIGHT_ADJUSTMENT_SIGNAL	1049624624
Ac.AC_DEPUTY_INSTRUMENT_RIGHT_TUYERE_LEFT_RIGHT_ADJUSTMENT_SIGNAL_SET	1324384296
Ac.AC_DEPUTY_INSTRUMENT_RIGHT_TUYERE_LEFT_RIGHT_ADJUSTMENT_SIGNAL_SET_RCS_hal_only	589365288
Ac.AC_DEPUTY_INSTRUMENT_RIGHT_TUYERE_UP_DOWN_ADJUSTMENT_SIGNAL	1049624616
Ac.AC_DEPUTY_INSTRUMENT_RIGHT_TUYERE_UP_DOWN_ADJUSTMENT_SIGNAL_SET	1324384288
Ac.AC_DEPUTY_INSTRUMENT_RIGHT_TUYERE_UP_DOWN_ADJUSTMENT_SIGNAL_SET_RCS_hal_only	589365280
Ac.AC_DMS_MODE_FEEDBAEK	229638190
Ac.AC_ELECTRIC_TUYERE_VOICE_CONTROL_INSTRUCTION_MARKER_SET	1324367914
Ac.AC_ENERGY_SAVING_MODE_SETTING_FLAG	1301303365
Ac.AC_EXTREME_COOL_STATUS	680526316
Ac.AC_EXTREME_COOL_STATUS_SET	1324367926
Ac.AC_EXTREME_HEAT_STATUS	680526318
Ac.AC_EXTREME_HEAT_STATUS_SET	1324367936
Ac.AC_FAST_HAZE_REMOVE_FUNCTION_SET	1337982996
Ac.AC_FAULT_NUM_SHOWN_STATE	1077936192
Ac.AC_FIRST_PERFUME_INSTALLATION_STATUS	1242562612
Ac.AC_FOURZONE_AIR_CONDITION_CONFIG	1127219242
Ac.AC_FRAGRANCE_TIMING_CONFIG_FLAG	1242562582
Ac.AC_FRAGRANCE_TIMING_DURATION_FEEDBACK	1242562619
Ac.AC_FRAGRANCE_TIMING_DURATION_SET	1324363836
Ac.AC_FRONT_AC_CONFIG_FLAG	1127219248
Ac.AC_FRONT_AIR_OUTLET_SWITCH_BUTTON	1269825984
Ac.AC_FRONT_AIR_OUTLET_SWITCH_BUTTON_SET	1324367915
Ac.AC_FRONT_COMPENSATING_TUYERE_WORKING_MODE	680526312
Ac.AC_FRONT_COMPENSATION_AIR_VENT_CONTROL_SETTING_FLAG	1269826053
Ac.AC_FRONT_ELECTRIC_TUYERE_SELF_STUDY_MARKER	1269825980
Ac.AC_FRONT_PASSENGER_BLOWING_MODE	1060110348
Ac.AC_FRONT_PASSENGER_BLOWING_MODE_SET	1324355608
Ac.AC_HAS_AC_AUTO_MODE	-846192616
Ac.AC_HAS_AC_DEFROST	57425
Ac.AC_HAS_AC_REMOTE_CTRL	-1019215822
Ac.AC_HAS_PASS_DEFROST_BUTTON_SELF_LEARNING_FLAG	1320230968
Ac.AC_HAS_PERFUME_CONFIGURATION	1242562611
Ac.AC_HAS_REAR_SWITCH_BUTTON_SELF_LEARNING_FLAG	1320230970
Ac.AC_HAS_VENTILATION_BUTTON_SELF_LEARNING_FLAG	1320235056
Ac.AC_HEALTHY_COCKPIT_LOOP_MODE_AUTOSWITCH_FLAG	1034945006
Ac.AC_HEALTHY_COCKPIT_LOOP_MODE_AUTOSWITCH_STATUS	1258291262
Ac.AC_HEALTHY_COCKPIT_LOOP_MODE_AUTOSWITCH_STATUS_SET	850415636
Ac.AC_HIGH_TEMP_ANTIVIRUS_COUNT_DOWN	1033895992
Ac.AC_HIGH_TEMP_ANTIVIRUS_STATE	1033895988
Ac.AC_HIGH_TEMP_REMOVE_TASTE_INTERRUPT_REASON	1258291219
Ac.AC_HIGH_TEMP_REMOVE_TASTE_SET	1324367940
Ac.AC_HIGH_TEMP_REMOVE_TASTE_STATUS	1258291224
Ac.AC_HIGH_TEMP_STERILIZATION_MODE_FLAG	1127219235
Ac.AC_HUNDRED_KILO_ENERGY_PREDICT	1031798848
Ac.AC_INTELLIGENT_AC_CONFIG	1301364780
Ac.AC_INTELLIGENT_AC_CYCLE_MODE_SET	1276317718
Ac.AC_INTELLIGENT_AC_MAIN_DRIVER_ADJUSTMENT_SWITCH_SET	1276321844
Ac.AC_INTELLIGENT_AC_MAIN_DRIVER_AIR_OUTLET_LEVEL_SET	1276317740
Ac.AC_INTELLIGENT_AC_MAIN_DRIVER_AIR_OUTLET_MODE_SET	1276317720
Ac.AC_INTELLIGENT_AC_MAIN_DRIVER_TEMP_SET	1276317760
Ac.AC_INTELLIGENT_AC_MIDDLE_LEFT_ADJUSTMENT_SWITCH_SET	1276321848
Ac.AC_INTELLIGENT_AC_MIDDLE_LEFT_AIR_OUTLET_LEVEL_SET	1276317748
Ac.AC_INTELLIGENT_AC_MIDDLE_LEFT_AIR_OUTLET_MODE_SET	1276317728
Ac.AC_INTELLIGENT_AC_MIDDLE_LEFT_TEMP_SET	1276321816
Ac.AC_INTELLIGENT_AC_MIDDLE_RIGHT_ADJUSTMENT_SWITCH_SET	1276321850
Ac.AC_INTELLIGENT_AC_MIDDLE_RIGHT_AIR_OUTLET_LEVEL_SET	1276317752
Ac.AC_INTELLIGENT_AC_MIDDLE_RIGHT_AIR_OUTLET_MODE_SET	1276317732
Ac.AC_INTELLIGENT_AC_MIDDLE_RIGHT_TEMP_SET	1276321824
Ac.AC_INTELLIGENT_AC_PASSENGER_ADJUSTMENT_SWITCH_SET	1276321846
Ac.AC_INTELLIGENT_AC_PASSENGER_AIR_OUTLET_LEVEL_SET	1276317744
Ac.AC_INTELLIGENT_AC_PASSENGER_AIR_OUTLET_MODE_SET	1276317724
Ac.AC_INTELLIGENT_AC_PASSENGER_TEMP_SET	1276321808
Ac.AC_INTELLIGENT_AC_POWER	1301364782
Ac.AC_INTELLIGENT_AC_POWER_SET	1276321842
Ac.AC_INTELLIGENT_AC_PROMPT	1301364784
Ac.AC_INTELLIGENT_AC_REAR_ADJUSTMENT_SWITCH_SET	1276321852
Ac.AC_INTELLIGENT_AC_REAR_AIR_OUTLET_LEVEL_SET	1276317756
Ac.AC_INTELLIGENT_AC_REAR_AIR_OUTLET_MODE_SET	1276317736
Ac.AC_INTELLIGENT_AC_REAR_TEMP_SET	1276321832
Ac.AC_INTELLIGENT_AC_TEMP_CONVERSION_SET	1276321840
Ac.AC_INTELLIGENT_CONTROL_MODE_KEY_SIGNAL	1269825956
Ac.AC_INTELLIGENT_CONTROL_MODE_KEY_SIGNAL_SET	1324367912
Ac.AC_KEY_ACTION_STATE	1077936162
Ac.AC_LEFT_B_PILLAR_TUYERE_SWITCH_STATUS	1258291234
Ac.AC_LEFT_B_PILLAR_TUYERE_SWITCH_STATUS_SET	1324384312
Ac.AC_LEFT_B_PILLAR_TUYERE_SWITCH_STATUS_SET_RCS_hal_only	589361206
Ac.AC_LF_AC_WORK_MODE	1314914328
Ac.AC_LF_SEAT_HEATING_CONFIG	715132955
Ac.AC_LF_SEAT_HEATING_CONFIG_2E4_hal_only	775950389
Ac.AC_LF_SEAT_VENTILATION_CONFIG	715132952
Ac.AC_LF_SEAT_VENTILATION_CONFIG_2E4_hal_only	775950386
Ac.AC_LRSE_MIDDLE_LEFT_AUTOMATIC_BUTTON_SET_hal_only	356519956
Ac.AC_LRSE_MIDDLE_LEFT_SINGLE_TEMP_SWITCH_SET_hal_only	356519954
Ac.AC_LRSE_MIDDLE_LEFT_TEMP_SET_hal_only	356519960
Ac.AC_LRSE_MIDDLE_LEFT_WIND_LEVEL_SET_hal_only	356519972
Ac.AC_LRSE_MIDDLE_LEFT_WIND_MODE_SET_hal_only	356519968
Ac.AC_LRSE_MIDDLE_RIGHT_AUTOMATIC_BUTTON_SET_hal_only	356519992
Ac.AC_LRSE_MIDDLE_RIGHT_SINGLE_TEMP_SWITCH_SET_hal_only	356519958
Ac.AC_LRSE_MIDDLE_RIGHT_TEMP_SET_hal_only	356519976
Ac.AC_LRSE_MIDDLE_RIGHT_WIND_LEVEL_SET_hal_only	356519988
Ac.AC_LRSE_MIDDLE_RIGHT_WIND_MODE_SET_hal_only	356519984
Ac.AC_LRSE_MIDDLE_SWITCH_SET_hal_only	356519952
Ac.AC_LRSE_REAR_LEFT_SEAT_HEATING_LEVEL_SET_hal_only	412180540
Ac.AC_LRSE_REAR_LEFT_SEAT_HEATING_STATUS_SET_hal_only	412180526
Ac.AC_LRSE_REAR_LEFT_SEAT_VENTILATING_CONTROL_MODE_SET_hal_only	412180524
Ac.AC_LRSE_REAR_LEFT_SEAT_VENTILATING_LEVEL_SET_hal_only	412180536
Ac.AC_LRSE_REAR_LEFT_SEAT_VENTILATING_STATUS_SET_hal_only	412180522
Ac.AC_LRSE_REAR_RIGHT_SEAT_HEATING_LEVEL_SET_hal_only	412180548
Ac.AC_LRSE_REAR_RIGHT_SEAT_HEATING_STATUS_SET_hal_only	412180532
Ac.AC_LRSE_REAR_RIGHT_SEAT_VENTILATING_CONTROL_MODE_SET_hal_only	412180530
Ac.AC_LRSE_REAR_RIGHT_SEAT_VENTILATING_LEVEL_SET_hal_only	412180544
Ac.AC_LRSE_REAR_RIGHT_SEAT_VENTILATING_STATUS_SET_hal_only	412180528
Ac.AC_LR_SEAT_HEATING_CONFIG	715132963
Ac.AC_LR_SEAT_HEATING_CONFIG_349_hal_only	881860627
Ac.AC_LR_SEAT_HEATING_CONFIG_35D_hal_only	902828067
Ac.AC_LR_SEAT_VENTILATION_CONFIG	715132960
Ac.AC_LR_SEAT_VENTILATION_CONFIG_349_hal_only	881860624
Ac.AC_LR_SEAT_VENTILATION_CONFIG_35D_hal_only	902828064
Ac.AC_MAIN_DRIVER_COOL_MODE_SET	1324642320
Ac.AC_MAIN_DRIVER_HEAT_MODE_SET	1324642342
Ac.AC_MAIN_DRIVER_RIGHT_LOWER_TUYERE_LEFT_RIGHT_POSITION_SIGNAL	680526272
Ac.AC_MAIN_DRIVER_RIGHT_LOWER_TUYERE_LEFT_RIGHT_POSITION_SIGNAL_SET	850456592
Ac.AC_MAIN_DRIVER_RIGHT_LOWER_TUYERE_SWITCH	680526304
Ac.AC_MAIN_DRIVER_RIGHT_LOWER_TUYERE_SWITCH_SET	850456624
Ac.AC_MAIN_DRIVER_TOO_HOT_COLD_FLAG_SET	1324642336
Ac.AC_MAIN_DRIVER_UAV_CONTROL_MODE	1034944868
Ac.AC_MAIN_DRIVE_AIR_CONDITION_WINDLEVEL_SET	1324355600
Ac.AC_MAIN_DRIVE_BLOWS_MODE_SIGNAL_TO_PEOPLE	1269825936
Ac.AC_MAIN_DRIVE_BLOWS_MODE_SIGNAL_TO_PEOPLE_SET	1324367888
Ac.AC_MAIN_DRIVE_FREE_WIND_BUTTON_STATUS	1269825976
Ac.AC_MAIN_DRIVE_FREE_WIND_BUTTON_STATUS_SET	1324367904
Ac.AC_MAIN_DRIVE_LEFT_AND_RIGHT_SWEEP_SIGNAL	1269825946
Ac.AC_MAIN_DRIVE_LEFT_AND_RIGHT_SWEEP_SIGNAL_SET	1324367898
Ac.AC_MAIN_DRIVE_LEFT_TUYERE_LEFT_AND_RIGHT_ADJUSTMENT_SIGNAL	1269825904
Ac.AC_MAIN_DRIVE_LEFT_TUYERE_LEFT_AND_RIGHT_ADJUSTMENT_SIGNAL_SET	1324359712
Ac.AC_MAIN_DRIVE_LEFT_TUYERE_SWITCH_STATUS	1258291226
Ac.AC_MAIN_DRIVE_LEFT_TUYERE_SWITCH_STATUS_SET	1324359728
Ac.AC_MAIN_DRIVE_LEFT_TUYERE_UP_AND_DOWN_ADJUSTMENT_SIGNAL	1269825872
Ac.AC_MAIN_DRIVE_LEFT_TUYERE_UP_AND_DOWN_ADJUSTMENT_SIGNAL_SET	1324359696
Ac.AC_MAIN_DRIVE_RIGHR_TUYERE_LEFT_AND_RIGHT_ADJUSTMENT_SIGNAL_SET	1324359720
Ac.AC_MAIN_DRIVE_RIGHT_TUYERE_LEFT_AND_RIGHT_ADJUSTMENT_SIGNAL	1269825912
Ac.AC_MAIN_DRIVE_RIGHT_TUYERE_SWITCH_STATUS	1258291228
Ac.AC_MAIN_DRIVE_RIGHT_TUYERE_SWITCH_STATUS_SET	1324359730
Ac.AC_MAIN_DRIVE_RIGHT_TUYERE_UP_AND_DOWN_ADJUSTMENT_SIGNAL	1269825880
Ac.AC_MAIN_DRIVE_RIGHT_TUYERE_UP_AND_DOWN_ADJUSTMENT_SIGNAL_SET	1324359704
Ac.AC_MAIN_DRIVE_SEAT_HEATING_CONTROL_MODE	702545934
Ac.AC_MAIN_DRIVE_SEAT_HEATING_LEVEL	702545948
Ac.AC_MAIN_DRIVE_SEAT_HEATING_LEVEL_3CE_hal_only	1021313048
Ac.AC_MAIN_DRIVE_SEAT_HEATING_LEVEL_SET	1276252180
Ac.AC_MAIN_DRIVE_SEAT_HEATING_STATUS	702545932
Ac.AC_MAIN_DRIVE_SEAT_HEATING_STATUS_3CE_hal_only	1021313034
Ac.AC_MAIN_DRIVE_SEAT_HEATING_STATUS_SET	1276248084
Ac.AC_MAIN_DRIVE_SEAT_VENTILATING_CONTROL_MODE	702545930
Ac.AC_MAIN_DRIVE_SEAT_VENTILATING_CONTROL_MODE_3CE_hal_only	1021313036
Ac.AC_MAIN_DRIVE_SEAT_VENTILATING_CONTROL_MODE_SET	1276248082
Ac.AC_MAIN_DRIVE_SEAT_VENTILATING_LEVEL	702545944
Ac.AC_MAIN_DRIVE_SEAT_VENTILATING_LEVEL_3CE_hal_only	1021313044
Ac.AC_MAIN_DRIVE_SEAT_VENTILATING_LEVEL_SET	1276252176
Ac.AC_MAIN_DRIVE_SEAT_VENTILATING_STATUS	702545928
Ac.AC_MAIN_DRIVE_SEAT_VENTILATING_STATUS_3CE_hal_only	1021313032
Ac.AC_MAIN_DRIVE_SEAT_VENTILATING_STATUS_SET	1276248080
Ac.AC_MAIN_DRIVE_SIDE_TO_AVOID_BLOWING_MODE_SIGNAL_TO_PEOPLE	1269825940
Ac.AC_MAIN_DRIVE_SIDE_TO_AVOID_BLOWING_MODE_SIGNAL_TO_PEOPLE_SET	1324367892
Ac.AC_MAIN_DRIVE_SINGLE_TEMP_SWITCH_SET	1324384304
Ac.AC_MAIN_DRIVE_TUYERE_CLOSING_SIGNAL	1269825952
Ac.AC_MAIN_DRIVE_TUYERE_CLOSING_SIGNAL_SET	1324367908
Ac.AC_MAIN_DRIVE_UP_AND_DOWN_SWEEP_SIGNAL	1269825944
Ac.AC_MAIN_DRIVE_UP_AND_DOWN_SWEEP_SIGNAL_SET	1324367896
Ac.AC_MAX_COOLING_STATE	1314914324
Ac.AC_MAX_COOLING_STATE_SET	1337983004
Ac.AC_MIDDLE_LEFT_AUTOMATIC_BUTTON	1060110358
Ac.AC_MIDDLE_LEFT_AUTOMATIC_BUTTON_SET	1324355619
Ac.AC_MIDDLE_LEFT_CLOSE_BUTTON_SET	1324355654
Ac.AC_MIDDLE_LEFT_SINGLE_TEMP_SWITCH_SET	1324384308
Ac.AC_MIDDLE_LEFT_SWITCH_BUTTON	680526308
Ac.AC_MIDDLE_LEFT_TEMP	1060110376
Ac.AC_MIDDLE_LEFT_TEMP_SET	1324355624
Ac.AC_MIDDLE_LEFT_WIND_LEVEL	1060110368
Ac.AC_MIDDLE_LEFT_WIND_LEVEL_SET	1324355632
Ac.AC_MIDDLE_LEFT_WIND_MODE	1060110362
Ac.AC_MIDDLE_LEFT_WIND_MODE_SET	1324355616
Ac.AC_MIDDLE_LEFT_WORK_MODE	1060110396
Ac.AC_MIDDLE_POWER	1060110356
Ac.AC_MIDDLE_RIGHT_AUTOMATIC_BUTTON	1060110360
Ac.AC_MIDDLE_RIGHT_AUTOMATIC_BUTTON_SET	1324355648
Ac.AC_MIDDLE_RIGHT_CLOSE_BUTTON_SET	1324355655
Ac.AC_MIDDLE_RIGHT_SINGLE_TEMP_SWITCH_SET	1324384310
Ac.AC_MIDDLE_RIGHT_TEMP	1060110384
Ac.AC_MIDDLE_RIGHT_TEMP_SET	1324355640
Ac.AC_MIDDLE_RIGHT_WIND_LEVEL	1060110372
Ac.AC_MIDDLE_RIGHT_WIND_LEVEL_SET	1324355636
Ac.AC_MIDDLE_RIGHT_WIND_MODE	1060110365
Ac.AC_MIDDLE_RIGHT_WIND_MODE_SET	1324355621
Ac.AC_MIDDLE_RIGHT_WORK_MODE	1060110398
Ac.AC_MIDDLE_SWITCH_SET	1324355650
Ac.AC_ONE_KEY_NO_TRACE_AIR_CONDITIONING_CONTROL_COMMAND_SET	1324691485
Ac.AC_ONE_KEY_NO_TRACE_AIR_CONDITIONING_STATUS	588267536
Ac.AC_ONE_KEY_NO_TRACE_AIR_PURIFICATION_STATUS_SET	1262485811
Ac.AC_ONE_KEY_NO_TRACE_FRAGRANCE_CONTROL_COMMAND_SET	1324691482
Ac.AC_ONLINE_STATE	1077936128
Ac.AC_ON_GEAR_PROMPT_FLAG	1218445380
Ac.AC_PASSENGER_AUTOMATIC_AIR_CONDITION	1060110346
Ac.AC_PASSENGER_AUTOMATIC_AIR_CONDITION_SET	1324355606
Ac.AC_PASSENGER_BLOWS_MODE_SIGNAL_TO_PEOPLE	1269825938
Ac.AC_PASSENGER_BLOWS_MODE_SIGNAL_TO_PEOPLE_SET	1324367890
Ac.AC_PASSENGER_COOL_MODE_SET	1324642322
Ac.AC_PASSENGER_FREE_WIND_BUTTON_STATUS	1269825978
Ac.AC_PASSENGER_FREE_WIND_BUTTON_STATUS_SET	1324367906
Ac.AC_PASSENGER_HEAT_MODE_SET	1324642344
Ac.AC_PASSENGER_LEFT_AND_RIGHT_SWEEP_SIGNAL	1269825950
Ac.AC_PASSENGER_LEFT_AND_RIGHT_SWEEP_SIGNAL_SET	1324367902
Ac.AC_PASSENGER_LEFT_LOWER_TUYERE_LEFT_RIGHT_POSITION_SIGNAL	680526288
Ac.AC_PASSENGER_LEFT_LOWER_TUYERE_LEFT_RIGHT_POSITION_SIGNAL_SET	850456608
Ac.AC_PASSENGER_LEFT_LOWER_TUYERE_SWITCH	680526306
Ac.AC_PASSENGER_LEFT_LOWER_TUYERE_SWITCH_SET	850456626
Ac.AC_PASSENGER_LEFT_TUYERE_LEFT_AND_RIGHT_ADJUSTMENT_SIGNAL	1269825920
Ac.AC_PASSENGER_LEFT_TUYERE_LEFT_AND_RIGHT_ADJUSTMENT_SIGNAL_SET	1324363808
Ac.AC_PASSENGER_LEFT_TUYERE_SWITCH_STATUS	1258291230
Ac.AC_PASSENGER_LEFT_TUYERE_SWITCH_STATUS_SET	1324363824
Ac.AC_PASSENGER_LEFT_TUYERE_UP_AND_DOWN_ADJUSTMENT_SIGNAL	1269825888
Ac.AC_PASSENGER_LEFT_TUYERE_UP_AND_DOWN_ADJUSTMENT_SIGNAL_SET	1324363792
Ac.AC_PASSENGER_RIGHT_TUYERE_LEFT_AND_RIGHT_ADJUSTMENT_SIGNAL	1269825928
Ac.AC_PASSENGER_RIGHT_TUYERE_LEFT_AND_RIGHT_ADJUSTMENT_SIGNAL_SET	1324363816
Ac.AC_PASSENGER_RIGHT_TUYERE_SWITCH_STATUS	1258291232
Ac.AC_PASSENGER_RIGHT_TUYERE_SWITCH_STATUS_SET	1324363826
Ac.AC_PASSENGER_RIGHT_TUYERE_UP_AND_DOWN_ADJUSTMENT_SIGNAL	1269825896
Ac.AC_PASSENGER_RIGHT_TUYERE_UP_AND_DOWN_ADJUSTMENT_SIGNAL_SET	1324363800
Ac.AC_PASSENGER_SEAT_HEATING_CONTROL_MODE	711983118
Ac.AC_PASSENGER_SEAT_HEATING_LEVEL	711983132
Ac.AC_PASSENGER_SEAT_HEATING_LEVEL_3D3_hal_only	1026555928
Ac.AC_PASSENGER_SEAT_HEATING_LEVEL_SET	1276252188
Ac.AC_PASSENGER_SEAT_HEATING_STATUS	711983116
Ac.AC_PASSENGER_SEAT_HEATING_STATUS_3d3_hal_only	1026555914
Ac.AC_PASSENGER_SEAT_HEATING_STATUS_SET	1276248092
Ac.AC_PASSENGER_SEAT_VENTILATING_CONTROL_MODE	711983114
Ac.AC_PASSENGER_SEAT_VENTILATING_CONTROL_MODE_3d3_hal_only	1026555916
Ac.AC_PASSENGER_SEAT_VENTILATING_CONTROL_MODE_SET	1276248090
Ac.AC_PASSENGER_SEAT_VENTILATING_LEVEL	711983128
Ac.AC_PASSENGER_SEAT_VENTILATING_LEVEL_3D3_hal_only	1026555924
Ac.AC_PASSENGER_SEAT_VENTILATING_LEVEL_SET	1276252184
Ac.AC_PASSENGER_SEAT_VENTILATING_STATUS	711983112
Ac.AC_PASSENGER_SEAT_VENTILATING_STATUS_3D3_hal_only	1026555912
Ac.AC_PASSENGER_SEAT_VENTILATING_STATUS_SET	1276248088
Ac.AC_PASSENGER_SIDE_TO_AVOID_BLOWING_MODE_SIGNAL_TO_PEOPLE	1269825942
Ac.AC_PASSENGER_SIDE_TO_AVOID_BLOWING_MODE_SIGNAL_TO_PEOPLE_SET	1324367894
Ac.AC_PASSENGER_SINGLE_TEMP_SWITCH_SET	1324384306
Ac.AC_PASSENGER_TEMP_STATUS_SET	1324642333
Ac.AC_PASSENGER_TUYERE_CLOSING_SIGNAL	1269825954
Ac.AC_PASSENGER_TUYERE_CLOSING_SIGNAL_SET	1324367910
Ac.AC_PASSENGER_UAV_CONTROL_MODE	1034944870
Ac.AC_PASSENGER_UP_AND_DOWN_SWEEP_SIGNAL	1269825948
Ac.AC_PASSENGER_UP_AND_DOWN_SWEEP_SIGNAL_SET	1324367900
Ac.AC_PASSENGER_WINDLEVEL	1060110352
Ac.AC_PASSENGER_WINDLEVEL_SET	1324355612
Ac.AC_PERFUME_CONCENTRATION_FEEDBACK	1242562568
Ac.AC_PERFUME_WORKING_STATE_SET	1324556328
Ac.AC_POP_REQUEST_ENGINE_DIALOG	1314914320
Ac.AC_POWER_STATE	1077936144
Ac.AC_POWER_STATE_SET	501219364
Ac.AC_PROMPT_BOX_SHOWN_STATE	1077936160
Ac.AC_PTC_PREHEAT_SIGNAL	1314914342
Ac.AC_PTC_STATE	766509068
Ac.AC_PURIFICATION_FUNCTION_PEOMPT_SET	1311768591
Ac.AC_QUICK_CLEAN_AIR	1033895944
Ac.AC_QUICK_CLEAN_AIR_3DA_ONLINE	1033895936
Ac.AC_QUICK_CLEAN_AIR_443_ONLINE	1003520
Ac.AC_QUICK_CLEAN_AIR_SET	1330642960
Ac.AC_QUICK_CLEAN_AIR_TIP	1033895946
Ac.AC_QUICK_CLEAN_AIR_TIP_hal_only	1258291258
Ac.AC_QUIT_DMS_MODE	229638192
Ac.AC_QUR_ALL_STATUS	-1728053173
Ac.AC_RAPID_HEATING_CONFIG	1301291048
Ac.AC_RCS_MIDDLE_LEFT_AUTOMATIC_BUTTON_SET_hal_only	589328404
Ac.AC_RCS_MIDDLE_LEFT_SINGLE_TEMP_SWITCH_SET_hal_only	589328402
Ac.AC_RCS_MIDDLE_LEFT_TEMP_SET_hal_only	589328408
Ac.AC_RCS_MIDDLE_LEFT_WIND_LEVEL_SET_hal_only	589328420
Ac.AC_RCS_MIDDLE_LEFT_WIND_MODE_SET_hal_only	589328416
Ac.AC_RCS_MIDDLE_RIGHT_AUTOMATIC_BUTTON_SET_hal_only	589328440
Ac.AC_RCS_MIDDLE_RIGHT_SINGLE_TEMP_SWITCH_SET_hal_only	589328406
Ac.AC_RCS_MIDDLE_RIGHT_TEMP_SET_hal_only	589328424
Ac.AC_RCS_MIDDLE_RIGHT_WIND_LEVEL_SET_hal_only	589328436
Ac.AC_RCS_MIDDLE_RIGHT_WIND_MODE_SET_hal_only	589328432
Ac.AC_RCS_MIDDLE_SWITCH_SET_hal_only	589328400
Ac.AC_RCS_REAR_LEFT_SEAT_HEATING_LEVEL_SET_hal_only	589352996
Ac.AC_RCS_REAR_LEFT_SEAT_HEATING_STATUS_SET_hal_only	589352980
Ac.AC_RCS_REAR_LEFT_SEAT_VENTILATING_CONTROL_MODE_SET_hal_only	589352978
Ac.AC_RCS_REAR_LEFT_SEAT_VENTILATING_LEVEL_SET_hal_only	589352992
Ac.AC_RCS_REAR_LEFT_SEAT_VENTILATING_STATUS_SET_hal_only	589352976
Ac.AC_RCS_REAR_RIGHT_SEAT_HEATING_LEVEL_SET_hal_only	589353004
Ac.AC_RCS_REAR_RIGHT_SEAT_HEATING_STATUS_SET_hal_only	589352988
Ac.AC_RCS_REAR_RIGHT_SEAT_VENTILATING_CONTROL_MODE_SET_hal_only	589352986
Ac.AC_RCS_REAR_RIGHT_SEAT_VENTILATING_LEVEL_SET_hal_only	589353000
Ac.AC_RCS_REAR_RIGHT_SEAT_VENTILATING_STATUS_SET_hal_only	589352984
Ac.AC_REAR_AC_CONFIG_SELF_LEARNING_FLAG	1127219252
Ac.AC_REAR_CONTROL_PANEL_FLAG	1058013192
Ac.AC_REAR_COOL_HOT_SIGNAL_SET	1337983010
Ac.AC_REAR_COOL_HOT_SIGNAL_SET_hal_only	412123160
Ac.AC_REAR_CTRL_MODE	1218445326
Ac.AC_REAR_CTRL_MODE_SET	1337982990
Ac.AC_REAR_CTRL_MODE_SET_hal_only	412102698
Ac.AC_REAR_ELECTRIC_TUYERE_SELF_STUDY_MARKER	1326448676
Ac.AC_REAR_KEY_LOCK_FUNCTION	1127219218
Ac.AC_REAR_LEFT_SEAT_HEATING_CONTROL_MODE	655360014
Ac.AC_REAR_LEFT_SEAT_HEATING_LEVEL	655360044
Ac.AC_REAR_LEFT_SEAT_HEATING_LEVEL_4E2_hal_only	1310720024
Ac.AC_REAR_LEFT_SEAT_HEATING_LEVEL_SET	1276252196
Ac.AC_REAR_LEFT_SEAT_HEATING_STATUS	655360012
Ac.AC_REAR_LEFT_SEAT_HEATING_STATUS_4E2_hal_only	1310720010
Ac.AC_REAR_LEFT_SEAT_HEATING_STATUS_SET	1276248100
Ac.AC_REAR_LEFT_SEAT_VENTILATING_CONTROL_MODE	655360010
Ac.AC_REAR_LEFT_SEAT_VENTILATING_CONTROL_MODE_4E2_hal_only	1310720012
Ac.AC_REAR_LEFT_SEAT_VENTILATING_CONTROL_MODE_SET	1276248098
Ac.AC_REAR_LEFT_SEAT_VENTILATING_LEVEL	655360040
Ac.AC_REAR_LEFT_SEAT_VENTILATING_LEVEL_4E2_hal_only	1310720020
Ac.AC_REAR_LEFT_SEAT_VENTILATING_LEVEL_SET	1276252192
Ac.AC_REAR_LEFT_SEAT_VENTILATING_STATUS	655360008
Ac.AC_REAR_LEFT_SEAT_VENTILATING_STATUS_4E2_hal_only	1310720008
Ac.AC_REAR_LEFT_SEAT_VENTILATING_STATUS_SET	1276248096
Ac.AC_REAR_LOCK_STATE	1314914326
Ac.AC_REAR_LOCK_STATE_SET	1337983006
Ac.AC_REAR_MANUAL_AUTO_ADJUSTMENT_CONFIG	1127219214
Ac.AC_REAR_MAX_WIND_LEVEL	1127219220
Ac.AC_REAR_NOT_AVAILABLE_MENU	1058013195
Ac.AC_REAR_OUTLET_LEVEL_REGULATION_CONFIG	1127219208
Ac.AC_REAR_OUTLET_MODE_ADJUSTMENT_CONFIG	1127219216
Ac.AC_REAR_OUTLET_TEMP_REGULATION_CONFIG	1127219210
Ac.AC_REAR_PANEL_3F1_ONLINE	1058013184
Ac.AC_REAR_PANEL_408_ONLINE	1082130440
Ac.AC_REAR_PANEL_LOCK	1058013193
Ac.AC_REAR_PANEL_LOCK_HINT	1058013200
Ac.AC_REAR_PANEL_LOCK_SET	1337983020
Ac.AC_REAR_POWER_STATE	1218445324
Ac.AC_REAR_POWER_STATE_SET	1337982988
Ac.AC_REAR_POWER_STATE_SET_hal_only	412102696
Ac.AC_REAR_RIGHT_SEAT_HEATING_CONTROL_MODE	655360022
Ac.AC_REAR_RIGHT_SEAT_HEATING_LEVEL	655360052
Ac.AC_REAR_RIGHT_SEAT_HEATING_LEVEL_4EC_hal_only	1321205784
Ac.AC_REAR_RIGHT_SEAT_HEATING_LEVEL_SET	1276252204
Ac.AC_REAR_RIGHT_SEAT_HEATING_STATUS	655360020
Ac.AC_REAR_RIGHT_SEAT_HEATING_STATUS_4EC_hal_only	1321205770
Ac.AC_REAR_RIGHT_SEAT_HEATING_STATUS_SET	1276248108
Ac.AC_REAR_RIGHT_SEAT_VENTILATING_CONTROL_MODE	655360018
Ac.AC_REAR_RIGHT_SEAT_VENTILATING_CONTROL_MODE_4EC_hal_only	1321205772
Ac.AC_REAR_RIGHT_SEAT_VENTILATING_CONTROL_MODE_SET	1276248106
Ac.AC_REAR_RIGHT_SEAT_VENTILATING_LEVEL	655360048
Ac.AC_REAR_RIGHT_SEAT_VENTILATING_LEVEL_4EC_hal_only	1321205780
Ac.AC_REAR_RIGHT_SEAT_VENTILATING_LEVEL_SET	1276252200
Ac.AC_REAR_RIGHT_SEAT_VENTILATING_STATUS	655360016
Ac.AC_REAR_RIGHT_SEAT_VENTILATING_STATUS_4EC_hal_only	1321205768
Ac.AC_REAR_RIGHT_SEAT_VENTILATING_STATUS_SET	1276248104
Ac.AC_REAR_SWITCH_BUTTON_FUNCTION	1127219224
Ac.AC_REAR_WIND_LEVEL	1218445320
Ac.AC_REAR_WIND_LEVEL_SET	1337982984
Ac.AC_REAR_WIND_LEVEL_SET_hal_only	412102692
Ac.AC_REAR_WIND_MODE	1218445336
Ac.AC_REAR_WIND_MODE_SET	1337983000
Ac.AC_REAR_WIND_MODE_SET_hal_only	412102700
Ac.AC_REAR_WORK_MODE	1060110400
Ac.AC_REFRIGERANT_FILLING_FUNCTION_CONTROL_SET	924850224
Ac.AC_REFRIGERANT_FILLING_MODE_FLAG	1301286970
Ac.AC_REFRIGERANT_FILLING_STATUS	995098684
Ac.AC_REMOTE_CTRL_TIME	1128267826
Ac.AC_REMOTE_CTRL_TIME_SET	1307574336
Ac.AC_RESERVED_CAR_USE_TEMP_SET	924854336
Ac.AC_RESET_SET	1043333168
Ac.AC_RF_AC_WORK_MODE	1314914330
Ac.AC_RF_SEAT_HEATING_CONFIG	715132947
Ac.AC_RF_SEAT_HEATING_CONFIG_2FF_hal_only	804266037
Ac.AC_RF_SEAT_HEATING_CONFIG_41C_hal_only	1103102021
Ac.AC_RF_SEAT_VENTILATION_CONFIG	715132944
Ac.AC_RF_SEAT_VENTILATION_CONFIG_2FF_hal_only	804266034
Ac.AC_RF_SEAT_VENTILATION_CONFIG_41C_hal_only	1103102018
Ac.AC_RIGHT_B_PILLAR_TUYERE_SWITCH_STATUS	1258291240
Ac.AC_RIGHT_B_PILLAR_TUYERE_SWITCH_STATUS_SET	1324384318
Ac.AC_RIGHT_B_PILLAR_TUYERE_SWITCH_STATUS_SET_RCS_hal_only	589365302
Ac.AC_RRSE_MIDDLE_LEFT_AUTOMATIC_BUTTON_SET_hal_only	359665684
Ac.AC_RRSE_MIDDLE_LEFT_SINGLE_TEMP_SWITCH_SET_hal_only	359665682
Ac.AC_RRSE_MIDDLE_LEFT_TEMP_SET_hal_only	359665688
Ac.AC_RRSE_MIDDLE_LEFT_WIND_LEVEL_SET_hal_only	359665700
Ac.AC_RRSE_MIDDLE_LEFT_WIND_MODE_SET_hal_only	359665696
Ac.AC_RRSE_MIDDLE_RIGHT_AUTOMATIC_BUTTON_SET_hal_only	359665720
Ac.AC_RRSE_MIDDLE_RIGHT_SINGLE_TEMP_SWITCH_SET_hal_only	359665686
Ac.AC_RRSE_MIDDLE_RIGHT_TEMP_SET_hal_only	359665704
Ac.AC_RRSE_MIDDLE_RIGHT_WIND_LEVEL_SET_hal_only	359665716
Ac.AC_RRSE_MIDDLE_RIGHT_WIND_MODE_SET_hal_only	359665712
Ac.AC_RRSE_MIDDLE_SWITCH_SET_hal_only	359665680
Ac.AC_RR_SEAT_HEATING_CONFIG	715132971
Ac.AC_RR_SEAT_HEATING_CONFIG_21D_hal_only	567283755
Ac.AC_RR_SEAT_HEATING_CONFIG_349_hal_only	881860635
Ac.AC_RR_SEAT_HEATING_CONFIG_363_hal_only	909119523
Ac.AC_RR_SEAT_VENTILATION_CONFIG	715132968
Ac.AC_RR_SEAT_VENTILATION_CONFIG_21D_hal_only	567283752
Ac.AC_RR_SEAT_VENTILATION_CONFIG_349_hal_only	881860632
Ac.AC_RR_SEAT_VENTILATION_CONFIG_363_hal_only	909119520
Ac.AC_RSE_CTRL_MODE_SET	412102678
Ac.AC_RSE_CTRL_SOURCE_SET_hal_only	412123171
Ac.AC_RSE_CURRENT_PERFUME_TYPE_SET	412123155
Ac.AC_RSE_CURRENT_PERFUME_TYPE_SET_hal_only	412123168
Ac.AC_RSE_DEFROST_REAR_STATE_SET_hal_only	412184594
Ac.AC_RSE_MAX_COOLING_STATE_SET_hal_only	412184592
Ac.AC_RSE_PERFUME_WORKING_STATE_SET	412123152
Ac.AC_RSE_PERFUME_WORKING_STATE_SET_hal_only	412123163
Ac.AC_RSE_POWER_STATE_SET	412102676
Ac.AC_RSE_QUICK_CLEAN_AIR_SET_hal_only	412184598
Ac.AC_RSE_REAR_PANEL_LOCK_STATE_SET	412098622
Ac.AC_RSE_TEMP_DEPUTY_SET	412102720
Ac.AC_RSE_TEMP_MAIN_SET	412102712
Ac.AC_RSE_WIND_LEVEL_SET	412102672
Ac.AC_RSE_WIND_MODE_SET	412102688
Ac.AC_SECOND_PERFUME_INSTALLATION_STATUS	1242562614
Ac.AC_SECOND_ROW_LEFT_AVOID_BLOW_TO_PERSON_MODE_SIGNAL	1326448682
Ac.AC_SECOND_ROW_LEFT_AVOID_BLOW_TO_PERSON_MODE_SIGNAL_SET	1324380212
Ac.AC_SECOND_ROW_LEFT_AVOID_BLOW_TO_PERSON_MODE_SIGNAL_SET_RCS_hal_only	589361204
Ac.AC_SECOND_ROW_LEFT_BLOW_TO_PERSON_MODE_SIGNAL	1326448678
Ac.AC_SECOND_ROW_LEFT_BLOW_TO_PERSON_MODE_SIGNAL_SET	1324380208
Ac.AC_SECOND_ROW_LEFT_BLOW_TO_PERSON_MODE_SIGNAL_SET_RCS_hal_only	589361202
Ac.AC_SECOND_ROW_LEFT_B_PILLAR_TUYERE_LEFT_RIGHT_ADJUSTMENT_SIGNAL	1049624592
Ac.AC_SECOND_ROW_LEFT_B_PILLAR_TUYERE_LEFT_RIGHT_ADJUSTMENT_SIGNAL_SET	1324380184
Ac.AC_SECOND_ROW_LEFT_B_PILLAR_TUYERE_LEFT_RIGHT_ADJUSTMENT_SIGNAL_SET_RCS_hal_only	589361176
Ac.AC_SECOND_ROW_LEFT_B_PILLAR_TUYERE_UP_DOWN_ADJUSTMENT_SIGNAL	1049624584
Ac.AC_SECOND_ROW_LEFT_B_PILLAR_TUYERE_UP_DOWN_ADJUSTMENT_SIGNAL_SET	1324380176
Ac.AC_SECOND_ROW_LEFT_B_PILLAR_TUYERE_UP_DOWN_ADJUSTMENT_SIGNAL_SET_RCS_hal_only	589361168
Ac.AC_SECOND_ROW_LEFT_COOL_MODE_SET	1324642363
Ac.AC_SECOND_ROW_LEFT_HEAT_MODE_SET	1324642368
Ac.AC_SECOND_ROW_LEFT_SIDE_LEFT_RIGHT_SWEEP_SIGNAL	1326448688
Ac.AC_SECOND_ROW_LEFT_SIDE_LEFT_RIGHT_SWEEP_SIGNAL_SET	1324380218
Ac.AC_SECOND_ROW_LEFT_SIDE_LEFT_RIGHT_SWEEP_SIGNAL_SET_RCS_hal_only	589361200
Ac.AC_SECOND_ROW_LEFT_TEMP_STATUS_SET	1324642357
Ac.AC_SECOND_ROW_LEFT_UP_AND_DOWN_SWEEP_SIGNAL	1326448686
Ac.AC_SECOND_ROW_LEFT_UP_AND_DOWN_SWEEP_SIGNAL_SET	1324380216
Ac.AC_SECOND_ROW_LEFT_UP_AND_DOWN_SWEEP_SIGNAL_SET_RCS_hal_only	589361214
Ac.AC_SECOND_ROW_RIGHT_AVOID_BLOW_TO_PERSON_MODE_SIGNAL	1326448684
Ac.AC_SECOND_ROW_RIGHT_AVOID_BLOW_TO_PERSON_MODE_SIGNAL_SET	1324380214
Ac.AC_SECOND_ROW_RIGHT_AVOID_BLOW_TO_PERSON_MODE_SIGNAL_SET_RCS_hal_only	589365300
Ac.AC_SECOND_ROW_RIGHT_BLOW_TO_PERSON_MODE_SIGNAL	1326448680
Ac.AC_SECOND_ROW_RIGHT_BLOW_TO_PERSON_MODE_SIGNAL_SET	1324380210
Ac.AC_SECOND_ROW_RIGHT_BLOW_TO_PERSON_MODE_SIGNAL_SET_RCS_hal_only	589365298
Ac.AC_SECOND_ROW_RIGHT_B_PILLAR_TUYERE_LEFT_RIGHT_ADJUSTMENT_SIGNAL	1049624640
Ac.AC_SECOND_ROW_RIGHT_B_PILLAR_TUYERE_LEFT_RIGHT_ADJUSTMENT_SIGNAL_SET	1324380200
Ac.AC_SECOND_ROW_RIGHT_B_PILLAR_TUYERE_LEFT_RIGHT_ADJUSTMENT_SIGNAL_SET_RCS_hal_only	589365272
Ac.AC_SECOND_ROW_RIGHT_B_PILLAR_TUYERE_UP_DOWN_ADJUSTMENT_SIGNAL	1049624632
Ac.AC_SECOND_ROW_RIGHT_B_PILLAR_TUYERE_UP_DOWN_ADJUSTMENT_SIGNAL_SET	1324380192
Ac.AC_SECOND_ROW_RIGHT_B_PILLAR_TUYERE_UP_DOWN_ADJUSTMENT_SIGNAL_SET_RCS_hal_only	589365264
Ac.AC_SECOND_ROW_RIGHT_COOL_MODE_SET	1324642365
Ac.AC_SECOND_ROW_RIGHT_HEAT_MODE_SET	1324642370
Ac.AC_SECOND_ROW_RIGHT_SIDE_LEFT_RIGHT_SWEEP_SIGNAL	1326448692
Ac.AC_SECOND_ROW_RIGHT_SIDE_LEFT_RIGHT_SWEEP_SIGNAL_SET	1324380222
Ac.AC_SECOND_ROW_RIGHT_SIDE_LEFT_RIGHT_SWEEP_SIGNAL_SET_RCS_hal_only	589365296
Ac.AC_SECOND_ROW_RIGHT_TEMP_STATUS_SET	1324642360
Ac.AC_SECOND_ROW_RIGHT_UP_AND_DOWN_SWEEP_SIGNAL	1326448690
Ac.AC_SECOND_ROW_RIGHT_UP_AND_DOWN_SWEEP_SIGNAL_SET	1324380220
Ac.AC_SECOND_ROW_RIGHT_UP_AND_DOWN_SWEEP_SIGNAL_SET_RCS_hal_only	589365310
Ac.AC_SELF_LEARNING_OF_VOICE_FUZZY_INSTRUCTION_VERSION	1034944798
Ac.AC_SMART_PARTITION_CONFIGURATION	1127219244
Ac.AC_SMART_PARTITION_CONFIGURATION_SET	1324437558
Ac.AC_SMART_PARTITION_CONFIGURATION_STATUS	1301291026
Ac.AC_START_ENGINE_ITEM_SET	1337983016
Ac.AC_SYNCHRONOUS_KEY	1060110344
Ac.AC_SYNCHRONOUS_KEY_SET	1324355604
Ac.AC_TEMPCTRL_SEPARATE_STATE	1077936164
Ac.AC_TEMPCTRL_SEPARATE_STATE_SET	501219346
Ac.AC_TEMPERATURE_UNIT	1077936167
Ac.AC_TEMPERATURE_UNIT_SET	501219392
Ac.AC_TEMP_40C	1086328880
Ac.AC_TEMP_DEPUTY	1077936176
Ac.AC_TEMP_DEPUTY_SET	501219376
Ac.AC_TEMP_INSIDE	1031798832
Ac.AC_TEMP_INSIDE_FILTERING	1320181776
Ac.AC_TEMP_MAIN	1077936168
Ac.AC_TEMP_MAIN_SET	501219368
Ac.AC_TEMP_OUT	1077936184
Ac.AC_TEMP_REAR	1218445328
Ac.AC_TEMP_REAR_SET	501219384
Ac.AC_TEMP_REAR_SET_hal_only	412102704
Ac.AC_THE_FIRST_PERFUME	875606
Ac.AC_THE_FIRST_PERFUME_NAME	1242562632
Ac.AC_THE_FIRST_PERFUME_NAME_ABBR	1242562640
Ac.AC_THE_FIRST_PERFUME_NAME_ABBR_2ND	1242562656
Ac.AC_THE_FIRST_PERFUME_SURPLUS	1242562584
Ac.AC_THE_FIRST_PERFUME_SURPLUS_ALERT	1242562591
Ac.AC_THE_SECOND_PERFUME	796741
Ac.AC_THE_SECOND_PERFUME_NAME	1242562696
Ac.AC_THE_SECOND_PERFUME_NAME_ABBR	1242562704
Ac.AC_THE_SECOND_PERFUME_NAME_ABBR_2ND	1242562720
Ac.AC_THE_SECOND_PERFUME_SURPLUS	1242562592
Ac.AC_THE_SECOND_PERFUME_SURPLUS_ALERT	1242562599
Ac.AC_THE_THIRD_PERFUME	1242562620
Ac.AC_THE_THIRD_PERFUME_NAME	1242562760
Ac.AC_THE_THIRD_PERFUME_NAME_ABBR	1242562768
Ac.AC_THE_THIRD_PERFUME_NAME_ABBR_2ND	1242562784
Ac.AC_THE_THIRD_PERFUME_SURPLUS	1242562600
Ac.AC_THE_THIRD_PERFUME_SURPLUS_ALERT	1242562607
Ac.AC_THIRD_PERFUME_INSTALLATION_STATUS	1242562616
Ac.AC_THIRD_ROW_COOL_MODE_SET	1324642324
Ac.AC_THIRD_ROW_HEAT_MODE_SET	1324642348
Ac.AC_THIRD_ROW_SET_TEMPERATURE_SOFT_BUTTON_DISPLAY_LOGIC	1282408952
Ac.AC_THIRD_ROW_TOO_HOT_COLD_FLAG_SET	1324642338
Ac.AC_TIMED_WAKE_UP_REQUEST_FLAG	1178628154
Ac.AC_TUNNEL_ACCESS_MARK_SET	501219398
Ac.AC_TUNNEL_LENGTH_FORWARD_SET	1324437544
Ac.AC_TYPE	1127219228
Ac.AC_VEHICLE_AUXILIARY_HEATING_SYSTEM_COMMAND	1301291072
Ac.AC_VEHICLE_AUXILIARY_HEATING_SYSTEM_COMMAND_SET	1324359732
Ac.AC_VEHICLE_AUXILIARY_HEATING_SYSTEM_LINKAGE_FLAG	1127219263
Ac.AC_VENTILATION_STATE	1314914314
Ac.AC_VENTILATION_STATE_SET	501219394
Ac.AC_VENTILATION_STATE_SET_lrse_hal_only	356519998
Ac.AC_VENTILATION_STATE_SET_rrse_hal_only	359665726
Ac.AC_VOICE_CMD_RESULT	766509084
Ac.AC_WADING_FLOATING_MODE_AC_FORBID_PROMPT_FLAG	961544207
Ac.AC_WADING_FLOATING_MODE_AC_PROMPT	961544204
Ac.AC_WARM_STATE	1314914364
Ac.AC_WARM_STATE_SET	1337983018
Ac.AC_WARM_TYPE_FLAG	1127219232
Ac.AC_WHETHER_DMS_MODE	229638178
Ac.AC_WINDLEVEL_MANUAL_SIGN	1077936140
Ac.AC_WINDMODE_MANUAL_SIGN	1077936139
Ac.AC_WINDMODE_SHOWN_STATE	620815
Ac.AC_WIND_IS_SET_0_CONFIG	1212153876
Ac.AC_WIND_LEVEL	1077936156
Ac.AC_WIND_LEVEL_SET	501219340
Ac.AC_WIND_MODE	1077936152
Ac.AC_WIND_MODE_NUM	1127219230
Ac.AC_WIND_MODE_SET	501219336
